INSTITUTION,STATE_AB,PROGRAM DISTINCTION,ONE-SENTENCE DESCRIPTION,NAME OF PROGRAM,STRUCTURE OF THE PROGRAM (this is just expanding on the one-sentence description),DISTRIBUTION (where do the stories go?),LOOKING FORWARD (if applicable; what do they want to do that they're not doing now?),NOTABLE (if applicable; any additional notes?),PROGRAM TAGS,COLLEGE OR DEPARTMENT THAT HOUSES PROGRAM,URL,CITY,INSTITUTION TAGS,Number of student reporters in the program during 2024 calendar year,The total number of stories students published/aired during 2024 calendar year,Total number of partners program distributed stories to during 2024 calendar year,The total number of stories students published/aired during 2024 calendar year,MEDIUM,DISTRIBUTION CHANNEL,YEAR PROGRAM STARTED,FACULTY CHAMPION OR COHORT,"PARAGRAPH SUMMARY (To elaborate on ""STRUCTURE OF PROGRAM"")",The number of page views (when applicable),STATE,LON,LAT,Y,CASESTUDY,CASESTUDY2,FACTSHEET,2025 interview & impact survey status
Lehigh University,PA,"News Academic Partnership, 2024 or Earlier","This course is a partnership with Lehigh Valley public media. Students spend the first month learning basic audio production, then go on to produce pieces for the station.",Lehigh Valley Public Media Partnership,"Students spend the first month learning basic audio production, then go on to produce pieces for the station. These begin as newscast items, and as a final project student produce a feature. On a few occasions, students also wrote a corresponding text piece for LehighValleyNews.com. ",Broadcast,,,"Public Media, Part of a Class",College of Arts and Sciences; Department of Journalism & Communication,,Bethlehem,"Private, Has any Journalism program,  Population size 5-10 thousands","""In 2024, we didn't run the NPR/PBS course — I started that back up this spring, so I won't include that. If you do this again, this will be different for 2025. We've had several student stories air on WLVR radio this semester.""",N/A,N/A,N/A,Audio,Broadcast radio,,,"This course, which Matt teaches, is a partnership with Lehigh Valley public media. Students spend the first month learning basic audio production, then go on to produce pieces for the station. These start out as short packages for newscasts, and they build up to feature stories. 

Matt says, “I get them up to speed so that the stuff that they produce can have viability of publication, and so a bit more hands-on in the process here when it comes to editing and feedbacking before it goes to press.”",,Pennsylvania,,,,,,,
Northern Kentucky University,KY,"News Academic Partnership, 2024 or Earlier","In the Advanced News Media Workshop, a required course, students produce stories for LINK nky, which are published online",The Northerner and LINK nky,"In this course, students each wrote 1200 word stories focused on mental health for LINK nky, which were made available to publish online. An editor from LINK came and met with the class early in the semester to hear student ideas/pitches, and Annie worked with students on the stories as the primary editor before they were submitted. "," Online, for LINK nky   https://linknky.com/",,,"Part of a Class, Exploring/In Development",College of Informatics,https://www.thenortherner.com/,Highland Heights,"Public, Has any Journalism program, Population size 10-20 thousands",7,21,1,12,Written,Web,2024,,"The Advanced News Media Workshop is a required course for journalism majors taken by juniors and seniors. It meets twice weekly for 1 hour and 15 minutes. Code, JOU 480. In this course, students are each working on 1200 word stories focused on mental health for LINK nky, which will be published online. An editor from LINK came and met with the class early in the semester to hear student ideas/pitches, and Annie is working with students on the stories as the primary editor before they get submitted. There is also some overlap with student media. ",,Kentucky,-84.46325,39.02891,157447,NKU partners with a community news organization (2023),,"Northern Kentucky University, The Northerner and LINK nky",
Point Park University,PA,"News Academic Partnership, 2024 or Earlier","The Point Park News Service publishes student-produced content online, and the university works with them to get the content republished in local, professional outlets. There are typically about 10-15 students involved, and it's open to all university students.",Point Park News Service," Point Park News Service is embedded in an upper-level course, and it has two or three paid students who run the program. They solicit story ideas from other students, and then the students do the editing; Andy provides instruction and is available to help and answer questions. ","Content gets offered to the Pittsburgh Media Partnership, a collaboration among 33 news outlets across southwestern Pennsylvania. Alternatively, students may seek to place a story in any one news outlet.",,,Statewide or Regional Collaborative,School of Communication,https://pointparknewsservice.org/,Pittsburgh,"Private, Has any Journalism program, Population size less 5 thousands",5,12,33,67,Written,Web,,,"The Point Park News Service publishes student-produced content online. Then the university works with them to get the content republished in local, professional outlets. Andy runs this. There are typically about 5 students involved, and it's open to all the journalism students.",,Pennsylvania,-80.00143929,40.43863447,215442,Media innovation and local support at Point Park University (2023),,,
Point Park University,PA,"News Academic Partnership, 2024 or Earlier","Recent graduates, current students and interns at different Pittsburgh universities fill gaps in local reporting coordinated by a full-time staff editor.",Pittsburgh Media Partnership,"The teaching newsroom is a new initiative as of last fall (2025). They work with recent graduates and current students to fill gaps in local reporting, and they work with students who are at any of the Pittsburgh universities. This is run by a full-time staff editor, who hires two full time reporters who are recent graduates. There are also 2-3 interns each semester during the academic year, and up to 10 interns during the summer. ",The Pittsburgh Media Partnership’s 33 member newsrooms across 10 counties of southwestern Pennsylvania.,,,"Underserved Community Reporting, Exploring/In Development, Statewide or Regional Collaborative","Center for Media Innovation, School of Communication",,Pittsburgh,"Private, Has any Journalism program, Population size less 5 thousands"," “The Center for Media Innovation has a newsroom that began publishing in October of 2024, with one staff writer, two interns, and contributions from college journalists on a limited basis. The focus is to produce government accountability and enterprise reporting. Number of student reporters, 2 interns, plus one student contributor. We expect this to increase as the program was just a few months old at the end of 2024.”",22,33,64,Written,Web,2024,,"The teaching newsroom is a new initiative as of last fall. They work with recent graduates and current students to fill gaps in local reporting, and they work with students who are at any of the Pittsburgh universities. This is run by a full-time staff editor, who hires two full time reporters who are recent graduates. There are also 2-3 interns each semester during the academic year. ",,Pennsylvania,,,,,,,Complete
Texas State University,TX,"News Academic Partnership, 2024 or Earlier","In the course, students work on health data journalism projects that are published in local outets. ",Community Health News,"Professor Daniel Carter helps provide the data, and Kym Fox meets with local editors early on to help place the stories. They pick a topic for the class, and each student writes an article tackling the topic from a local angle. The students conduct some group interviews with experts, and each select their own quotes. They also do individual reporting to localize their story. The course includes peer edits. The articles all eventually get published in local newspapers around the state, generally small publications. ",local print outlets,,,Statewide or Regional Collaborative,School of Journalism and Mass Communication,https://texascommunityhealthnews.org/,San Marcos,"Public, Minority-Serving Institution, Has any Journalism program, Population size is above 20 thosands",26 students,41 stories,45 media outlets,,Written,"Web, Print",2023?,,"Texas Community Health News in the School of Journalism and Mass Communication at Texas State University. Code, MC 4386. This is a senior capstone class, with 12-20 students at a time.

Kym Fox and Daniel Carter started this program two years ago with $200,000 in funding from the Translational Research Center at Texas State University. In the course, students work on health data journalism projects.

Daniel helps provide the data, and Kym meets with local editors early on to help place the stories. They pick a topic for the class, and each student writes an article tackling the topic from a local angle. The students conduct some group interviews with experts, and each select their own quotes. They also do individual reporting to localize their story. The course includes peer edits. The articles all eventually get published in local newspapers around the state, generally small publications. The stories are all print, but one student did end up talking about her reporting on the local radio station. 
",,Texas,-97.93809351,29.88860631,228459,https://www.uvm.edu/ccn/news/students-expand-texas-community-health-news,,,Complete
University of Colorado Boulder,CO,"News Academic Partnership, 2024 or Earlier","For this capstone course, editors from three to four local news partners (typically print/online) collaborate with students and the professor to produce stories that will be published on their platforms.",News Corps,"The course is run by Chuck Plunkett, who used to be a section editor at the Denver Post. He is assisted by two others, usually a couple of his former colleagues at the Post.

The course works with three to four local news partners (typically print/online), where the editors will come into the classroom and assign stories. Students can also pitch their own ideas. Typically the first round of edits will be from the faculty member, then it will go to the editors. Almost everything produced in that class will be published with these three or four outlets.",print/online,,,"Part of a Class, Students Get Course Credit","College of Media, Communication and Information; Journalism Department",,Boulder,"Public, Population size is above 20 thosands, Has any Journalism program",no data,no data,no data,no data,Written,"Web, Print",,,"Capstone course called News Corps, required for all journalism students. Undergrads take it their senior year, MA students in their second year. It’s offered in fall and spring semesters, and meets twice a week for an hour and 15 minutes. There are roughly 40 students in the class per semester. Course code, JRNL 4572
The course is run by Chuck Plunkett, who used to be a section editor at the Denver Post. He is assisted by two others, usually a couple of his former colleagues at the Post – there are two women who have done it for years now, one was a photo editor there, one does more multimedia stories.

The course works with three to four local news partners (typically print/online), where the editors will come into the classroom and assign stories. Students can also pitch their own ideas. Typically the first round of edits will be from the faculty member, then it will go to the editors. Almost everything produced in that class will be published with these three or four outlets.

Chair Pat Ferruci says, “The idea of this entire program, and it's always been kind of the mission of the program, is to supplement local journalism while also providing students with a portfolio, like a clear, professional portfolio when they leave.”

The course is supported by an endowment.
",,Colorado,-105.2655043,40.00746903,126614,,,,Complete
University of Colorado Boulder,CO,"News Academic Partnership, 2024 or Earlier","In this course, students report on statehouse issues for local outlets.",Statehouse Reporting,,,,,"Statehouse, Students Get Course Credit, Part of a Class","College of Media, Communication and Information; Journalism Department",,Boulder,"Public, Has any Journalism program, Population size is above 20 thosands",,,,,,,,,,,Colorado,,,,,,,Complete
University of Denver,CO,"News Academic Partnership, 2024 or Earlier","A required capstone course where students make short-form documentaries and an 800-word digital story that are shared with Rocky Mountain PBS, which airs some of the final docs.",Advanced Multimedia Journalism,"This course partners with Rocky Mountain PBS, which airs some of the final docs. Kareem says, “The first day, PBS folks come and they brief the students as if they are being onboarded…. And then I take two weeks to give workshops on editing, drone videography, camera production, etc, to refresh everybody's memories, because they've already taken that in multimedia journalism. And as they are doing this, they are working also on putting together a pitch that they then present to Rocky Mountain PBS leadership, and then they can get feedback and tweak the stories accordingly. And then they start working on those projects.”

Some of the final docs make it to broadcast, and also are published on DU Media, a student media site.
",TV broadcast,,,"Public Media, Students Get Course Credit, Part of a Class","College of Arts, Humanities & Social Sciences; Department of Media, Film and Journalism Studies",https://www.youtube.com/channel/UCFvAITa-QUeNAspQJTdVxSQ,Denver,"Private, Has any Journalism program, Population size 10-20 thousands","The course is offered every other year; it was offered in spring 2025. So for academic year 2024-2025, 21 students were enrolled in the class, 9 of which had their mini-documentaries and articles featured on PBS. In 2024 no because the class that feeds PBS with that content is offered every other year. In 2023 (when the class was last offered), there were 4 mini-documentaries and articles picked up PBS on their site and app.",,1 that is Rocky Mountain PBS,,Video,"TV, YouTube",2021,,"A required capstone course where students make short-form documentaries (5-6 minutes long) and an 800-word digital story to complement the video This course partners with Rocky Mountain PBS, which airs some of the final docs. Kareem says, “The first day, PBS folks come and they brief the students as if they are being onboarded…. And then I take two weeks to give workshops on editing, drone videography, camera production, etc, to refresh everybody's memories, because they've already taken that in multimedia journalism. And as they are doing this, they are working also on putting together a pitch that they then present to Rocky Mountain PBS leadership, and then they can get feedback and tweak the stories accordingly. And then they start working on those projects.”

Some of the final docs make it to broadcast, and also are published on DU Media, a student media site. ",,Colorado,-104.9594,39.67667,127060,"How Bucket List Community Cafe unites students, universities and community in Denver (2024)",,,Complete
Delaware Valley University,PA,"News Academic Partnership, 2024 or Earlier","Students collaborate with The Bucks County Herald, Levittown Now, Newtown Now and The New Hope Free-Press to publish student photos and stories. ",N/A,"Course-based with experiential learning and internship pathways. Students work on The Full360, a student-run digital news site. The news site originated as a blog but evolved into a multimedia journalism program under faculty leadership. Students produce content for class, develop reporting skills, and engage in real-world publishing with local news outlets. Internship & freelance pathways, Students have connected with The Bucks County Herald, Levittown Now, Newtown Now and The New Hope Free-Press to publish student photos and stories. ",The Full360 and partnering publications.,,,,"School of Business, Arts and Sciences",,Doyleston,"Private, No Journalism , Population size less 5 thousands",10,5,3,5,,,,2024 Faculty Champion,"Previous survey, Course-based with experiential learning and internship pathways. Students work on The Full360, a student-run digital news site. The news site originated as a blog but evolved into a multimedia journalism program under faculty leadership. Students produce content for class, develop reporting skills, and engage in real-world publishing with local news outlets. Internship & freelance pathways, Students have connected with The Bucks County Herald, leading to published work and job opportunities. They collaborate with The Bucks County Herald to publish student photos and stories. Sony provided three digital cameras to support multimedia reporting. Seeking mentorship & training partnerships for web production, SEO, and newsroom operations, interested in bringing in industry professionals to mentor students. The contents are focuses on, Campus & community news; Environmental journalism (strong focus on conservation, sustainability, and local environmental issues); Social media and video journalism Podcasting; Business & investigative reporting.",,Pennsylvania,,,,,,,Complete
Queens University of Charlotte,NC,"News Academic Partnership, 2024 or Earlier",The Queen’s University student reporting program operates through the ‘Student Media Practicum’ course and the Queens University News Service to provide content to 12 local community news organizations.,Queens University News Service,"The Queen’s University student reporting program operates through the ‘Student Media Practicum’ course and the Queens University News Service, which provides content to 12 local community news organizations. Led by the Director of Student Media (a non-tenure-track teaching staff), the program focuses on underreported beats (religion, art, non-profits, environment, behind-the-scenes sports). Initially producing broad stories, it evolved to collaborate closely with community editors to meet specific content needs. The program also leverages cross-disciplinary collaboration with faculty in political science, sociology, biology, and other fields, enhancing content quality and student learning. Recruiting students remains a challenge.",,,,"Part of a Class, Statewide or Regional Collaborative",James L. Knight School of Communication,https://qcitymetro.com/,Charlotte,"Private, Has any Journalism program, Population size less 5 thousands, Faith-Based",,,,,,,,,"""The Queen’s University student reporting program operates through the ‘Student Media Practicum’ course and the Queens University News Service, which provides content to 12 local community news organizations. Led by the Director of Student Media (a non-tenure-track teaching staff), the program focuses on underreported beats (religion, art, non-profits, environment, behind-the-scenes sports). Initially producing broad stories, it evolved to collaborate closely with community editors to meet specific content needs. The program also leverages cross-disciplinary collaboration with faculty in political science, sociology, biology, and other fields, enhancing content quality and student learning. Recruiting students remains a challenge.""",,North Carolina,-80.83231794,35.18876188,199412,https://www.uvm.edu/ccn/news/student-reporting-highlights-religion-and-sports-charlotte-north-carolina,,,Complete
St. Edward's University,TX,"News Academic Partnership, 2024 or Earlier",Partnerships with KUT (Austin's NPR affiliate) KXAN (Austin's NBC affiliate),Journalism & Digital Media,"Courses in Journalism & Digital Media (JDM) and Digital Storytelling & Content Creation (DSCC) integrate experiential learning. Student editors, reporters, photographers, and videographers at the independent student news site are paid, as are interns working at the site. It would help enormously if more off-campus partners paid interns (we are an HSI; 30 percent of our students are first gen and many hold one, often two jobs off campus). Partnerships with KUT, KXAN, Associated Press, and AustinVida provide real-world reporting experiences for students. On and off campus, students gain professional experience in digital journalism, digital storytelling, and media production, with an emphasis on practical newsroom experience and multimedia storytelling.",Students are primarily interning with our off-campus partners for a semester and publish for those outlets. Journalists at our student run news site publish without prior review or editorial interference. All students working with off-campus newsroom partners must first complete a semester-long internship at the on-campus news site. We have found that this experience is crucial to preparing them for the expectations and standards of professional newsrooms. ,,,Public Media,"School of Arts and Humanities; Literature, Writing and Rhetoric Department",,Austin,"Private, Has any Journalism program, Faith-Based, Minority-Serving Institution, Population size less 5 thousands","The number fluxuates. Here's how it has gone so far. In 2023, we had one student at AustinVida who published 7 stories and also did 18 social media stories (compensated w/stipend raised by AustinVida's publisher), and one at KUT, who published 7 stories (paid). In 2024, we had one student at KXAN, who published 13 stories (unpaid).  This same student was then headed to AustinVida for a second off-campus internship but had to turn down the opportunity because she was offered an RA position on campus which underwrites room and board. For 2025 so far, we have one student at KXAN and one at AustinVida.",approx 13 (w/off-campus partner).,3,_No idea how to quantify this for you. I'd have to talk to contacts at the outlets or do a really random google search. Tell me how specific/accurate you need this number to be.,,,,2023 Faculty Champion,"Fro Courses in Journalism & Digital Media (JDM) and Digital Storytelling & Content Creation (DSCC) integrate experiential learning, and efforts are underway to convert student work positions into paid internships. Yes – partnerships with KUT, KXAN, Associated Press, and AustinVida provide real-world reporting experiences for students. Digital journalism, storytelling, and media production, with an emphasis on practical newsroom experience and multimedia storytelling.",,Texas,-97.75197585,30.2291838,227845,,,,Complete
Southeast Missouri State University,MO,"News Academic Partnership, 2024 or Earlier","The program operates a public-private partnership with a local newspaper, integrating professional newsroom experiences into academic training. ",The Arrow,"From a previous survey, “The Media News, Media Management, and Multimedia Storytelling courses are aligned with the student newsroom, ensuring practical content production experience. Experiential learning is a core part of the program, allowing students to apply their coursework in real-world news production. There is also a public-private partnership with a local newspaper, further blurring the lines between coursework and professional journalism training. The program operates a public-private partnership with a local newspaper, integrating professional newsroom experiences into academic training. The leadership team includes faculty and industry professionals from the partner newspaper. Dean and Provost support the initiative, recognizing its value in journalism education. The content focus is on Multiplatform journalism (Mobile, Print, Broadcast, Digital), Multimedia Storytelling, Media Management, Local & Campus News, Community Journalism.”","2000 print copies printed biweekly for campus distribution, with regular digital production via website, YouTube and Spreaker. Content shared with KRCU-FM, the local NPR affiliate, and the Southeast Missourian, a regional newspaper published 4 times weekly upon request. ",,,,Holland College of Arts and Media; Department of Mass Media,https://www.southeastarrow.com/,Cape Girardeau,"Public, Has any Journalism program,  Population size 5-10 thousands",We maintained a paid staff of 10 who were supported by volunteers and experiential learning (course enrollment) by approximately 40 students.,Approximately 300,2,69,,,,,"From a previous survey, ""The Media News, Media Management, and Multimedia Storytelling courses are aligned with the student newsroom, ensuring practical content production experience. Experiential learning is a core part of the program, allowing students to apply their coursework in real-world news production. There is also a public-private partnership with a local newspaper, further blurring the lines between coursework and professional journalism training. The program operates a public-private partnership with a local newspaper, integrating professional newsroom experiences into academic training. The leadership team includes faculty and industry professionals from the partner newspaper. Dean and Provost support the initiative, recognizing its value in journalism education. The content focus is on Multiplatform journalism (Mobile, Print, Broadcast, Digital), Multimedia Storytelling, Media Management, Local & Campus News, Community Journalism.""",,Missouri,-89.52805453,37.31500626,179557,https://www.uvm.edu/ccn/news/creating-real-world-journalism-experience-southeast-missouri-state-university,,,"Emailed, Waiting on Response"
Southeastern University,FL,"News Academic Partnership, 2024 or Earlier","This student club works with The Free Press, a completely digital platform for local and national
news to publish students’ local news stories.",NextGen Journalism Club,"A student club that works with The Free Press, a completely digital platform for local and national news to publish students’ local news stories. Time spent editing or writing counts towards students' required journalism practicum. Stories produced by students are seen by the established viewers of the Free Press. While Dr. Garvey does officially run the club, students are expected to pitch their own ideas and work together to peer edit the pieces before publication. As students gain experience, they may hold leadership positions. Dr. Garvey is the director of the club and assists the students as needed. She also works alongside Brian Burns, the editor of the Free Press. The club does not currently receive any funding.",,,,,Department of Communication,https://www.tampafp.com/,Lakeland,"Private, Has any Journalism program, Faith-Based, Population size 10-20 thousands",,,,,,,,Spanish-Language Cohort,"A student club that works with The Free Press, a completely digital platform for local and national news to publish students’ local news stories. Time spent editing or writing counts towards students' required journalism practicum. Stories produced by students are seen by the established viewers of the Free Press. While Dr. Garvey does officially run the club, students are expected to pitch their own ideas and work together to peer edit the pieces before publication. As students gain experience, they may hold leadership positions. Dr. Garvey is the director of the club and assists the students as needed. She also works alongside Brian Burns, the editor of the Free Press. The club does not currently receive any funding.",,Florida,-81.91895,28.03212,137564,https://www.uvm.edu/ccn/news/student-media-club-partners-local-digital-news-outlet,,"Southeastern University, NextGen Journalism Club","Emailed, Waiting on Response"
Temple University,PA,"News Academic Partnership, 2024 or Earlier","Students write for this online news outlet run by the school that focuses on oft-overlooked communities in the city, and the stories are available to other news outlets.",Philadephia Neighborhoods,"Students at Temple get the chance to work for Philadelphia Neighborhoods, an online news outlet run by the school that focuses on oft-overlooked communities in the city. The stories can be taken by other news outlets as long as they follow the republishing guidelines outlined on the website. About 60 students participate in the partnership per semester. Student work is edited and assigned by the director of the program. Another staff member deals with web design and publishing content. The program is university-funded with addition grant funding for special projects and breaks.",,,,Underserved Community Reporting,Klein College of Media and Communication,,Philadelphia,"Public, Has any Journalism program, Population size is above 20 thosands",,,,,,,,,"Students at Temple get the chance to work for Philadelphia Neighborhoods, an online news outlet run by the school that focuses on oft-overlooked communities in the city. The stories can be taken by other news outlets as long as they follow the republishing guidelines outlined on the website. About 60 students participate in the partnership per semester. Student work is edited and assigned by the director of the program. Another staff member deals with web design and publishing content. The program is university-funded with addition grant funding for special projects and breaks.",,Pennsylvania,-75.15748,39.98033,216339,https://www.uvm.edu/ccn/news/philadelphia-neighborhoods,,"Temple University, Philadelphia Neighborhoods","Emailed, Waiting on Response"
Temple University,PA,"News Academic Partnership, 2024 or Earlier","Students produce print stories and podcasts for a variety of local media partners. Some come out of an investigative journalism class, others are produced by students employed by the Logan Center.",The Logan Center for Urban Investigative Reporting,"Yvonne teaches the investigative journalism class, which usually has anywhere from nine to 15 students Their investigative pieces are intended for publication with local media partners; Yvonne  handles the initial edits, then shares the pieces with the outlets. She also has a data team of three students, separate from the class, who are paid for their work on investigative projects. In addition to that, there are typically 2-3 student reporters (both graduate and undergraduate) who are employed by the Logan Center to regularly produce stories for local partners. Yvonne works directly with these students, manages relationships with media partners, and fundraises to support larger projects.","Student work is produced in collaboration with local media partners including the Philadelphia Inquirer, Philadelphia Chalkbeat, the Kensington Voice, WHYY",,"**most of 2024/25 was spent working on a long project,
The six episode podcast on the MoveBombing. About 10 students worked on some aspect of the project.
https://podcasts.apple.com/us/podcast/move-untangling-the-tragedy/id1806703804","Public Media, Students Are Paid, Investigations/Watchdog, Data and/or Web Operations, Documentary or Podcast",Temple University's Klein College of Media and Communication.,https://templelogancenter.org/,Philadelphia,,10,7,4,8,,,,,,,,,,,,,,"Emailed, Waiting on Response"
University of Texas at Austin,TX,"News Academic Partnership, 2024 or Earlier",Students produce stories for univesity-run website that are shared with area media partners. ,Reporting Texas,,,,,,School of Journalism,https://www.reportingtexas.com/,Austin,"Public, Minority-Serving Institution, Has any Journalism program, Population size is above 20 thosands",,,,,,,,,,,Texas,,,,,,,"Emailed, Waiting on Response"
The University of Texas at El Paso,TX,"News Academic Partnership, 2024 or Earlier","The program has strong partnerships with professional news outlets, allowing student work to be republished and amplified. ",Borderzine,"The program is both course-based and internship-based. It includes COMM 4313 (Senior Capstone), COMM 2344 (Digital Audio and Video Production), and COMM 3313 (News Gathering and Investigation), all of which provide hands-on journalism training. Additionally, students gain internship opportunities with professional news outlets, and efforts are being made to provide stipends ($1,500–$3,000) to support students in securing internships. Yes, the program has strong partnerships with professional news outlets, allowing student work to be republished and amplified. There is also growing collaboration with other departments, such as Digital Media Production, Public Relations, and Media Advertising, to expand multimedia storytelling and revenue-generating projects. The program emphasizes news gathering, multimedia journalism, digital audio and video production, and investigative reporting. There is an ongoing effort to expand interdisciplinary participation, including potential collaborations with Political Science and Chicano Studies students.",,,,,College of Liberal Arts; Department of Communication,https://borderzine.com/,El Paso,"Public, Has any Journalism program, Minority-Serving Institution, Population size is above 20 thosands",,,,,,,,2025 Faculty Champion,"The program is both course-based and internship-based. It includes COMM 4313 (Senior Capstone), COMM 2344 (Digital Audio and Video Production), and COMM 3313 (News Gathering and Investigation), all of which provide hands-on journalism training. Additionally, students gain internship opportunities with professional news outlets, and efforts are being made to provide stipends ($1,500–$3,000) to support students in securing internships. Yes, the program has strong partnerships with professional news outlets, allowing student work to be republished and amplified. There is also growing collaboration with other departments, such as Digital Media Production, Public Relations, and Media Advertising, to expand multimedia storytelling and revenue-generating projects. The program emphasizes news gathering, multimedia journalism, digital audio and video production, and investigative reporting. There is an ongoing effort to expand interdisciplinary participation, including potential collaborations with Political Science and Chicano Studies students.",,Texas,-106.48749,31.75916,228796,https://www.uvm.edu/ccn/news/borderzine-university-texas-el-paso,,,"Emailed, Waiting on Response"
University of Louisiana at Lafayette,LA,"News Academic Partnership, 2024 or Earlier",Students publish their work on an internal student-run news site designed for community-oriented journalism which shares the content with local news outlets.,N/A,"The program is course-based, integrated into Multimedia Journalism, Data Journalism, Advanced Reporting, and Public Affairs Reporting courses. Students publish their work on an internal student-run news site designed for community-oriented journalism. Yes. The student-run site shares content with local news outlets, and local editors enthusiastically support student contributions. However, the student newspaper is separate from the journalism sequence, and greater integration between the two would be beneficial. The program emphasizes public affairs reporting, multimedia journalism, and community news. The goal is to produce publishable, high-quality journalism for local media.",,,,,College of Liberal Arts; Department of Communication,,Lafayette,"Public, Has any Journalism program, Population size 10-20 thousands",,,,,,,,2023 Faculty Champion,"The program is course-based, integrated into Multimedia Journalism, Data Journalism, Advanced Reporting, and Public Affairs Reporting courses. Students publish their work on an internal student-run news site designed for community-oriented journalism. Yes. The student-run site shares content with local news outlets, and local editors enthusiastically support student contributions. However, the student newspaper is separate from the journalism sequence, and greater integration between the two would be beneficial. The program emphasizes public affairs reporting, multimedia journalism, and community news. The goal is to produce publishable, high-quality journalism for local media.",,Louisiana,-92.01952777,30.21220422,160658,,,,
University of New Mexico-Main Campus,NM,"News Academic Partnership, 2024 or Earlier","The New Mexico News Port is a lab for publication, innovation and collaboration between student journalists and the larger local news ecosystem.",New Mexico News Port, Students in journalism classes produce content that is published on News Port and may be distributed to partners.,"""We are experimenting with distribution. In the spring of 2025 we paired News Port reporters with specific outlets for distribution of stories about state government. Plans are not set for fall 2025.""",,,,Department of Communication and Journalism,"http,//newmexiconewsport.com/",Albuquerque,"Public, Minority-Serving Institution, Has any Journalism program, Population size is above 20 thosands",30,70,4,,,,,2023 Statehouse Faculty Champion,,"""I don't have this""",New Mexico,-106.61975,35.08343,187985,https://www.uvm.edu/ccn/news/keeping-student-journalists-new-mexico,,"University of New Mexico, New Mexico News Port","Transcript Submitted, Waiting on Impact Survey"
University of Washington-Seattle Campus,WA,"News Academic Partnership, 2024 or Earlier","Each student produces two publishable stories per 10-week quarter, and the professor partners with local news organizations and publications to publish student work primarily with news outlets serving Spanish-speaking populations and local publications.",Media Diversity Course,"The program is course-based, specifically through COM 364, Media Responsibility in a Diverse Society, where students report for real-world news outlets as part of their coursework. Each student produces two publishable stories per 10-week quarter, and the course requires prerequisites to ensure students have a foundational understanding of journalism. The professor partners with local news organizations and publications to publish student work, and this model has been in place for years. The partnerships have primarily been with news outlets serving Spanish-speaking populations and local publications, but there is interest in expanding to advocacy groups, NGOs, and nonprofits to provide students with more diverse reporting opportunities. The content focus is on community and public affairs reporting; Diverse and underrepresented communities; Media responsibility and journalistic ethics; Real-world reporting that meets publication standards.",,,,,Department of Communication,https://seattlemedium.com/,Seattle,"Public, Minority-Serving Institution, Has any Journalism program, Population size is above 20 thosands",,,,,,,,,"The program is course-based, specifically through COM 364, Media Responsibility in a Diverse Society, where students report for real-world news outlets as part of their coursework. Each student produces two publishable stories per 10-week quarter, and the course requires prerequisites to ensure students have a foundational understanding of journalism. The professor partners with local news organizations and publications to publish student work, and this model has been in place for years. The partnerships have primarily been with news outlets serving Spanish-speaking populations and local publications, but there is interest in expanding to advocacy groups, NGOs, and nonprofits to provide students with more diverse reporting opportunities. The content focus is on community and public affairs reporting; Diverse and underrepresented communities; Media responsibility and journalistic ethics; Real-world reporting that meets publication standards.",,Washington,-122.3070127,47.65478882,236948,https://www.uvm.edu/ccn/news/uw-class-builds-critical-understanding-reporting-through-media-collaborations,https://www.uvm.edu/news/ccn/university-washington-journalism-program-places-students-newsrooms-olympia-and-around-world,"UW, Media Diversity Course","Emailed, Waiting on Response"
Metropolitan State University of Denver,CO,"News Academic Partnership, 2024 or Earlier","Students collaborate with the online news publication Bucket List Community Cafe in Denver alongside UC Boulder and University of Denver students, and all students must produce six articles per semester.",Broadcast Journalism within the Journalism and Media Production Department,,,,,,Department of Journalism and Media Production,https://www.msudenver.edu/journalism-media-production/,Denver,"Public, Minority-Serving Institution, Population size 10-20 thousands, Has any Journalism program",,,,,,,,,,,Colorado,-105.005891,39.745048,127565,"How Bucket List Community Cafe unites students, universities and community in Denver (2024)",,,"Emailed, Waiting on Response"
Eastern Michigan University,MI,"News Academic Partnership, 2024 or Earlier","In Radio and TV Newswriting students put together an audio story, either a 6-8 minute feature or a 3-5 minute Storycorps-style piece which is shared with WEMU, the local radio station. ",Journalism and Media Studies Program,,,,,"Public Media, Part of a Class","College of Arts & Sciences; Communication, Media & Theatre Arts",https://www.emich.edu/cmta/programs/journalism-media-studies/index.php,Ypsilanti,"Private, Has any Journalism program, Population size 10-20 thousands",,,,,Audio,Broadcast radio,,,"In Radio & TV newswriting, students learn how to write for TV and radio. For their final project, they put together an audio story, either a 6-8 minute feature or a 3-5 minute Storycorps-style piece. If their piece is high-quality, Sadaf will share it with the general manager of WEMU, the local radio station, and they may accept it to broadcast. ",,Michigan,-83.62204,42.24672,169798,,,,"Emailed, Waiting on Response"
Miami University-Ohio,OH,"News Academic Partnership, 2024 or Earlier","A required multimedia journalism course produces content for the Oxford Observer, a news site run by the university, covering local issues.",Oxford Observer,"Students write for the university created news outlet that covers the greater community and produces about twelve stories and eight briefs per week under the guidance of a faculty editor. The program does not have collaborators as it operates as an in-house media outlet. The website produces about 12 stories and 8 briefs per week. The editor of the Oxford Observer pushes the paper out to readers through social media and through email. Two faculty members are funded and supported by the university to lead the courses available to students, functioning as instructors as well as editors. Additionally, the university funds the upkeep of the website the Observer is hosted on. During breaks, faculty are paid through a grant from the Menard Family Center for Democracy. Funding comes from Miami University (upkeep of website, faculty who teach courses), Oxford Community Foundation ($50,000), and the Menard Family Center for Democracy (pays faculty members during breaks).",Online,,,"Underserved Community Reporting, Student Media","Department of Media, Journalism and Film",https://oxfordobserver.org/,Oxford,"Public, Has any Journalism program, Population size 10-20 thousands",24,"2480 included stories, videos and briefs.",2,2500,Written,Web,,,"Students write for the university created news outlet that covers the greater community and produces about twelve stories and eight briefs per week under the guidance of a faculty editor. The program does not have collaborators as it operates as an in-house media outlet. The website produces about 12 stories and 8 briefs per week. The editor of the Oxford Observer pushes the paper out to readers through social media and through email. Two faculty members are funded and supported by the university to lead the courses available to students, functioning as instructors as well as editors. Additionally, the university funds the upkeep of the website the Observer is hosted on. During breaks, faculty are paid through a grant from the Menard Family Center for Democracy. Funding comes from Miami University (upkeep of website, faculty who teach courses), Oxford Community Foundation ($50,000), and the Menard Family Center for Democracy (pays faculty members during breaks).",,Ohio,-84.73391,39.50949,204024,https://www.uvm.edu/ccn/news/miami-faculty-create-local-news-source-when-local-paper-closes,,"Miami University of Ohio, Oxford Observer","Emailed, Waiting on Response"
Northwestern State University of Louisiana,LA,"News Academic Partnership, 2024 or Earlier",NSU-TV is a student news organization that produces news stories for two local TV stations.,NSU-TV News Service," NSU-TV is essentially a student news organization that produces news stories for two local TV stations. Nick runs the program, which is sponsored by the journalism department in terms of equipment and space (not funding). There are two student leadership positions, a news director and assistant news director, and three interns and a few volunteers. They have weekly meetings and decide what to cover; sometimes the TV stations will ask them to cover something. The students pitch, write, shoot, and edit their own videos. Nick assists the process.  ","TV broadcast; to include KTBS TV, Shreveport LA, KALB TV, Alexandria LA and KTAL TV, Shreveport. Affiliates of these stations will run our stories when news affecting their areas occurs (graduations, sporting events, etc). We also now have a grant paying 1 student per semester to write news articles for the Natchitoches Times. ",,,Underserved Community Reporting,"Department of New Media, Journalism, and Communication Arts",https://purplemedianetwork.com/nsu-tv/,Natchitoches,"Public, Has any Journalism program,  Population size 5-10 thousands",between 6-10 students per semester,15 broadcast and 10 print,4 (I know we run on affiliates but am not sure of that number),22 broadcast 10 print,Video,TV,2020,2023 Faculty Champion,"NSU-TV is essentially a student news organization that produces news stories for two local TV stations. Nick runs the program, which is sponsored by the journalism department in terms of equipment and space (not funding). There are two student leadership positions, a news director and assistant news director, and three interns and a few volunteers. They have weekly meetings and decide what to cover; sometimes the TV stations will ask them to cover something. The students pitch, write, shoot, and edit their own videos. Nick assists the process. ",,Louisiana,-92.53649,31.3227,160038,https://www.uvm.edu/ccn/news/nsula-students-support-local-broadcast-coverage,,NSU - TV News Service,"Emailed, Waiting on Response"
Northwestern University,IL,"News Academic Partnership, 2024 or Earlier","In the Medill Investigative Lab, students work on in-depth investigative journalism projects, which are co-published with national and local outlets.",Medill Investigative Lab,"In the Medill Investigative Lab, students work on in-depth investigative journalism projects. Kari says, “our lab is like a team hands-on investigative project that happens over two quarters.” The lab has a different focus every year. This year, the lab is focused on police response to mental health crises in Chicago and the Alternate Response Program, where clinicians respond instead of police. The course is open to undergraduate and graduate students, and currently has eight undergraduates and nine graduates. Students work in teams of 2-6 on their stories, which are co-published with national and local outlets. ",national and local outlets,,,Part of a Class,Medill School of Journalism,N/A,Evanston,"Private, Has any Journalism program, Population size is above 20 thosands",,,,,Written,"Web, Print",,,"The Medill Investigative Lab. Course code 390 for undergrad, 490 for grad. Meets twice a week for 3 hours over two quarters. 15-20 students. 
In the Medill Investigative Lab, students work on in-depth investigative journalism projects. Kari says, “our lab is like a team hands-on investigative project that happens over two quarters.” The lab has a different focus every year. This year, the lab is focused on police response to mental health crises in Chicago and the Alternate Response Program, where clinicians respond instead of police. The course is open to undergraduate and graduate students, and currently has eight undergraduates and nine graduates. Students work in teams of 2-6 on their stories, which are co-published with national and local outlets. ",,Illinois,-89.22736346,41.3296928,154101,,,,Interview Scheduled
Ohio University-Main Campus,OH,"News Academic Partnership, 2024 or Earlier","Students produce a nightly TV newscast that airs Monday-Friday at 6,30 pm.which includes news, weather, and sports. Students also produce a handful of regular sports podcasts throughout the year.",WOUB Public Media,"“A lot of students – journalism majors, broadcast meteorology majors, media production majors, visual communication majors – they come and they volunteer,” said Atish Baidya, editor in chief of the WOUB newsroom. By “a lot,” he means upwards of two dozen. WOUB is a university licensee, and a non-academic unit of the Scripps College of Communication at Ohio University. Its television and radio broadcasts reach parts of Ohio, Kentucky, and West Virginia.Students contribute to all aspects of the multiplatform newsroom, with stories going to web, radio, and television. They produce a handful of sports podcasts, as well as NewsWatch, a nightly TV newscast. The half-hour program airs Monday through Friday, and includes news, weather, and sports. 
 Gridiron Glory – weekly 30-minute TV sports show focused on high school
football. 14-week season.
 Hardwood Heroes – weekly 30-minute TV sports show focused on high school
basketball. 8-week season.
 Weekly news podcast, The OUtlet
 Weekly sports podcast, SportsBeat
 Covers high school volleyball under the Ace Nation brand
 Covers Ohio University athletics under The Bobcat Sports Showcase brand

While students do original reporting for NewsWatch, most material comes from other sources like the AP wire and CNN news source. The majority of students volunteer their time, though some with higher levels of involvement at WOUB are paid for their work. “We like to say we are a professionally supervised, student-powered operation,” said Atish.","TV, soundcloud, youtube",,,"Independent Public Radio Housed on Campus, Public Media, Student Media, Sports",Scripps College of Communication,https://www.ohio.edu/scripps-college/schools-centers/woub,Columbus,"Public, Has any Journalism program, Population size is above 20 thosands",125 students,"""Since we are a multiplatform newsroom with stories ideally going to web, radio, and television, but not always, so story count can be a bit tricky. Looking at some data, students created approx. 500 news and sports articles for the website. Students produced 97.5 hours of television news programing during the calendar year. Students also produce at least 37.5 hours of audio programming for radio and podcast distribution.""",1,,"Audio, Video","Broadcast radio, Podcast, TV",,," Students, mostly volunteers, come in on their own time to produce a nightly TV newscast that airs Monday-Friday at 6,30 pm. It includes news, weather, and sports. The program involves 20-30 students throughout the week. Students occasionally do original reporting, but most material comes from other sources, like AP wire, CNN news source, etc. 

At the beginning of the school year, Atish does training with new students. In addition, he says that in large part the students teach each other. They are in different roles, and produce the newscast in different teams throughout the week. There is a student leader acting as supervising producer who is in charge of scheduling the producer for the day. Atish describes it this way, “Each day is like a team of students. You know, it's not like the same students every day. You’ve got a Monday crew and a Tuesday crew. And so the supervising producer schedules the producers and anchors, and the reporters whenever their stories may be going on. The sports director schedules the sports anchors, and then I got a lead weather forecaster who schedules the weather anchor for the show.""
",,Ohio,-82.09666,39.32462,204796,,,,"Transcript Submitted, Waiting on Impact Survey"
University of Central Florida,FL,"News Academic Partnership, 2024 or Earlier","Student work from class is edited and shared with the Orlando Sentinel and the local PBS affiliate. 
",Orlando Sentinel Partnership,"This past election, Rick leveraged his two-decades-long working relationship with the Orlando Sentinel to create a news partnership for his students. Working with the political editor of the Sentinel and the executive news producer at the local PBS affiliate, Rick planned workshops to prepare the students for on-the-ground multimedia reporting. 

For the election, students went in pairs to pre-selected precincts near campus and filed reports. Rick did the initial editing, then sent it to his media partners. He says some of it ended up on the front page of the next day's version of the Orlando Sentinel. ",online,,,"Part of a Class, Public Media",Nicholson School of Communication and Media,,Orlando,"Public, Minority-Serving Institution, Has any Journalism program, Population size is above 20 thosands",20 students participated in the Election Day project,"22 stories published by Orlando Sentinel; four aired by WUCF-TV ""NewsNight''",2 (Orlando Sentinel and WUCF-TV)," 26
LINKS TO THIS WORK ARE HERE,
https://www.orlandosentinel.com/2024/11/05/2024-election-live-updates-results-from-florida/

2024 election, Live updates, results from Florida
Latest election 2024 news and results, Trump wins Florida, Sen. Rick Scott re-elected, abortion and marijuana amendments fail
www.orlandosentinel.com
https://video.wucftv.org/video/republicans-solidify-their-hold-on-power-in-florida-da5nre/",Written,"Print, Web",2024,2024 Faculty Champion,"This past election, Rick leveraged his two-decades-long working relationship with the Orlando Sentinel to create a news partnership for his students. Working with the political editor of the Sentinel and the executive news producer at the local PBS affiliate, Rick planned workshops to prepare the students for on-the-ground multimedia reporting. 

For the election, students went in pairs to pre-selected precincts near campus and filed reports. Rick did the initial editing, then sent it to his media partners. He says some of it ended up on the front page of the next day's version of the Orlando Sentinel. ",,Florida,-81.206,28.59854,132903,https://uvm.edu/ccn/news/ucf-orlando-sentinel-partnership-strengthens-community-news,,"UCF, Joint Reporting Project with the Nicholson School and the Orlando Sentinel","Transcript Submitted, Waiting on Impact Survey"
University of Central Florida,FL,"News Academic Partnership, 2024 or Earlier"," In this audio journalism class, students produce a feature story as part of the Sounds of Central Florida Project, which airs on the local public media station.",The Sounds of Central Florida,"The students are teamed up in pairs, and they pitch a story idea to the news director for Central Florida Public Media. Once the news director greenlights the pitch, students get two to three weeks to produce the story. Their instructor listens first, then when the story is close to meeting the standards of the station, forwards it to the news director or assistant news director. They subsequently make a decision whether or not to air it or publish it. Either way it's graded with feedback. ",broadcast,,,"Public Media, Part of a Class",Nicholson School of Communication and Media," Link to ""Sounds of Central Florida'' project,
https://www.cfpublic.org/sounds-of-central-florida",Orlando,"Public, Minority-Serving Institution, Has any Journalism program, Population size is above 20 thosands",30,5,Stories are distributed to 13 public media radto stations in the state of Florida,5,Audio,Broadcast radio,,,"In Electronic Journalism, code RTV 3301, students produce a podcast, a wrap (newscast item), and a feature story. The feature is for “The Sounds of Central Florida” partnership with local public radio station

The students are teamed up in pairs, and they pitch a story idea to the news director for Central Florida Public Media. Once the news director greenlights the pitch, students get two to three weeks to produce the story. Their instructor listens first, then when the story is close to meeting the standards of the station, forwards it to the news director or assistant news director. They subsequently make a decision whether or not to air it or publish it. Either way it's graded with feedback. 
",,Florida,,,,,,,"Transcript Submitted, Waiting on Impact Survey"
University of Oregon,OR,"News Academic Partnership, 2024 or Earlier","Catalyst Journalism Project has helped students publish investigative and solutions-focused journalism since 2017. The project has placed over 80 students in local news organizations, including three regular partners. ",The Catalyst Journalism Project,"Brent works with students as a coach and editor on sometimes monthslong reporting projects, which he helps places in local outlets. Many of the stories come out of the course he teaches. He also pays students to go fill reporting gaps at local news partners. 

Brent highlighted the project's success in publishing stories that have won Hearst awards and other accolades, but says they would need more capacity and funding to expand the program. 
",3-4 local outlets,,,,School of Journalism and Communication,https://catalystjournalism.uoregon.edu/,Eugene,"Public, Has any Journalism program, Population size is above 20 thosands",6,25+,1,25+,Written,"Web, Print",2017,2024 Faculty Champion,"Catalyst Journalism Project has helped students publish investigative and solutions-focused journalism since 2017. The project has placed over 80 students in local news organizations, including three regular partners. Brent works with students as a coach and editor on sometimes monthslong reporting projects, which he helps places in local outlets. Many of the stories come out of the course he teaches. He also pays students to go fill reporting gaps at local news partners. 

Brent highlighted the project's success in publishing stories that have won Hearst awards and other accolades, but says they would need more capacity and funding to expand the program. ",,Oregon,-123.06994,44.04554,209551,https://www.uvm.edu/news/ccn/university-oregons-catalyst-journalism-project-produces-solutions-based-investigative,,,"Transcript Submitted, Waiting on Impact Survey"
Washington State University,WA,"News Academic Partnership, 2024 or Earlier","Upper level journalism students are matched with a local news partner, and they spend a semester (16 weeks) covering the state legislature and publishing regularly in the partner news outlet in coordination with a univesity supported editor in Olympia. ",Olympia legislative reporting internship,"This program started in 2011. One or two upper level journalism students are matched with a local news partner, and they spend a semester (16 weeks) covering the state legislature and publishing regularly in the partner news outlet. The program pays a mentor in Olympia to work part-time during the legislative session with the students on story ideas and content before it is sent to publications for final edits. The news outlets pay the students for their work, and students can also receive academic credit. Example partners include the newspaper in Spokane, the newspaper in Moses Lake, and the Washington Newspaper Publishers Association, which is a group of roughly 70 weekly smaller newspapers around the state. ",,,,"Statehouse, ""Democracy, Governance & Elections"", Students Are Paid, Students Get Course Credit, Part of a Class",Edward R. Murrow College of Communication,,Pullman,"Public, Has any Journalism program, Population size is above 20 thosands",1-2,,,,Written,"Web, Print",2011,,"One or two upper level journalism students are matched with a local news partner, and they spend a semester (16 weeks) covering the state legislature and publishing regularly in the partner news outlet. The program pays a mentor in Olympia to work part-time during the legislative session with the students on story ideas and content before it is sent to publications for final edits. 

The news outlets pay the students for their work, and students can also receive academic credit. Example partners include the newspaper in Spokane, the newspaper in Moses Lake, and the Washington Newspaper Publishers Association, which is a group of roughly 70 weekly smaller newspapers around the state. 
",,Washington,,,,,,,Complete
"University of Wisconsin, Stout",WI,"News Academic Partnership, 2024 or Earlier","The Harvey Hall News Service, funded by grants, employs two students for the academic year to produce content for local nonprofit outlets.","Harvey Hall News Service
"," The Harvey Hall News Service, funded by grants, employs 1-3 students for the academic year to produce content for local nonprofit outlets. The goal is to increase local coverage in an underserved area. Kate says, “for the past, I guess five years or so, I've sought funding in different ways to pay students to write content to kind of fill this local news hole.” Kate supports the students on story ideas and editing. ",The students share their stories directly with 3-4 nonprofit and for profit media outlets in the region. We often work directly with an outlet on stories they want covered.,,,"Students Are Paid, Underserved Community Reporting","College of Arts & Human Sciences; English, Philosophy, & Communication Studies Department",,Menomonie,"Public, Has any Journalism program,  Population size 5-10 thousands",2, I would say around 6-10.,We send content to 3 nonprofit outlets and 2 for profit outlets, I would say maybe 7-11.,Written,Print,,," The Harvey Hall News Service, funded by grants, employs two students for the academic year to produce content for local nonprofit outlets. The goal is to increase local coverage in an underserved area. Kate says, “for the past, I guess five years or so, I've sought funding in different ways to pay students to write content to kind of fill this local news hole.” Kate supports the two students on story ideas and editing. ",,Wisconsin,,,,,,,"Transcript Submitted, Waiting on Impact Survey"
Columbia College Chicago,IL,"News Academic Partnership, 2024 or Earlier","Students produce most of the stories and content for AustinTalks.org, a hyperlocal news site that showcases the diverse community of the west-side Chicago neighborhood, and earn a minimum wage or course credit.",AustinTalks,,,,,"Students Are Paid, Underserved Community Reporting, Part of a Class, Students Get Course Credit",Communication Department,"http,//austintalks.org/",Chicago,"Private, Minority-Serving Institution, Has any Journalism program,  Population size 5-10 thousands",,,,,,,,,,,Illinois,-87.62587036,41.87562293,144281,Hyperlocal news in a Chicago neighborhood (2023),Spanish-language reporting at Columbia College Chicago,,"Transcript Submitted, Waiting on Impact Survey"
Governors State University,IL,"News Academic Partnership, 2024 or Earlier",Students produce local news for partnering outlets in Chicago's southland.,Center for Community Media,"From previous survey, ""The Center for Community Media is both course-based and experiential, offering student media opportunities through a digital newspaper, an internet radio station, and a TV show. Some opportunities are tied to courses or workshops, while others allow for direct student participation. The Center partners with faculty across disciplines, such as History, English, and Political Science, to train students to report on local government meetings. There is also a retired journalist/editor supervising the student newspaper and plans to establish a City Bureau documenters site for local coverage. The content focuses on Local government reporting; Student-driven media (newspaper, radio, TV); Community media across disciplines; Audio and broadcast news writing.""",,,,,College of Arts and Sciences,https://www.govst.edu/ccm/,University Park,"Public, Minority-Serving Institution, Has any Journalism program, Population size less 5 thousands",,,,,,,,,"From previous survey, ""The Center for Community Media is both course-based and experiential, offering student media opportunities through a digital newspaper, an internet radio station, and a TV show. Some opportunities are tied to courses or workshops, while others allow for direct student participation. The Center partners with faculty across disciplines, such as History, English, and Political Science, to train students to report on local government meetings. There is also a retired journalist/editor supervising the student newspaper and plans to establish a City Bureau documenters site for local coverage. The content focuses on Local government reporting; Student-driven media (newspaper, radio, TV); Community media across disciplines; Audio and broadcast news writing.""",,Illinois,-87.71617557,41.44857711,145336,Governors State University funds investigative partnership with a Center for Community News grant (2024),,,"Transcript Submitted, Waiting on Impact Survey"
Indiana University-Bloomington,IN,"News Academic Partnership, 2024 or Earlier","The journalism program partners with USA Today/Gannett where editors consider students' reporting for publication in their papers, as well as Gray TV and other outlets where students join reporting teams doing investigative projects.",Arnolt Center for Investigative Journalism,"The journalism program often places interns at the local newspaper and local NPR affiliate. They also have a partnership with USA Today/Gannett where editors consider students' reporting for publication in their papers. The Arnolt Center for Investigative Journalism also has partnerships with Gannett, Gray TV and others where students join reporting teams doing investigative projects. Collaborators include Bloomington Herald-Times, WFIU/WTIU, USA Today/Gannett and Gray TV. Faculty help to manage student placements with various news outlets. The news organizations fund the interns. There is no funding for the USA Today/Gannet reporting partnership, and the Arnolt Center has philantropy funding to support students who work in the center.",,,,"Investigations/Watchdog, Broadcast",The Media School,https://arnoltcenter.org/,Bloomington,"Public, Minority-Serving Institution, Has any Journalism program, Population size is above 20 thosands",,,,,,,,,"The journalism program often places interns at the local newspaper and local NPR affiliate. They also have a partnership with USA Today/Gannett where editors consider students' reporting for publication in their papers. The Arnolt Center for Investigative Journalism also has partnerships with Gannett, Gray TV and others where students join reporting teams doing investigative projects. Collaborators include Bloomington Herald-Times, WFIU/WTIU, USA Today/Gannett and Gray TV. Faculty help to manage student placements with various news outlets. The news organizations fund the interns. There is no funding for the USA Today/Gannet reporting partnership, and the Arnolt Center has philantropy funding to support students who work in the center.",,Indiana,-86.526871,39.166386,151351,,,"Indiana University, Arnolt Center for Investigative Journalism","Transcript Submitted, Waiting on Impact Survey"
Ithaca College,NY,"News Academic Partnership, 2024 or Earlier","This program has a news-academic partnership with The Rochester Beacon, a nonprofit community online news site, to create a pipeline for students from Ithaca College and Rochester-area colleges to contribute to local journalism. ",N/A,"""The Mobile and Social Journalism course is course-based, with a strong focus on practical, hands-on reporting. The program encourages students to publish their work on Ithaca Week if it meets professional editorial standards. They have a news-academic partnership with The Rochester Beacon, a nonprofit community online news site. The goal is to create a pipeline for students from Ithaca College and Rochester-area colleges to contribute to local journalism. The program emphasizes mobile and social journalism, investigative reporting, and podcasting. Students gain experience in multimedia storytelling, social media reporting, and investigative journalism.""",,,,,Roy H. Park School of Communications,,South Hill,"Private, Has any Journalism program,  Population size 5-10 thousands",,,,,,,,,"""The Mobile and Social Journalism course is course-based, with a strong focus on practical, hands-on reporting. The program encourages students to publish their work on Ithaca Week if it meets professional editorial standards. They have a news-academic partnership with The Rochester Beacon, a nonprofit community online news site. The goal is to create a pipeline for students from Ithaca College and Rochester-area colleges to contribute to local journalism. The program emphasizes mobile and social journalism, investigative reporting, and podcasting. Students gain experience in multimedia storytelling, social media reporting, and investigative journalism.""",,New York,,,,,,,"Transcript Submitted, Waiting on Impact Survey"
Mercer University,GA,"News Academic Partnership, 2024 or Earlier",Students produce journalistic work for publication with media partners and the university website. ,Macon NewsRoom/Center for Collaborative Journalism,"The Civic & Community Journalism course is course-based but strongly oriented toward real- world publication. Students produce journalistic work for publication with media partners and the university website. The Center for Collaborative Journalism also facilitates student projects that impact local governance and public transparency. The Center for Collaborative Journalism operates with three external media partners, ensuring that student work is professionally published. Additionally, the university regularly features student and alumni journalism in its marketing and outreach materials. The content focus? Is on Civic & community journalism; Investigative and solutions-based reporting; Local government transparency and accountability; Public affairs reporting with real-world impact.",,,,,College of Liberal Arts and Sciences; Department of Journalism and Media Studies,https://macon-newsroom.com/,Macon,"Private, Has any Journalism program, Faith-Based,  Population size 5-10 thousands",,,,,,,,,"The Civic & Community Journalism course is course-based but strongly oriented toward real- world publication. Students produce journalistic work for publication with media partners and the university website. The Center for Collaborative Journalism also facilitates student projects that impact local governance and public transparency. The Center for Collaborative Journalism operates with three external media partners, ensuring that student work is professionally published. Additionally, the university regularly features student and alumni journalism in its marketing and outreach materials. The content focus? Is on Civic & community journalism; Investigative and solutions-based reporting; Local government transparency and accountability; Public affairs reporting with real-world impact.",,Georgia,-83.64818,32.83161,140447,https://www.uvm.edu/ccn/news/collaborative-journalism-center-mercer-university,,"Mercer University, Center for Collaborative Journalism","Emailed, Waiting on Response"
Simpson College,IA,"News Academic Partnership, 2024 or Earlier",Senior journalism capstone students work with Investigate Midwest on public affairs journalism projects that are eligible for publication at the site.,Senior Reporting Capstone,Senior journalism capstone students work with Investigate Midwest on public affairs journalism projects that are eligible of publication at the site. Faculty teach the course and assist students.,,,,"Investigations/Watchdog, Part of a Class, Students Get Course Credit",Department of Multi-Media Communication,https://simpson.edu/academics/departments/department-multimedia-communication,Indianola,"Private, Has any Journalism program, Population size less 5 thousands",,,,,,,,,"Senior journalism capstone students work with
Investigate Midwest on public affairs journalism
projects that are eligible of publication at the site. Faculty teach the course and assist students.",,Iowa,-93.565,41.36541,154350,,,"Simpson College, Senior Reporting Capstone","Emailed, Waiting on Response"
University of Connecticut,CT,"News Academic Partnership, 2024 or Earlier","Through the statewide Connecticut Student Journalism Collaborative (CTSJC), students submit stories that are shared across the state to fill the gaps in local coverage.",Connecticut Student Journalism Collaborative,,,,,Statewide or Regional Collaborative,"Department of Journalism, College of Liberal Arts & Sciences",https://ctcommunitynews.org/,Storrs,"Public, Minority-Serving Institution, Has any Journalism program, Population size is above 20 thosands",,,,,,,,2024 Faculty Champion,,,Connecticut,-73.48754886,41.06123288,129020,Statewide Student Collaborative in Connecticut Forms to Offer Comprehensive Community Journalism (2024),,,"Emailed, Waiting on Response"
University of Illinois Urbana-Champaign,IL,"News Academic Partnership, 2024 or Earlier","News reporting classes in this program provide hundreds of
news stories each semester to the NPR affiliate and university licensee WILL.",Illinois Student Newsroom,"Stories are published on the Illinois Public Media sites, where their established viewership can read them. Most of the stories are pitched by students themselves and then edited by either Evans or one of the paid deputy producers – students who are more experienced and can help guide their peers. In 2020 the student newsroom produced more than 170 student pieces, and that number doubled the following year resulting in about 350 student stories in the 2021-22 school year. There are two classes of students that are involved with the program and three students are hired each semester to work as deputy producers. The program is funded by the University.",,,,"Public Media, Independent Public Radio Housed on Campus",Department of Journalism,,Champaign,"Public, Has any Journalism program, Population size is above 20 thosands",,,,,,,,,"Stories are published on the Illinois Public Media sites, where their established viewership can read them. Most of the stories are pitched by students themselves and then edited by either Evans or one of the paid deputy producers – students who are more experienced and can help guide their peers. In 2020 the student newsroom produced more than 170 student pieces, and that number doubled the following year resulting in about 350 student stories in the 2021-22 school year. There are two classes of students that are involved with the program and three students are hired each semester to work as deputy producers. The program is funded by the University.",,Illinois,-88.21938,40.10907,145637,https://www.uvm.edu/ccn/news/student-news-team-delivers-illinois-public-radio,,"University of Illinois Urbana-Champaign, Illinois Student Newsroom at Illinois Public Media","Emailed, Waiting on Response"
Rowan University,NJ,"News Academic Partnership, 2024 or Earlier","The program has external partnerships where journalism and environmental science students produce climate and environmental journalism, particularly focused on South Jersey issues.",South Jersey Climate News,"The South Jersey Climate News project is course-based, but it also includes partnerships and experiential learning. While students engage in climate journalism within Digital Journalism 2, the project functions as a real-world reporting lab where students produce publishable work. The program has external partnerships, but these were initiated by individual faculty members, not the department. Climate and environmental journalism, particularly focused on South Jersey issues. Student-driven reporting with contributions from both journalism and environmental science majors. Collaboration across disciplines, allowing students with different expertise to contribute uniquely.",,,,Science/Environment,Ric Edelman College of Communication & Creative Arts ,https://sjclimate.news/,Glassboro,"Public, Has any Journalism program, Population size 10-20 thousands",,,,,,,,,"The South Jersey Climate News project is course-based, but it also includes partnerships and experiential learning. While students engage in climate journalism within Digital Journalism 2, the project functions as a real-world reporting lab where students produce publishable work. The program has external partnerships, but these were initiated by individual faculty members, not the department. Climate and environmental journalism, particularly focused on South Jersey issues. Student-driven reporting with contributions from both journalism and environmental science majors. Collaboration across disciplines, allowing students with different expertise to contribute uniquely.",,New Jersey,-75.1192,39.71,184782,https://www.uvm.edu/ccn/news/creating-journalism-opportunities-south-jersey,,,"Emailed, Waiting on Response"
Ball State University,IN,"News Academic Partnership, 2024 or Earlier","In this capstone class, students report on sustainability issues in Indiana and make their reporting available to USA Today-affiliated outlets.",Sustainability Series,"Students complete work during capstone class and focus on sustainability issues in Indiana. Work then appears in USA Today-affiliated outlets. Collaborators include the Lafayette Journal and Courier, jconline.com; Muncie Star Press, thestarpress.com; Richmond Palladium-Item, pal-item.com; also Indiana University–Purdue University Indianapolis and Indiana University's Environmental Resilience Institute. Student stories typically have at least 2,000 page views. Students work first with instructor Adam Kuban, then send stories to USA Today regional editor Deanna Watson for review and publication. Students' reporting is completed through a capstone course taught by Kuban.",,,,"Part of a Class, Students Get Course Credit, Science/Environment",School of Journalism and Strategic Communication,https://www.bsu.edu/academics/collegesanddepartments/sjsc,Muncie,"Public, Has any Journalism program, Population size is above 20 thosands",,,,,,,,,"Students complete work during capstone class and focus on sustainability issues in Indiana. Work then appears in USA Today-affiliated outlets. Collaborators include the Lafayette Journal and Courier, jconline.com; Muncie Star Press, thestarpress.com; Richmond Palladium-Item, pal-item.com; also Indiana University–Purdue University Indianapolis and Indiana University's Environmental Resilience Institute. Student stories typically have at least 2,000 page views. Students work first with instructor Adam Kuban, then send stories to USA Today regional editor Deanna Watson for review and publication. Students' reporting is completed through a capstone course taught by Kuban.",,Indiana,-85.40896,40.19768,150136,https://www.uvm.edu/ccn/news/ball-state-students-engage-local-communities-sustainability-stories,https://www.uvm.edu/ccn/news/student-journalists-make-impact-their-communities,"Ball State University, Sustainability Stories","Emailed, Waiting on Response"
Columbia College Chicago,IL,"News Academic Partnership, 2024 or Earlier","This program houses several one-off and ongoing professional partnerships, all run through classes or multimedia student projects, many of which are in Spanish.",Spanish Language Reporting,,,,,"Spanish Language Reporting, Part of a Class",Communication Department,,Chicago,"Private, Minority-Serving Institution, Has any Journalism program,  Population size 5-10 thousands",,,,,,,,"2024 Faculty Champion, Spanish-Language Cohort",,,Illinois,,,,,,,"Emailed, Waiting on Response"
DePaul University,IL,"News Academic Partnership, 2024 or Earlier","Faculty-run classes and student media regularly partner with, Better Government Association (investigative nonprofit), City Bureau, Block Club Chicago, WTTW PBS Chicago, Chicago Reader, and others.",Journalism Program,"Classes and student media regularly partner with, Better Government Association (investigative nonprofit), City Bureau, Block Club Chicago, WTTW PBS Chicago, Chicago Reader, and others. More than one hundred students are involved in the partnership and their work reaches millions of viewers. Faculty teach a variety of journalism courses that allow students to create work for publication with media partners.",,,,"Broadcast, Student Media, Students Get Course Credit, Part of a Class",College of Communication; Department of Journalism,https://www.depaul.edu/academics/undergraduate/majors/Pages/journalism.aspx,Chicago,"Private, Minority-Serving Institution, Has any Journalism program, Faith-Based, Population size is above 20 thosands",,,,,,,,,"Classes and student media regularly partner with, Better Government Association (investigative nonprofit), City Bureau, Block Club Chicago, WTTW PBS Chicago, Chicago Reader, and others. More than one hundred students are involved in the partnership and their work reaches millions of viewers. Faculty teach a variety of journalism courses that allow students to create work for publication with media partners.",,Illinois,-87.627264,41.877982,144740,,,"DePaul University, Department of Journalism","Emailed, Waiting on Response"
Florida Gulf Coast University,FL,"News Academic Partnership, 2024 or Earlier","The reporting courses are focused on Southwest Florida government and are taught in collaboration with WGCU News, therefore many of the Democracy Watch stories wind up on the WGCU News webpage, and some on air. ",Democracy Watch,"The school has several courses called ""Democracy Watch,"" focused on Southwest Florida government bodies -- cities and counties. Students report on issues before those bodies, and how the outcomes of government actions affect citizens. The courses are taught in collaboration with WGCU News, and many of the Democracy Watch stories wind up on the WGCU News webpage, and some on air. Faculty are involved in all aspects of the production of content as well as teaching the courses associated with the program. The program is sponsored by members and the university.",,,,"Spanish Language Reporting, Broadcast, Part of a Class, Students Get Course Credit",Department of Communication & Philosophy,https://news.wgcu.org/tags/democracy-watch,Fort Myers,"Public, Has any Journalism program, Population size 10-20 thousands",,,,,,,,,"The school has several courses called ""Democracy Watch,"" focused on Southwest Florida government bodies -- cities and counties. Students report on issues before those bodies, and how the outcomes of government actions affect citizens. The courses are taught in collaboration with WGCU News, and many of the Democracy Watch stories wind up on the WGCU News webpage, and some on air. Faculty are involved in all aspects of the production of content as well as teaching the courses associated with the program. The program is sponsored by members and the university.",,Florida,-81.77632,26.46234,433660,,,"FGCU, Democracy Watch",Interview Scheduled
Sacred Heart University,CT,"News Academic Partnership, 2024 or Earlier","The Professional Journalism course operates a revived community paper called the Easton Courier now with student-driven reporting, along with student-assisted web operation.",Easton Courier,,,,,"Part of a Class, Students Get Course Credit","School of Communication, Media & the Arts",https://eastoncourier.news/,Fairfield,"Private, Has any Journalism program, Faith-Based, Population size 10-20 thousands",,,,,,,,,,,Connecticut,-73.25254533,41.21672793,130253,Sacred Heart Resurrects East Courier Newspaper (2024),,,"Transcript Submitted, Waiting on Impact Survey"
American University,D.C.,"News Academic Partnership, 2024 or Earlier","Students in this class produce story series on relevant topics, in conjunction with media partners (2018, 2020, The Nation; 2021, Teen Vogue).","Race, Ethnic and Community Reporting","From previous survey, ""At American University, the student reporting program is structured around COMM 588, Race, Ethnic, and Community Reporting, an advanced journalism course requiring a basic reporting prerequisite. The program is faculty-driven, with a tenure-track professor independently establishing newsroom partnerships. These collaborations are not formal programs but occur when time and partnerships allow. Past collaborations include The Nation (2018, 2020) and Teen Vogue (2021). The professor sees potential for expanding partnerships but requires institutional support, a permanent newsroom partner, and a course release to sustain and grow the initiative."" From fact sheet, The course is taken by students who receive credit for their work. The course is not required.",,,,Underserved Community Reporting,School of Communication,,Washington,"Private, Has any Journalism program, Population size 10-20 thousands",,,,,,,,,"From previous survey, ""At American University, the student reporting program is structured around COMM 588, Race, Ethnic, and Community Reporting, an advanced journalism course requiring a basic reporting prerequisite. The program is faculty-driven, with a tenure-track professor independently establishing newsroom partnerships. These collaborations are not formal programs but occur when time and partnerships allow. Past collaborations include The Nation (2018, 2020) and Teen Vogue (2021). The professor sees potential for expanding partnerships but requires institutional support, a permanent newsroom partner, and a course release to sustain and grow the initiative."" From fact sheet, The course is taken by students who receive credit for their work. The course is not required.",,Washington D.C.,-77.0887546,38.94068726,131159,https://www.uvm.edu/ccn/news/black-campus-au-professor-partners-class-national-media-outlets,,"American University, Race, Ethnic and Community Reporting","Transcript Submitted, Waiting on Impact Survey"
Bloomfield College,NJ,"News Academic Partnership, 2024 or Earlier","Students report for Essex News Daily, which serves as Bloomfield College's local media partner. ",Public Square Amplified,,,,,,Division of Humanities,https://www.publicsq.org/,Bloomfield,"Public, Minority-Serving Institution, Population size less 5 thousands, No Journalism",,,,,,,,2023 Faculty Champion,,,New Jersey,-74.00558711,40.88844895,183822,Bloomfield’s Journalism Courses Create Hands-On Reporting Experience (2024),https://www.uvm.edu/ccn/news/bloomfields-journalism-courses-create-hands-reporting-experience,,"Transcript Submitted, Waiting on Impact Survey"
Stockton University,NJ,"News Academic Partnership, 2024 or Earlier","This program includes a practicum class wherein students write and publish stories for Stories of Atlantic City, a collaborative digital news project that aims to supplement meaningful reporting in the area.",Community Reporting Innovation Lab,,,,,"Part of a Class, Students Get Course Credit","Communication Studies, School of Arts & Humanities",,Galloway,"Public, Has any Journalism program,  Population size 5-10 thousands",,,,,,,,2023 Faculty Champion,,,New Jersey,-74.5275,39.4929,186876,"Stockton University Reshapes Atlantic City Narrative, Gets Students Jobs (2024)",,,"Transcript Submitted, Waiting on Impact Survey"
University of Kansas,KS,"News Academic Partnership, 2024 or Earlier","The Eudora Times is a student-staffed online newspaper for a community of 65,000 residents that had been without a newspaper for 10 years.",Eudora Times,"The Eudora Times was founded in spring 2019 to create an online newspaper for a community that had been without a newspaper for 10 years. Students serve as reporters for a community of 6,500 residents. Eudora Times has operated both outside of the classroom as a “club” and within the classroom through Advanced Reporting and Community Journalism. Students are able to provide news coverage to a rural area that may otherwise suffer from news drought. The Times staff meets every Monday for newsroom meetings. Students cover beats including city hall, education, senior citizens, business, sports and features. The faculty member works with students to edit copy before it is published. The program is 100% donation funded. Donations go into an Endowment account. Eudora residents and journalism alumni primarily donate to the fund.",,,,,William Allen White School of Journalism and Mass Communications,https://eudoratimes.com/,Lawrence,"Public, Has any Journalism program, Population size is above 20 thosands",,,,,,,2019,,"The Eudora Times was founded in spring 2019 to create an online newspaper for a community that had been without a newspaper for 10 years. Students serve as reporters for a community of 6,500 residents. Eudora Times has operated both outside of the classroom as a “club” and within the classroom through Advanced Reporting and Community Journalism. Students are able to provide news coverage to a rural area that may otherwise suffer from news drought. The Times staff meets every Monday for newsroom meetings. Students cover beats including city hall, education, senior citizens, business, sports and features. The faculty member works with students to edit copy before it is published. The program is 100% donation funded. Donations go into an Endowment account. Eudora residents and journalism alumni primarily donate to the fund.",,Kansas,-95.25106,38.96097,155317,https://www.uvm.edu/ccn/news/eudora-times-university-kansas,,"KU, Eudora Times","Transcript Submitted, Waiting on Impact Survey"
University of Memphis,TN,"News Academic Partnership, 2024 or Earlier","The free-standing institute works with students and faculty to produce narrative, documentary journalism distributed to local outlets.",Institute for Public Service Reporting,"The free-standing Institute is housed in the Edward J. Meeman Journalism Building on the University of Memphis campus, though it is not formally part of the Department of Journalism and Strategic Media. It produces narrative, documentary journalism distributed through an exclusive contract with dailymemphian.com, a nonprofit, digital news outlet, as well as Memphis’ public radio affiliate, WKNO-FM. The Institute works with faculty and students within the Journalism Department as well as other departments of the University, including History, Sociology and Business.",,,,Documentary or Podcast,College of Communication and Fine Arts; Department of Journalism and Strategic Media,https://www.psrmemphis.org/about/#whoweare,Memphis,"Public, Has any Journalism program, Population size is above 20 thosands",,,,,,,,,"The free-standing Institute is housed in the Edward J. Meeman Journalism Building on the University of Memphis campus, though it is not formally part of the Department of Journalism and Strategic Media. It produces narrative, documentary journalism distributed through an exclusive contract with dailymemphian.com, a nonprofit, digital news outlet, as well as Memphis’ public radio affiliate, WKNO-FM. The Institute works with faculty and students within the Journalism Department as well as other departments of the University, including History, Sociology and Business.",,Tennessee,-89.66932,35.04559,220862,University of Memphis students support local news (2023),,,"Emailed, Waiting on Response"
Brandeis University,MA,"News Academic Partnership, 2024 or Earlier","The Reporting Lab at Brandeis is a community-focused journalism initiative which consists of several interconnected programs that provide students with opportunities to report on under-covered communities, experiment with emerging storytelling formats and build their portfolios.",The Reporting Lab at Brandeis,,,,,Underserved Community Reporting,"Journalism Program, Division of Social Science",,Waltham,"Private, Has any Journalism program,  Population size 5-10 thousands",,,,,,,2021,2025 Faculty Champion,,,Massachusetts,-71.258895,42.366137,165015,https://www.uvm.edu/ccn/news/brandeis-university-student-reporting-provides-community-information-brookline-and-waltham,,,"Emailed, Waiting on Response"
Claflin University,SC,"News Academic Partnership, 2024 or Earlier","Students in several journalism courses write stories for The Panther, Claflin University’s student newspaper which is distributed on- and off-campus; some faculty edited stories are also published in the local daily, The Times and Democrat. ",Journalism Program,,,,,Student Media,School of Humanities and Social Sciences; Department of Mass Communications,https://www.claflin.edu/news-events/the-panther,Orangeburg,"Private, Minority-Serving Institution, Has any Journalism program, Faith-Based, Population size less 5 thousands",,,,,,,?,2023 Faculty Champion,,,South Carolina,-80.8546,33.49938,217873,Claflin University launches student journalism pilot program (2024),,,"Emailed, Waiting on Response"
Denison University,OH,"News Academic Partnership, 2024 or Earlier","The Reporting Project is a community-centered journalism initiative that combines coursework, co-curricular opportunities, and paid experience to immerse students in locally-focused journalism with content shared and published in numerous platforms. ",The Reporting Project,"Denison University’s student reporting program is integrated into its Journalism program, created in 2021. It operates through three key courses, Literary Journalism, Senior Research, and The Reporting Project. The program is directed by a tenured professor, who also serves as chair and administrator, supervising five staff members and about ten student journalists. The university has been consistently supportive, enabling the establishment of The Reporting Project, which serves as the core student news initiative.",,,,"Part of a Class, Students Get Course Credit",Communication Department; English Department,"http,//www.thereportingproject.org/",Granville,"Private, Has any Journalism program, Population size less 5 thousands",,,,,,,2021,,"Denison University’s student reporting program is integrated into its Journalism program, created in 2021. It operates through three key courses, Literary Journalism, Senior Research, and The Reporting Project. The program is directed by a tenured professor, who also serves as chair and administrator, supervising five staff members and about ten student journalists. The university has been consistently supportive, enabling the establishment of The Reporting Project, which serves as the core student news initiative.",,Ohio,-82.5201,40.06922,202523,Ohio liberal arts college goes all in on local news (2023),,https://www.uvm.edu/sites/default/files/Center-for-Community-News/pdfs/fact%20sheets/Denison_University_.pdf,"Emailed, Waiting on Response"
Bloomfield College of Montclair State University,NJ,"News Academic Partnership, 2024 or Earlier",The course pairs eight to 10 students with about the same number of publications that assign them stories and run them.,Hawk News Service,"The program’s news partners include large publications such as the Newark Star-Ledger and Bergen Record and small community news outlets such as Morristown Green. One student paired with NJArts.net, a cultural news website. Another covered high school sports for NJ Urban News, which is focused on the Black community.

Hawk News Service grew out of the Center for Cooperative Media, which launched at Montclair State in 2012, the same year that the university created its School of Communication and Media. While it’s based at the university, the center operates mostly on private grant funding to bolster local news organizations in New Jersey. It provides media outlets of all sizes with training and coaching, professional support, and connections to legal, financial and other services.

Stefanie Murray, director of the Center for Cooperative Media, came up with idea for Hawk News Service to not only support those local publications with eager reporters but give the students a chance to build their portfolios with published work.",,,,"Part of a Class, Students Get Course Credit",School of Communication and Media,,Montclair,"Public, Minority-Serving Institution, Has any Journalism program, Population size is above 20 thosands",,,,,,,,,"The program’s news partners include large publications such as the Newark Star-Ledger and Bergen Record and small community news outlets such as Morristown Green. One student paired with NJArts.net, a cultural news website. Another covered high school sports for NJ Urban News, which is focused on the Black community.

Hawk News Service grew out of the Center for Cooperative Media, which launched at Montclair State in 2012, the same year that the university created its School of Communication and Media. While it’s based at the university, the center operates mostly on private grant funding to bolster local news organizations in New Jersey. It provides media outlets of all sizes with training and coaching, professional support, and connections to legal, financial and other services.

Stefanie Murray, director of the Center for Cooperative Media, came up with idea for Hawk News Service to not only support those local publications with eager reporters but give the students a chance to build their portfolios with published work.",,New Jersey,,,,,,,"Emailed, Waiting on Response"
University of New England,ME,"News Academic Partnership, 2024 or Earlier","The program has built partnerships with multiple news outlets, and students have earned bylines in multiple publications.",N/A,"The program is both course-based and internship-based. Intro to Journalism has been part of the Communications program for years, and a & Community News Fellows & initiative is being developed to bridge students from coursework into practicums and credit-bearing internships. The program has built partnerships with five news outlets within the past ten months, and students have earned bylines in multiple publications. There is also a collaboration with the History department to incorporate policy and legislative reporting with historical perspectives, particularly focusing on Native American history in Maine. The focus is on community news, policy and legislative reporting, and historical perspectives. The program also aims to engage students from multiple disciplines, including English, Writing, Communications and Media Arts, and History.",,"Cripps is exploring a potential creation of a statewide Maine News Service, based largely on UVM's CNS. He spends to spend the 2025-26 school year mapping out a plan, and hopes to get help from CCN. ""Because we're not big enough to run to do it all ourselves ... we would be a clearing house for a consortium of schools [such as] Colby, Bates, Bowdoin, you may Orono, University of Southern Maine, Husson, St Joe's ... schools up and down the state of Maine to kind of leverage local reporting.""",,"Students Get Course Credit, Students Are Paid",School of Arts and Humanities,,Biddeford,"Private, No Journalism ,  Population size 5-10 thousands",5,10-20,4,,,,,"2023 Statehouse Faculty Champion, 2023 Faculty Champion","The program is both course-based and internship-based. Intro to Journalism has been part of the Communications program for years, and a & Community News Fellows & initiative is being developed to bridge students from coursework into practicums and credit-bearing internships. Yes. The program has built partnerships with five news outlets within the past ten months, and students have earned bylines in multiple publications. There is also a collaboration with the History department to incorporate policy and legislative reporting with historical perspectives, particularly focusing on Native American history in Maine. The focus is on community news, policy and legislative reporting, and historical perspectives. The program also aims to engage students from multiple disciplines, including English, Writing, Communications and Media Arts, and History.",,Maine,-70.38595012,43.45845781,161457,,,,Interviewed
University of Wisconsin-Madison,WI,"News Academic Partnership, 2024 or Earlier","Students in an investigative reporting class contribute deep-dives consisting of writing, photography and graphics to Wisconsin Watch, after which the stories are available to other news sites.",Wisconsin Watch / Madison Commons,,,,,"Investigations/Watchdog, Part of a Class, Students Get Course Credit",School of Journalism and Mass Communication,https://wisconsinwatch.org/about/,Madison,"Public, Has any Journalism program, Population size is above 20 thosands",,,,,,,,,,,Wisconsin,-89.39754,43.07584,240444,UW's Wisconsin Watch (2023),,,Interviewed
West Virginia University,WV,"News Academic Partnership, 2024 or Earlier","The student newspaper, the Daily Athenaeum, is inserted into local paper the Dominion Post every Friday and distributed to Dominion Post readers.",Daily Athenaeum,"The student newspaper, the Daily Athenaeum, is inserted into local paper the Dominion Post every Friday and distributed to Dominion Post readers. Students make their own choices about what to cover and how, as the Daily Athenaeum is entirely student-run. Madison Fleck-Cook is the program's advisor but works to balance providing guidance and resources while remaining hands-off enough to allow the students to make their own choices about the newspaper's coverage. The Daily Athenaeum is a student-run newspaper with an additional staff of five. The program sells ads and receives funding from student fees and donors.","About 2,700 copies are delivered Wednesdays across campus and 10,000 copies are inserted into the local paper, Dominion Post, every Friday. ",,,Student Media,"College of Creative Arts and Media, Reed School of Media and Communications","http,//www.dominionpost.com/",Morgantown,"Public, Has any Journalism program, Population size is above 20 thosands",,,,,,,,2023 Faculty Champion,"The student newspaper, the Daily Athenaeum, is inserted into local paper the Dominion Post every Friday and distributed to Dominion Post readers. About 2,700 copies are delivered Wednesdays across campus and 10,000 copies are inserted into the local paper, Dominion Post, every Friday. Students make their own choices about what to cover and how, as the Daily Athenaeum is entirely student-run. Madison Fleck-Cook is the program's advisor but works to balance providing guidance and resources while remaining hands-off enough to allow the students to make their own choices about the newspaper's coverage. The Daily Athenaeum is a student-run newspaper with an additional staff of five. The program sells ads and receives funding from student fees and donors.",,West Virginia,-79.95507,39.63384,238032,WVU's Daily Athenaeum partners with local daily (2023),,"West Virginia University, Student Media at West Virginia",Interviewed
University of Maryland-College Park,MD,"News Academic Partnership, 2024 or Earlier","In this program, mid-level undergraduate journalism students report news, often in their home communities in Maryland, for local news outlets. 
",Local News Network,"The Local News Network is a program through which mid-level undergraduate journalism students report local news, often in their home communities in Maryland, for local news outlets. Students' work appears in local news outlets across Maryland, including Baltimore Banner, Baltimore Sun and the Salisbury Daily Times. The Local News Network's first project, a voter guide to Maryland's school board elections, got 74,691 page views on the college's Capital News Service websites, and portions of the voter guide were republished in news outlets across the state. Student work is assigned through a required course, and many students report for local newspapers in their hometowns. Editing is performed by university faculty, adjunct faculty, and freelance editors. The class is taught by Jerry Zremski and team of adjunct instructors who are also journalists. Associate Dean Rafael Lorente provides support to faculty and staff. Freelance editors were brought on to assist in editing students' work.",,,,"""Democracy, Governance & Elections""",Philip Merrill College of Journalism,https://merrill.umd.edu/why-merrill/local-news-network,College Park,"Public, Has any Journalism program, Population size is above 20 thosands",,,,,,,,2023 Faculty Champion,"In this program, mid-level undergraduate journalism students report news, often in their home communities in Maryland, for local news outlets. In addition, LNN involves dozens of students every semester in broad-ranging projects that would be difficult for any one Maryland news outlet to produce.
Students' work appears in local news outlets across Maryland, including Baltimore Banner, Baltimore Sun and the Salisbury Daily Times. The Local News Network's first project, a voter guide to Maryland's school board elections, got 74,691 page views on the college's Capital News Service websites, and portions of the voter guide were republished in news outlets across the state. Student work is assigned through a required course, and many students report for local newspapers in their hometowns. Editing is performed by university faculty, adjunct faculty, and freelance editors. The class is taught by Jerry Zremski and team of adjunct instructors who are also journalists. Associate Dean Rafael Lorente provides support to faculty and staff. Freelance editors were brought on to assist in editing students' work. ",,Maryland,-76.94188912,38.98707255,163286,https://www.uvm.edu/ccn/news/university-marylands-local-news-network / https://www.uvm.edu/d10-files/documents/2024-09/Case-study-University-of-Maryland-finds-success-in-student-led-statewide-voter-guide.pdf ,,"UMD, Local News Network",Interviewed
Castleton University,VT,"News Academic Partnership, 2024 or Earlier",Students produce stories for local media partners in this required course.,Community News Service,"Vermont State University Castleton’s student reporting class began in 2020. The program, launched by professor of communications David Blow, partnered in 2022 with the Community News Service, a student reporting news service headquartered by the University of Vermont.
 
The course, offered once a year, is required for students in the journalism concentration in the communications department. The class meets for one three-hour session each week, then students pursue reporting projects in communities in the southwestern Vermont area.
 
The class has direct connections with four local news publications. In some cases, Editors will give specific assignments to the class, which the instructor distributes among students. Other times, students pursue their own stories through class assignments. Throughout the semester, students write several different kinds of stories (i.e., government news, community Q&As) which Blow then offers to local publications. Student work is also published on the Community News Service website, where news outlets can pick up stories and republish for free.",,,,"Part of a Class, Students Get Course Credit",UVM College of Arts and Sciences,https://vtcommunitynews.org/,Castleton,"Public, Has any Journalism program, Population size less 5 thousands","""The number of students in the program varies - but in the class right now there are 10. In total, for the four times we have worked on it, I would say there have been roughly 35 unique participants since 2020. When it was done outside of class it averages probably 5-6 student reporters - but did include some high school students.""

","""I believe there have been 16 stories published so far this semester since we started in mid January. Shooting for 40 to 50 for the semester and I think it's very doable. In total - for the four times we have done it - I think it's safe to say 95-100""","""Media Partners have included Rutland Herald, Barre Times Argus, Mountain Times, Lakes Region Free Press, Poultney Journal, Brandon Reporter, Addison Independent, Chester Telegraph, The Herald (of Randolph)  and I think that's it.""
",,,,2020,2025 Faculty Champion,"Vermont State University Castleton’s student reporting class began in 2020. The program, launched by professor of communications David Blow, partnered in 2022 with the Community News Service, a student reporting news service headquartered by the University of Vermont.
 
The course, offered once a year, is required for students in the journalism concentration in the communications department. The class meets for one three-hour session each week, then students pursue reporting projects in communities in the southwestern Vermont area.
 
The class has direct connections with four local news publications. In some cases, Editors will give specific assignments to the class, which the instructor distributes among students. Other times, students pursue their own stories through class assignments. Throughout the semester, students write several different kinds of stories (i.e., government news, community Q&As) which Blow then offers to local publications. Student work is also published on the Community News Service website, where news outlets can pick up stories and republish for free.",,Vermont,-73.17841,43.61027,230834,,,,Interviewed
Louisiana State University and Agricultural & Mechanical College,LA,"News Academic Partnership, 2024 or Earlier","Students investigate Civil Rights-era cold cases, some sourced by the FBI and National Archives, and stories are made available for any news publication to pick up free of charge.",LSU Cold Case Project,"Louisiana State University’s Cold Case Project is a senior level class within the Manship School of Communication. Through the course, taught by Christopher Drew, students investigate Civil Rights-era cold cases. The course was developed based on an open records request made by Drew’s predecessor at LSU. In 2018, he was notified by the FBI and National Archives that three subject files related to Civil Rights-era investigations, totaling more than 2,000 pages, were ready. The files have provided a starting point for investigations into cold cases. Each semester, Drew selects specific cases or themes, which student journalists probe through public records, interviews and other techniques. The class meets once a week for an hour and a half, giving students time to work on aspects of the investigation outside of class hours. Enrollment is typically between 10-13 students. Students’ reporting on the shooting deaths of two Southern University students in 1972 by a sheriff’s deputy won a national investigative reporting award from Investigative Reporters & Editors in 2022.","Students’ work is made available for any news publication to pick up free of charge. Drew notifies outlets about the stories through an email list maintained for distributing LSU’s Statehouse Bureau stories. Students have also produced digital products, like videos and a podcast, which was distributed through local public radio stations.",,"Drew says the focus on historic cases is a strength of the course. Investigations into current issues or officials can be higher pressure and carry more legal risks. Meanwhile, the spotlight that students have shed on decades-old cases has had real impacts. “On one hand, it's great training and education for the students,” Drew says. “On the other hand, it's great closure in the community.”","Investigations/Watchdog, Underserved Community Reporting, Public Media, Part of a Class, Students Get Course Credit",Manship School of Mass Communication,https://lsucoldcaseproject.com/,Baton Rouge,"Public, Has any Journalism program, Population size is above 20 thosands",10,Three-part podcast series,"It ""should air on NPR stations in LA this year.""",,,,2009,,"Louisiana State University’s Cold Case Project is a senior level class within the Manship School of Communication. Through the course, taught by Christopher Drew, students investigate Civil Rights-era cold cases. The course was developed based on an open records request made by Drew’s predecessor at LSU. In 2018, he was notified by the FBI and National Archives that three subject files related to Civil Rights-era investigations, totaling more than 2,000 pages, were ready. The files have provided a starting point for investigations into cold cases. Each semester, Drew selects specific cases or themes, which student journalists probe through public records, interviews and other techniques. The class meets once a week for an hour and a half, giving students time to work on aspects of the investigation outside of class hours. Enrollment is typically between 10-13 students. Students’ reporting on the shooting deaths of two Southern University students in 1972 by a sheriff’s deputy won a national investigative reporting award from Investigative Reporters & Editors in 2022.
 
Students’ work is made available for any news publication to pick up free of charge. Drew notifies outlets about the stories through an email list maintained for distributing LSU’s Statehouse Bureau stories. Students have also produced digital products, like videos and a podcast, which was distributed through local public radio stations.
 
Drew says the focus on historic cases is a strength of the course. Investigations into current issues or officials can be higher pressure and carry more legal risks. Meanwhile, the spotlight that students have shed on decades-old cases has had real impacts. “On one hand, it's great training and education for the students,” Drew says. “On the other hand, it's great closure in the community.”",,Louisiana,-91.17735,30.41579,159391,Solving racially motivated crimes -- LSU's Cold Case program (2023),,LSU Cold Case Project,Interviewed
Michigan State University,MI,"News Academic Partnership, 2024 or Earlier","In this program created via partnership with the non-journalism-focused MSU Global Center for Food Systems Innovation, student journalists report on food system innovations and share content with media partners. ",MSU Food Fix,"The Food Fix was launched as a collaboration with Michigan State University’s Global Center of Food Systems Innovation, through which researchers work on food issues in developing countries. Initially serving as a forum to help scientists and researchers better tell the stories of their research, the program began hiring journalism students to write about food systems innovations. The Food Fix includes a mixture of a podcast and written articles. The podcast launched when a plant science graduate student pitched the idea. Through the podcast, researchers and student journalists are interviewed about various food systems projects happening around the world and in Michigan. The podcast is hosted by a paid student host, often a graduate student. The Food Fix website also publishes articles by students enrolled in MSU’s various environmental journalism classes, when their subjects intersect with food systems issues. Those student articles may also be distributed through other university news publications if they intersect with those specific topics, such as the Great Lakes Echo, if relevant to the Great Lakes region, or the Capital News Service, if relevant to Michigan Public Policy.
 
The program grew out of a partnership with the MSU Global Center for Food Systems Innovation. Poulson says that partnering with a non-journalistic center opened up a range of opportunities for tapping into expertise, student participation, and financial resources.",,,,"Documentary or Podcast, Open to Non-Journalism Majors/Minors, ""Food, Entertainment"", Science/Environment",Knight Center for Environmental Journalism; College of Communication Arts and Sciences; School of Journalism,https://msufoodfix.wordpress.com/,East Lansing,"Public, Has any Journalism program, Population size is above 20 thosands",,,,,,,,,"The Food Fix was launched as a collaboration with Michigan State University’s Global Center of Food Systems Innovation, through which researchers work on food issues in developing countries. Initially serving as a forum to help scientists and researchers better tell the stories of their research, the program began hiring journalism students to write about food systems innovations. The Food Fix includes a mixture of a podcast and written articles. The podcast launched when a plant science graduate student pitched the idea. Through the podcast, researchers and student journalists are interviewed about various food systems projects happening around the world and in Michigan. The podcast is hosted by a paid student host, often a graduate student. The Food Fix website also publishes articles by students enrolled in MSU’s various environmental journalism classes, when their subjects intersect with food systems issues. Those student articles may also be distributed through other university news publications if they intersect with those specific topics, such as the Great Lakes Echo, if relevant to the Great Lakes region, or the Capital News Service, if relevant to Michigan Public Policy.
 
The program grew out of a partnership with the MSU Global Center for Food Systems Innovation. Poulson says that partnering with a non-journalistic center opened up a range of opportunities for tapping into expertise, student participation, and financial resources.",,Michigan,,,,,,,Interviewed
University of Alabama,AL,"News Academic Partnership, 2024 or Earlier","The University of Alabama program manages a commercial TV station,  WVUA which is staffed by student reporters. ",Advanced broadcast classes,"The University of Alabama owns three public-facing news outlets, which operate out of the university’s Digital Media Center, the television station WVUA 23, Alabama Public Radio, and the Center for Public Television. The media outlets each function as independent, standalone organizations, though they work in conjunction with the Department of Journalism and Creative Media, offering multiple opportunities for students to contribute to local news as interns or volunteers. Different opportunities may be paid or for course credit.  Through these opportunities, students participate in the newsroom, interacting with full-time professional journalistic staff, attending daily news meetings, and pitching and producing stories. Classes within the Department of Journalism and Creative Media may also interact with the news outlets, including by using lab space in the Digital Media Center. In one graduate-level class, students have opportunities to develop and pitch stories for Digital Media Center outlets. The Digital Media Center offers opportunities for students from disciplines across the university, not only students in the Department of Journalism and Creative Media.",,,,"Broadcast, Students Get Course Credit, Students Are Paid",College of Communication & Information Sciences; Digital Media Center,https://cis.ua.edu/dmc/,Tuscaloosa,"Public, Has any Journalism program, Population size is above 20 thosands","WVUA - 50
Center for Public Television - 8","WVUA - 800
Center for Public Television - 20
",Everything is mainly published by Bama's three partnering outlets.,,,,,,"The University of Alabama owns three public-facing news outlets, which operate out of the university’s Digital Media Center, the television station WVUA 23, Alabama Public Radio, and the Center for Public Television. The media outlets each function as independent, standalone organizations, though they work in conjunction with the Department of Journalism and Creative Media, offering multiple opportunities for students to contribute to local news as interns or volunteers. Different opportunities may be paid or for course credit.  Through these opportunities, students participate in the newsroom, interacting with full-time professional journalistic staff, attending daily news meetings, and pitching and producing stories. Classes within the Department of Journalism and Creative Media may also interact with the news outlets, including by using lab space in the Digital Media Center. In one graduate-level class, students have opportunities to develop and pitch stories for Digital Media Center outlets. The Digital Media Center offers opportunities for students from disciplines across the university, not only students in the Department of Journalism and Creative Media.",,Alabama,-87.54849,33.21474,100751,Alabama students gain hands-on experience at media center (2023),,University of Alabama School of Communication Partnerships,
University of Alabama,AL,"News Academic Partnership, 2024 or Earlier",The University of Alabama manages an Alabama Public Radio network of public radio stations which incorporates student reported content into their news programming. ,Alabama Public Radio,"The University of Alabama owns three public-facing news outlets, which operate out of the university’s Digital Media Center, the television station WVUA 23, Alabama Public Radio, and the Center for Public Television. The media outlets each function as independent, standalone organizations, though they work in conjunction with the Department of Journalism and Creative Media, offering multiple opportunities for students to contribute to local news as interns or volunteers. Different opportunities may be paid or for course credit.  Through these opportunities, students participate in the newsroom, interacting with full-time professional journalistic staff, attending daily news meetings, and pitching and producing stories. Classes within the Department of Journalism and Creative Media may also interact with the news outlets, including by using lab space in the Digital Media Center. In one graduate-level class, students have opportunities to develop and pitch stories for Digital Media Center outlets. The Digital Media Center offers opportunities for students from disciplines across the university, not only students in the Department of Journalism and Creative Media.",,,,"Independent Public Radio Housed on Campus, Students Get Course Credit, Students Are Paid",College of Communication & Information Sciences; Digital Media Center,https://www.apr.org/ ; https://www.wvua23.com/ ; https://www.cptr.org/,Tuscaloosa,"Public, Has any Journalism program, Population size is above 20 thosands",Alabama Public Radio - 12,Alabama Public Radio - 100,Everything is mainly published by Bama's three partnering outlets.,,,,,,"The University of Alabama owns three public-facing news outlets, which operate out of the university’s Digital Media Center, the television station WVUA 23, Alabama Public Radio, and the Center for Public Television. The media outlets each function as independent, standalone organizations, though they work in conjunction with the Department of Journalism and Creative Media, offering multiple opportunities for students to contribute to local news as interns or volunteers. Different opportunities may be paid or for course credit.  Through these opportunities, students participate in the newsroom, interacting with full-time professional journalistic staff, attending daily news meetings, and pitching and producing stories. Classes within the Department of Journalism and Creative Media may also interact with the news outlets, including by using lab space in the Digital Media Center. In one graduate-level class, students have opportunities to develop and pitch stories for Digital Media Center outlets. The Digital Media Center offers opportunities for students from disciplines across the university, not only students in the Department of Journalism and Creative Media.",,Alabama,-87.54849,33.21474,100751,Alabama students gain hands-on experience at media center (2023),,University of Alabama School of Communication Partnerships,Complete
University of Georgia,GA,"News Academic Partnership, 2024 or Earlier","The Oglethorpe Echo is a weekly newspaper currently operating as a nonprofit, and editorially staffed by student reporters in a capstone class managed by a full-time professional journalist who servces as the paper's editor.",Oglethorpe Echo,"The Oglethorpe Echo is a weekly newspaper currently operating as a nonprofit, and editorially staffed by student reporters from the University of Georgia. The Echo was founded in 1874. In 2022, when the current publisher was preparing to shut down the paper, a partnership was struck up with the University of Georgia. Now, the paper is managed as 501(c)(3) nonprofit. The newspaper is the legal organ of Oglethorpe County, and is printed 52 weeks a year, in addition to putting out a range of digital products.
 
The Oglethorpe Echo is a capstone class managed by a full-time professional journalist, who serves as the paper’s editor. Students produce all content published in the Echo. During spring and fall semesters, the Echo is staffed by students who are enrolled in a capstone class in the University of Georgia’s Grady College of Journalism and Mass Communication. Classes meet twice a week. Students are organized to cover 10 different beats. Every other week, students are responsible for reporting on events and other stories on their beat. On their off weeks, students do other tasks, like copy editing and producing newsletters, giving students a range of different experiences within a newsroom.
 
During off-semester times (winter and summer break), the Echo is staffed by a bridge team of paid student interns, who ensure that news coverage continues without interruption.
 
The newspaper is printed weekly and distributed around the county to subscribers and through community points, like gas stations, the library and local schools. In addition, the Echo runs multiple online products. New stories are also published on the Oglethorpe Echo’s website, https://www.theoglethorpeecho.com/",,,,"Students Get Course Credit, Part of a Class, Students Are Paid",Grady College of Journalism and Mass Communication,https://www.theoglethorpeecho.com/,Athens,"Public, Has any Journalism program, Population size is above 20 thosands",approximately 60 students,"approximately 9-10/week for 52 weeks, so I’d say 500",1,approximately 10 (case-by-case basis with local partners),,,2022,2023 Statehouse Faculty Champion,"The Oglethorpe Echo is a weekly newspaper currently operating as a nonprofit, and editorially staffed by student reporters from the University of Georgia. The Echo was founded in 1874. In 2022, when the current publisher was preparing to shut down the paper, a partnership was struck up with the University of Georgia. Now, the paper is managed as 501(c)(3) nonprofit. The newspaper is the legal organ of Oglethorpe County, and is printed 52 weeks a year, in addition to putting out a range of digital products.
 
The Oglethorpe Echo is a capstone class managed by a full-time professional journalist, who serves as the paper’s editor. Students produce all content published in the Echo. During spring and fall semesters, the Echo is staffed by students who are enrolled in a capstone class in the University of Georgia’s Grady College of Journalism and Mass Communication. Classes meet twice a week. Students are organized to cover 10 different beats. Every other week, students are responsible for reporting on events and other stories on their beat. On their off weeks, students do other tasks, like copy editing and producing newsletters, giving students a range of different experiences within a newsroom.
 
During off-semester times (winter and summer break), the Echo is staffed by a bridge team of paid student interns, who ensure that news coverage continues without interruption.
 
The newspaper is printed weekly and distributed around the county to subscribers and through community points, like gas stations, the library and local schools. In addition, the Echo runs multiple online products. New stories are also published on the Oglethorpe Echo’s website, https://www.theoglethorpeecho.com/",,Georgia,-83.37406,33.9572,139959,The Oglethorpe Echo and the University of Georgia (2023),,https://www.uvm.edu/sites/default/files/Center-for-Community-News/pdfs/fact%20sheets/University_of_Georgia_.pdf,Complete
University of Georgia,GA,"News Academic Partnership, 2024 or Earlier","Grady Newsource is a broadcast and digital-first news service via a journalism capstone class serving five counties in Northeast Georgia, and has partnerships with local news outlets to pick up and republish stories.",Grady Newsource,"Grady Newsource is a broadcast and digital-first news service based at the University of Georgia serving five counties in Northeast Georgia. The program began in the 1980s as a live TV broadcast four days a week. Now, in addition, the service operates 10 digital products, including a news website. Student work published through Grady Newsource platforms are available for local news outlets to pick up and publish for free.
 
Grady Newsource is a capstone class in the University of Georgia’s journalism program. Each semester, students can enroll in one of three or four sections, each focused on a different aspect of the news service. One section is dedicated to broadcast TV, and others are organized thematically. Through these thematic sections, students concentrate on a particular beat, such as social justice, sustainability or elections. The program operates as a regular class, meeting two days a week.
 
 
Through the semester, students produce a regular live half-hour broadcast covering local news from around the area, which is aired through a cable access channel and live streamed on YouTube. After each broadcast, the program also airs a post-show experience, where students, led by an instructor, deconstruct the broadcast and discuss what worked and what they didn’t like. Student stories are also published on the Grady Newsource website. The service has partnerships with local news outlets in the region, including local newspapers that pick up student reporting and republish it. The program does not continue outside of the semester, but because of the evergreen nature of many student reporting projects, instructors can schedule stories to publish through the summer and winter breaks.",,,,"Broadcast, Part of a Class, Students Get Course Credit, ""Democracy, Governance & Elections""",Grady College of Journalism and Mass Communication,https://gradynewsource.uga.edu/,Athens,"Public, Population size is above 20 thosands, Has any Journalism program",approximately 200 students,"approximately 3-4/week for 52 weeks, so I’d say 150",4,approximately 25,,,Circa 1980,2023 Statehouse Faculty Champion,"Grady Newsource is a broadcast and digital-first news service based at the University of Georgia serving five counties in Northeast Georgia. The program began in the 1980s as a live TV broadcast four days a week. Now, in addition, the service operates 10 digital products, including a news website. Student work published through Grady Newsource platforms are available for local news outlets to pick up and publish for free.
 
Grady Newsource is a capstone class in the University of Georgia’s journalism program. Each semester, students can enroll in one of three or four sections, each focused on a different aspect of the news service. One section is dedicated to broadcast TV, and others are organized thematically. Through these thematic sections, students concentrate on a particular beat, such as social justice, sustainability or elections. The program operates as a regular class, meeting two days a week.
 
 
Through the semester, students produce a regular live half-hour broadcast covering local news from around the area, which is aired through a cable access channel and live streamed on YouTube. After each broadcast, the program also airs a post-show experience, where students, led by an instructor, deconstruct the broadcast and discuss what worked and what they didn’t like. Student stories are also published on the Grady Newsource website. The service has partnerships with local news outlets in the region, including local newspapers that pick up student reporting and republish it. The program does not continue outside of the semester, but because of the evergreen nature of many student reporting projects, instructors can schedule stories to publish through the summer and winter breaks.",,Georgia,-83.37406,33.9572,139959,Student photographers document communities – University of Georgia (2023),,,Complete
Alabama State University,AL,"News Academic Partnership, 2024 or Earlier","Through a partnership with Alabama Broadcasters Association, student work is aired on broadcast outlets
in the state.",Alabama Broadcasters Association Partnership,,,,,Broadcast,School of Communications,https://www.alasu.edu/_qa/college-of-liberal-arts-social-sciences-communications.php,Montgomery,"Public, Minority-Serving Institution, Has any Journalism program, Population size less 5 thousands",,,,,,,,,,,Alabama,-86.29614,32.36555,100724,,,"Alabama State University, Alabama Broadcasters Association Partnership",Complete
Endicott College,MA,"News Academic Partnership, 2024 or Earlier","This program has partnerships with 50 news outlets, allowing student work to be published widely.",Endicott News-Academic Partnerships,"The Beat Reporting course is course-based but functions as a practical newsroom experience, requiring students to write 9-12 stories each for publication. They have strong partnerships with 50 news outlets, allowing student work to be published widely. The challenge is meeting the varying quality standards of different media partners. The content focus? Is on beat reporting, Producing high-quality, publishable news stories and Real-world journalism experience with multiple media outlets.",,"Note from the CCN Conference, Endicott has had a news-academic partnership program for 10 years. In that program, they have done political reporting, but there isn’t a formal structure to it. Meanwhile, their college just launched a center for civic engagement; therefore, there is a lot of attention toward how they will focus on civic engagement. They have not done statehouse reporting yet. Students are required to be out in the field when they report. 
","During the CCN Conference in October 2025, Salahi mentioned this program got donors by having students out on the field, and folks made a donation because they saw a reporter finally covering their area.",,"School of Social Sciences, Communications, & Humanities",https://www.endicott.edu/academics/schools/social-sciences-communication-humanities/undergraduate-programs/digital-media-program/digital-media-digital-journalism-concentration,Beverly,"Private, Has any Journalism program, Population size less 5 thousands",,,,,,,,2023 Faculty Champion,"The Beat Reporting course is course-based but functions as a practical newsroom experience, requiring students to write 9-12 stories each for publication. They have a strong partnerships with 50 news outlets, allowing student work to be published widely. The challenge is meeting the varying quality standards of different media partners. The content focus? Is on beat reporting, Producing high-quality, publishable news stories and Real-world journalism experience with multiple media outlets.",,Massachusetts,-70.8385,42.5512,165699,"Endicott College “Filling the Gap"" in Local Media (2024)",,,Complete
Georgia State University,GA,"News Academic Partnership, 2024 or Earlier","The program partners with the Georgia Recorder, a nonprofit news outlet, where students contribute stories during the legislative session. ",N/A,"The program is both course-based and internship-based. Feature Writing and other upper-level journalism courses offer experiential learning opportunities, while the Georgia Recorder partnership provides real-world reporting experience covering the General Assembly session. Yes. The program partners with the Georgia Recorder, a nonprofit news outlet, where students contribute stories during the legislative session. The collaboration is supported by faculty and aligned with the university’s College to Career initiative. Additionally, the Public Affairs Reporting course is cross-listed with the Political Science department to attract more students. The program focuses on news writing, feature writing, and public affairs reporting, emphasizing professional journalistic standards, investigative skills, and political reporting.",,,,"""Democracy, Governance & Elections"", Statehouse",College of Arts & Sciences; Department of Communication,https://www.redandblack.com/,Atlanta,"Public, Minority-Serving Institution, Has any Journalism program, Population size is above 20 thosands",,,,,,,,,"The program is both course-based and internship-based. Feature Writing and other upper-level journalism courses offer experiential learning opportunities, while the Georgia Recorder partnership provides real-world reporting experience covering the General Assembly session. Yes. The program partners with the Georgia Recorder, a nonprofit news outlet, where students contribute stories during the legislative session. The collaboration is supported by faculty and aligned with the university’s College to Career initiative. Additionally, the Public Affairs Reporting course is cross-listed with the Political Science department to attract more students. The program focuses on news writing, feature writing, and public affairs reporting, emphasizing professional journalistic standards, investigative skills, and political reporting.",,Georgia,-84.38488,33.75315,139940,Student journalists engage with community to tell stories at the University of Georgia (2023),,,Complete
Northeastern University,MA,"News Academic Partnership, 2024 or Earlier","Northeastern's The Scope digital magazine covers news on and for Boston’s core neighborhoods including aspects of civil life such as local elections and some municipal meetings, and content is available and reprinted for free by other hyperlocal news organizations in the Boston area.",The Scope,"Northeastern's The Scope digital magazine is focused on telling stories of justice, hope and resilience about and for Boston’s core neighborhoods. It also covers aspects of civil life, including local elections and some municipal meetings. Its content is available for free and is often reprinted by other hyperlocal news organizations in the Boston area. Over the past four years, the Scope has collaborated with several other hyperlocal news organizations including the Bay State Banner. The program includes 8-10 students, including 4 graduate students, in the partnership, per semester. Most Scope stories focus on social issues or civic affairs. Many grown from class projects. Other are assigned by the editor in chief or pitched by paid staffers. The main role played by the faculty member is as the main editor of the magazine. They assist graduate students with editing and assign stories to the students. The Poynter-Koch Media and Journalism Fellowship has supported the editor-in-chief position since 2019. The Scope has also received several internal grants from Northeastern’s College of Arts, Media, and Design. These grants provided students stipends for editorial work as well as research assistantships focused on documenting the Scope’s success and experimenting with new forms of media innovation.",,,,"""Democracy, Governance & Elections""",School of Journalism and Media Innovation,https://thescopeboston.org/,Boston,"Private, Has any Journalism program, Population size is above 20 thosands",,,,,,,,,"Northeastern's The Scope digital magazine if focused on telling stories of justice, hope and resilience about and for Boston’s core neighborhoods. It also covers aspects of civil life, including local elections and some municipal meetings. Its content is available for free and is often reprinted by other hyperlocal news organizations in the Boston area. Over the past four years, the Scope has collaborated with several other hyperlocal news organizations including the Bay State Banner. The program includes 8-10 students, including 4 graduate students, in the partnership, per semester. Most Scope stories focus on social issues or civic affairs. Many grown from class projects. Other are assigned by the editor in chief or pitched by paid staffers. The main role played by the faculty member is as the main editor of the magazine. They assist graduate students with editing and assign stories to the students. The Polyner-Koch Media and Journalism Fellowship has supported the editor-in-chief position since 2019. The Scope has also received several internal grants from Northeastern’s College of Arts, Media, and Design. These grants provided students stipends for editorial work as well as research assistantships focused on documenting the Scope’s success and experimenting with new forms of media innovation.",,Massachusetts,-71.08859,42.34042,167358,The Scope – Northeastern University (2023),,"Northeastern University, The Scope",Complete
University of Georgia,GA,"News Academic Partnership, 2024 or Earlier","For one weekend every spring, 18 to 20 photojournalism students descend on a rural county in northern Georgia, reporting stories about the communities and people who live there, and offer their stories for local news outlets to republish.",Woodall Weekend Workshop,"For one weekend every spring, 18-20 photojournalism students descend on a rural county in northern Georgia, reporting stories about the communities and people who live there. First launched in 2006 by lecturer Mark Johnson, the workshop is the signature event of the Grady College of Journalism and Mass Communication’s documentary photojournalism course each spring. (Student enrolled in the fall semester get a similar experience during a workshop at the state fair.) Over the last 20 years, the workshop has been held in 17 different counties. Before the workshop begins, students develop and pitch story ideas, so when they arrive in the county for that weekend, they’re ready to jump into their reporting. Johnson invites experienced photojournalists to come work through the weekend as coaches, reviewing the material students gather with them each day. Before each workshop, Johnson establishes partnerships with local news outlets to distribute the stories. After each workshop, local news partners often publish initial photos spreads. Then, the outlets have the option to pick up students’ projects, including photo essays and multimedia pieces. The student work is also published on the college’s website.
 
The class includes a mixture of students in their second and third photojournalism semesters. This mixture creates a dynamic where the more experienced students serve as mentors for students who are not as far along. “Part of the program's core belief is that knowledge is not yours, and so you have a responsibility to help others within the class,” says Johnson. “The goal is for everybody to get better at this.”",,,,Photojournalism-Focused,Grady College of Journalism and Mass Communication,https://gradynewsource.uga.edu/category/in-depth/visual-journalism/woodall/,Athens,"Public, Has any Journalism program, Population size is above 20 thosands",6,16,1,6,,,2006,,"For one weekend every spring, 18-20 photojournalism students descend on a rural county in northern Georgia, reporting stories about the communities and people who live there. First launched in 2006 by lecturer Mark Johnson, the workshop is the signature event of the Grady College of Journalism and Mass Communication’s documentary photojournalism course each spring. (Student enrolled in the fall semester get a similar experience during a workshop at the state fair.) Over the last 20 years, the workshop has been held in 17 different counties. Before the workshop begins, students develop and pitch story ideas, so when they arrive in the county for that weekend, they’re ready to jump into their reporting. Johnson invites experienced photojournalists to come work through the weekend as coaches, reviewing the material students gather with them each day. Before each workshop, Johnson establishes partnerships with local news outlets to distribute the stories. After each workshop, local news partners often publish initial photos spreads. Then, the outlets have the option to pick up students’ projects, including photo essays and multimedia pieces. The student work is also published on the college’s website.
 
The class includes a mixture of students in their second and third photojournalism semesters. This mixture creates a dynamic where the more experienced students serve as mentors for students who are not as far along. “Part of the program's core belief is that knowledge is not yours, and so you have a responsibility to help others within the class,” says Johnson. “The goal is for everybody to get better at this.”",,Georgia,-83.37494524,33.95682576,139959,,,,"Emailed, Waiting on Response"
University of Massachusetts-Dartmouth,MA,"News Academic Partnership, 2024 or Earlier","Students in the collaborative have created content for the New Bedord Light, a digital nonprofit news outlet, as well as Cape and Islands NPR stations which cover Cape Cod, Nantucket, Martha’s Vineyard, the South Coast.",Student Media Collaborative,,,,,Public Media,Department of English & Communication,,North Dartmouth,"Public, Population size 10-20 thousands, No Journalism",,,,,,,,2023 Faculty Champion,,,Massachusetts,-72.51357214,42.46582753,167987,UMass Dartmouth's Student Media Collaborative Creates Journalism Opportunities (2024),,,"Emailed, Waiting on Response"
Arkansas State University,AR,"News Academic Partnership, 2024 or Earlier","In this required practicum course, students cover news in the Mississippi Delta in Arkansas either via reporting or editing roles, and make their reporting available to partnership news publications.",Delta Digital New Service,"The Delta Digital News Service is a practicum course that is required for students doing a news emphasis. The program is facilitated by an advisor, and through each practicum course, students report news in the Mississippi Delta in Arkansas. Students assume various newsroom roles, including reporting on specific beats (such as education, local government and health) and sometimes also take on editing roles that involve more management of the service. All news stories students produce are published on the website. Any news publication can republish the stories, giving credit to the news service and the student journalist.",,,,"Part of a Class, Students Get Course Credit, ""Democracy, Governance & Elections""",School of Media & Journalism,https://deltanewsservice.wordpress.com/,Jonesboro,"Public, Has any Journalism program, Population size 10-20 thousands",,,,,,,,,"The Delta Digital News Service is a practicum course that is required for students doing a news emphasis. The program is facilitated by an advisor, and through each practicum course, students report news in the Mississippi Delta in Arkansas. Students assume various newsroom roles, including reporting on specific beats (such as education, local government and health) and sometimes also take on editing roles that involve more management of the service. All news stories students produce are published on the website. Any news publication can republish the stories, giving credit to the news service and the student journalist.",,Arkansas,-90.68009,35.84279,106458,Students learn critical reporting skills at Delta Digital (2023),,,"Emailed, Waiting on Response"
University of Vermont,VT,"News Academic Partnership, 2024 or Earlier","CNS partners with 15 community news and statewide media, providing professionally edited student-reported stories to media partners.",Community News Service,"The Community News Service (CNS) program is both course-based and internship-based. It operates through a journalism internship course, where students report and write for local news outlets across the state. Additionally, an advanced section allows students to cover specialized beats, such as statehouse reporting and environmental journalism. CNS is deeply embedded in news-academic partnerships. It partners with over 10 local community news outlets, providing student-reported stories that serve under-covered regions. The program also launched Winooski News, a local community news outlet. CNS&#39;s faculty and students work closely with local editors, who publish student work in real-world publications. The contents are focuses on Community-based local news reporting; Statehouse reporting and public affairs coverage; Specialized beats such as environmental journalism, arts, and the creative economy; Investigative and data-driven reporting (planned for future expansion).",,,,,College of Arts and Sciences,https://vtcommunitynews.org/about/,Burlington,"Public, Has any Journalism program, Population size 10-20 thousands",,,,,,,2019,,"The Community News Service (CNS) program is both course-based and internship-based. It operates through a journalism internship course, where students report and write for local news outlets across the state. Additionally, an advanced section allows students to cover specialized beats, such as statehouse reporting and environmental journalism. CNS is deeply embedded in news-academic partnerships. It partners with over 10 local community news outlets, providing student-reported stories that serve under-covered regions. The program also launched Winooski News, a local community news outlet. CNS&#39;s faculty and students work closely with local editors, who publish student work in real-world publications. The contents are focuses on Community-based local news reporting; Statehouse reporting and public affairs coverage; Specialized beats such as environmental journalism, arts, and the creative economy; Investigative and data-driven reporting (planned for future expansion).",,Vermont,-73.20062,44.47539,231174,University of Vermont's Community News Service engages students from all fields (2024),,https://www.uvm.edu/sites/default/files/Center-for-Community-News/pdfs/fact%20sheets/University_of_Vermont.pdf,"Emailed, Waiting on Response"
Buffalo State University,NY,"News Academic Partnership, 2024 or Earlier","Students in a digital sports journalism class produce a weekly half-hour online video program that covers high school, campus and national sports.",Buffalo Sports Insider,"Students in a digital sports journalism class produce a weekly half-hour online video program that covers high school, campus and national sports.",Dedicated website; social media streaming,,,"Sports, Part of a Class, Students Get Course Credit, Broadcast",School of Arts and Sciences; Department of Communication,"http,//buffalosportsinsider.com/",Buffalo,"Public, Has any Journalism program,  Population size 5-10 thousands",Same for all 3 Buffalo State programs,Same for all 3 Buffalo State programs,Same for all 3 Buffalo State programs,Same for all 3 Buffalo State programs,"Written, Video",Web,Not 2025,,,,New York,,,,,,,Complete
Buffalo State University,NY,"News Academic Partnership, 2024 or Earlier",Students in a broadcast operations class and a digital and broadcast production class work in partnership with the Buffalo Broadcasters Association to produce a weekly local news panel discussion program that airs on Buffalo television station WNYO.,Broadcasting Buffalo,Students in a broadcast operations class and a digital and broadcast production class work in partnership with the Buffalo Broadcasters Association to produce a weekly local news panel discussion program that airs on Buffalo television station WNYO. Professionals with the Buffalo Broadcasters Association provide guidance and technical assistance to students.,WNYO-TV,,,"Part of a Class, Students Get Course Credit, ""Democracy, Governance & Elections"", Statehouse",School of Arts and Sciences; Department of Communication,broadcastingbuffalo.com,Buffalo,"Public, Has any Journalism program,  Population size 5-10 thousands","Approximately 30 per semester, including students who may be enrolled in more than one class involved in a local news or sports partnership","Approximately 65 stories total across all local news and sports partnerships, including 30 weekly sports podcasts, 8 televised news programs and 42 multi-platform news stories",1 (for the Broadcasting Buffalo program),n/a [Or the same as the total numbeer of stories published--mb],Video,TV,Not 2025,,,,New York,,,,,,,"Emailed, Waiting on Response"
Buffalo State University,NY,"News Academic Partnership, 2024 or Earlier","Student reporters cover the neighborhood that surrounds the university and produce multimedia content for a dedicated website, Buffalo Review West; their work provides news coverage for an area that lost its community newspaper several years ago.",Buffalo Review West,"Student reporters cover the neighborhood that surrounds the university and produce multimedia content for a dedicated website, Buffalo Review West; their work provides news coverage for an area that lost its community newspaper several years ago.",Dedicated website,,,"Part of a Class, Underserved Community Reporting, Students Get Course Credit, ""Democracy, Governance & Elections""",School of Arts and Sciences; Department of Communication,bscbengalnews.blogspot.com,Buffalo,"Public, Has any Journalism program,  Population size 5-10 thousands",Same for all 3 Buffalo State programs,Same for all 3 Buffalo State programs,Same for all 3 Buffalo State programs,Same for all 3 Buffalo State programs,"Written, Video",Web,Not 2025,2024 Faculty Champion,,,New York,-78.87883651,42.93263688,196130,https://www.uvm.edu/ccn/news/buffalo-state-university-online-news-site-fills-void-community-coverage,,,"Transcript Submitted, Waiting on Impact Survey"
Hofstra University,NY,"News Academic Partnership, 2024 or Earlier","The Long Island Advocate publishes student journalism focused on off-campus reporting, with an emphasis on six communities around Hofstra University.",Long Island Advocate,"The Long Island Advocate publishes student journalism focused on off-campus reporting, with an emphasis on six communities around Hofstra University, on the Advocate’s website. The Advocate covers culture/arts, food/nutrition, police reform, education, healthcare, housing, LGBTQ++ issues, environment, gender, youth empowerment and immigration.

In spring 2026, a new class will focus on reporting on two communities of color near the university that research has shown have been historically under- or mis-represented in the media. The stories from that class will be published in the Advocate and by local media partners. The class will give students in-depth reporting experience while also supporting expanded media coverage in the communities of focus. 

The Advocate has established partnerships with local media outlets including Herald Community Newspapers, which publishes student content in its 22 local papers; The Long Island Press; and La Tribuna Hispana, a Spanish-language newspaper. In spring 2025, Herald Community Newspapers and La Tribuna Hispana partnered with the Advocate to publish a series of stories on the Trump administration’s immigration policies.

Other media partners include PBS member station WLIW and NPR member station WLIW-FM, which partnered with the Advocate on selected coverage of the 2024 election, as well as WRHU-FM, a university-owned and operated radio station. The Swing Agency, a student-run public relations firm, also provides services to the Advocate.WLIW","Dedicated website; Local news outlets including Herald Community Newspapers, La Tribuna Hispana, The Long Island Press, WRHU-FM, NPR member station WLIW-FM and PBS member station WLIW",,,"""Democracy, Governance & Elections"", Science/Environment, Underserved Community Reporting, Students Get Course Credit, Part of a Class, Sports",Lawrence Herbert School of Communication,https://longislandadvocate.com/,Hempstead,"Private, Has any Journalism program, Population size 10-20 thousands",Approximately 100-125 students total contributed stories to The Advocate. Four graduate research assistants and undergraduate students were assigned to The Advocate.,Approximately 140-150,"More than 20, including the Herald Community Newspapers chain and PBS and NPR member stations",[Didn't ask -- will ask -- mb],"Written, Video",Web,2020,2024 Faculty Champion,,,New York,-73.59976,40.71675,191649,https://www.uvm.edu/ccn/news/hofstra-university-website-gives-students-hands-experience,,,"Transcript Submitted, Waiting on Impact Survey"
Hofstra University,NY,"News Academic Partnership, 2024 or Earlier","Student journalists research, write, produce and broadcast news for WRHU, an FCC-licensed community radio station owned and operated by Hofstra University. ",WHRU,"Student journalists research, write, produce and broadcast news for WRHU, an FCC-licensed community radio station owned and operated by Hofstra University. Their work includes a daily two-hour talk show that covers local issues as well as national and international news. They also produce and distribute live sports coverage, including game broadcasts for the NHL's New York Islanders, other professional sports events and university athletics.
","WRHU-FM, WRHU.org, FLOSports and WRHU social media accounts  
",,,"""Democracy, Governance & Elections"", Science/Environment, Sports",Lawrence Herbert School of Communication,https://www.hofstra.edu/wrhu/,Hempstead,"Private, Has any Journalism program, Population size 10-20 thousands",300+,"1,500+",3+,[She said 12+ but that doesn't sound right -- I'm following up with her. -mb],"Audio, Written","Web, Broadcast radio",Not 2025,,,,New York,,,,,,,Complete
Marist University,NY,"News Academic Partnership, 2024 or Earlier",Students in a documentary production class at Marist University partner with local nonprofit newsrooms to create short video documentaries. ,Documentary Production,"Students in a documentary production class partner with local nonprofit newsrooms to create short video documentaries. In the class, students are placed into teams and select stories from options suggested by the local media partners. The media partners, which change from year to year, are hyperlocal online outlets; some also offer print products.

During the course of the term, students progress through benchmarked stages of production as they learn how to take a story and make it into a successful documentary. The media partners publish the finished documentaries on their websites and YouTube channels. Some have also held public screenings. The subjects of the films, the media partners and friends and family of the program are also invited to an end-of-term screening, where several of the films are shown.",Local nonprofit media outlets,,,"Part of a Class, Students Get Course Credit",School of Communications and the Arts,,Poughkeepsie,"Private, Has any Journalism program,  Population size 5-10 thousands",12,4 documentaries,5,n/a,Video,"Web, Online streaming",Not 2025,,,,New York,,,,,,,Complete
St. Bonaventure University,NY,"News Academic Partnership, 2024 or Earlier","Students at St. Bonaventure University’s Jandoli School of Communication report for the online news site TAPinto Greater Olean — mostly, as part of an experiential learning news coverage course, but also to earn internship hours. Established in 2016 as part of the TAPinto network, a franchise-based local news network, the site serves the communities surrounding the university. Students report in areas including local government, events and breaking news; they report and write, take photos and sometimes produce videos.",TAPinto Greater Olean,"Students at St. Bonaventure University’s Jandoli School of Communication report for the online news site TAPinto Greater Olean — mostly, as part of an experiential learning news coverage course, but also to earn internship hours. Established in 2016 as part of the TAPinto network, a franchise-based local news network, the site serves the communities surrounding the university. Students report in areas including local government, events and breaking news; they report and write, take photos and sometimes produce videos.",Dedicated website,,,"""Democracy, Governance & Elections"", Science/Environment, Underserved Community Reporting, Part of a Class, Students Get Course Credit",School of Communication,tapinto.net/towns/greater-olean,Saint Bonaventure,"Private, Has any Journalism program, Faith-Based, Population size less 5 thousands",13,"Approximately 100 news stories from enrolled students, plus approximately 50 sports stories and contributions from other students","Stories are shared with other TAPinto franchises, which may republish them, generally if the content or the writer have a connection to the franchise's location. There are more than 95 TAPinto franchises. [I've asked for a closer estimate and will update if received. --mb]",n/a  [I've asked for an estimate and will update if received. --mb],Written,Web,2016,,,,New York,-78.4812,42.08057,195164,https://www.uvm.edu/ccn/news/st-bonaventure-joins-news-franchise-network-increase-student-impact,,https://www.uvm.edu/sites/default/files/Center-for-Community-News/pdfs/fact%20sheets/St_Bonaventure_University_-_Edits.pdf,Complete
Stony Brook University,NY,"News Academic Partnership, 2024 or Earlier",Working Newsroom is a journalism course that produces student content for local media partners.,Working Newsroom,Working Newsroom is a journalism course that connects students with local media partners to produce content for publication. Students cover everything from community events and local politics to feature stories and obituaries. ,Local media outlets,,,"""Democracy, Governance & Elections"", Underserved Community Reporting, Science/Environment, Students Get Course Credit, Part of a Class",School of Communication and Journalism,,Stony Brook,"Public, Has any Journalism program, Population size is above 20 thosands",26,95,8,95,Written,"Print, Web",Not 2025,2024 Faculty Champion,,,New York,-73.11988822,40.90828519,196097,,,,Complete
SUNY Oneonta,NY,"News Academic Partnership, 2024 or Earlier","Students report on community news for local media partner Iron String Press, publisher of local news website AllOtsego.com and newspapers including Hometown Oneonta. ",Local media partnership,"Students report on community news for local media partner Iron String Press, publisher of local news website AllOtsego.com and newspapers including Hometown Oneonta. ",Local media outlets,,,"""Democracy, Governance & Elections""",Department of Communication & Media,,Oneonta,"Public, Has any Journalism program,  Population size 5-10 thousands",,,,,Written,"Web, Print","2024, I think",2024 Faculty Champion,,,New York,,,,,,,Complete
Syracuse University,NY,"News Academic Partnership, 2024 or Earlier",Student reporters analyze and organize documents obtained through public records requests related to police misconduct in New York and report on their findings in stories published by local media partners.,Police Accountability Reporting,Student reporters analyze and organize documents obtained through public records requests related to police misconduct in New York and report on their findings in stories published by local media partners.,"Local corporate and nonprofit media partners including The (Rochester) Democrat and Chronicle, The Journal News and Central Current; University-operated news platform The NewsHouse.
",,,"Statehouse, ""Democracy, Governance & Elections"", Part of a Class, Students Get Course Credit",Newhouse School of Public Communications,https://www.thenewshouse.com/,Syracuse,"Private, Has any Journalism program, Population size is above 20 thosands","About 15 students worked on documents and data analysis related to New York police officer misconduct, contributing to stories published in 2024 and 2025","In 2024, a class of about 15 students worked on data analysis of police officer driving accidents, which was used in stories in 2024.","Three outlets published student work in 2024, The Rochester Democrat and Chronicle, Central Current and TheNewshouse.com.",Two 2024 student interns were published with specific bylines in 2024 (publishing a total of 7 stories across three platforms). These two and another 2024 student intern were named in a group tagline on project stories (Approximately 15 stories total) and the rest of the 2024 students contributed data analysis to larger stories and were not named. ,Written,"Web, Print",,,,,New York,,,,,,,Complete
Syracuse University,NY,"News Academic Partnership, 2024 or Earlier","Students volunteer and intern at NPR member station WAER (a Syracuse University licensee), working in areas including sports coverage, news reporting, podcast and audio editing, web writing, on-air hosting and social media content creation.",WAER,"Students volunteer and intern at NPR member station WAER (a Syracuse University licensee), working in areas including sports coverage, news reporting, podcast and audio editing, web writing, on-air hosting and social media content creation.",NPR member station WAER-FM,,,"Independent Public Radio Housed on Campus, Students Get Course Credit",Newhouse School of Public Communications,"http,//waer.org",Syracuse,"Private, Has any Journalism program, Population size is above 20 thosands",,,,,Audio,"Broadcast radio, Web",,,"Students volunteer and intern at NPR member station WAER (a Syracuse University licensee), working in areas including sports coverage, news reporting, podcast and audio editing, web writing, on-air hosting and social media content creation.",,New York,-76.13664,43.04027,196413,https://www.uvm.edu/ccn/news/syracuse-university-and-waer,,"Syracuse University, WAER",Complete
University at Albany,NY,"News Academic Partnership, 2024 or Earlier",Journalism students cover a range of local stories for local newspaper Spotlight News.,Spotlight News Partnership,Journalism students cover a range of local stories for local newspaper Spotlight News.,Local newspaper,,,"""Democracy, Governance & Elections"", Part of a Class, Students Get Course Credit",Department of Communications,"http,//spotlightnews.com",Albany,"Public, Has any Journalism program, Population size 10-20 thousands",4,13,1,13,Written,Web,2024,"2024 Faculty Champion, 2025 Faculty Champion",,"""Unclear but one did make the front page of the newspaper edition, and one made the front page of their Arts & Culture section. (I am reluctant to ask now because they are in the middle of a contaminated well-water investigation and they have told me they won’t be as available but to carry on.)""",New York,,,,,,,Complete
Columbia University,NY,"News Academic Partnership, 2024 or Earlier","Columbia News Service publishes multimedia journalism by Columbia Journalism School students across a range of topics, including local news, and makes it available for republishing by other news organizations. ",Columbia News Service,"Columbia News Service publishes multimedia journalism by Columbia Journalism School students across a range of topics, including local news, and makes it available for republishing by other news organizations. ",Dedicated website; republishing by other news organizations,,,"""Democracy, Governance & Elections"", Underserved Community Reporting, Multimedia/Social Media",Columbia Journalism School,https://columbianewsservice.com/,New York,"Private, Has any Journalism program, Population size less 5 thousands",,,,,"Written, Video, Audio",Web,Not 2025,,,,New York,-73.96365,40.80816,190150,,,,Complete
Craig Newmark Graduate School of Journalism at CUNY,NY,"News Academic Partnership, 2024 or Earlier",NYCity News Service covers New York City neighborhoods and produces special news reports on a variety of topics; the service feeds stories to various news partners and makes its content available for republication.,NYCity News Service,NYCity News Service covers New York City neighborhoods and produces special news reports on a variety of topics; the service feeds stories to various news partners and makes its content available for republication.,Dedicated website; republishing by other news organizations,,,"""Democracy, Governance & Elections"", Science/Environment, Underserved Community Reporting",Craig Newmark Graduate School of Journalism,https://www.nycitynewsservice.com/,New York,"Private, Has any Journalism program, Population size 10-20 thousands",100+ (estimated),?? [that's what she wrote --mb],Approximately 12,100+ (estimated) ,Written,Web,,,,,New York,-73.98416617,40.74896567,190576,https://www.uvm.edu/news/ccn/cuny-school-offers-outlet-students-and-city,,,Complete
SUNY Oswego,NY,"News Academic Partnership, 2024 or Earlier",Student reporters in classes report for local community papers and produce audio for radio station re-broadcast. ,Audio reporting,Student reporters in classes report for local community papers and produce audio for radio station re-broadcast. ,Local media outlets,,,Broadcast,Department of Communication Studies,,Oswego,"Public, Has any Journalism program,  Population size 5-10 thousands",,,,,,,,2024 Faculty Champion,,,New York,,,,,,,Complete
Columbia University,NY,"News Academic Partnership, 2024 or Earlier","In City Newsroom, a 15-week graduate-level multimedia course, students serve as local beat reporters covering New York City and create text, video and audio stories.",City Newsroom,"In City Newsroom, a 15-week graduate-level multimedia course, students serve as local beat reporters covering New York City. Students are assigned beats including politics, education, transportation, climate, arts and culture, and public health. Students create text, video and audio stories.

The course also gives students direct access to high-profile newsmakers. Each week, the class conducts a group interview with a New York City civic leader. These interviews, along with students’ other work, are published on the City Newsroom website; some are also published by local media outlets.
",Dedicated website; republishing by other news organizations,,,"Part of a Class, ""Democracy, Governance & Elections"", Underserved Community Reporting, Students Get Course Credit",Columbia Journalism School,citynewsroomcjs.com,New York,"Private, Has any Journalism program, Population size less 5 thousands",,,,,"Written, Video, Audio","Web, Podcast",Not 2025,,,,New York,,,,,,,Complete
New York University,NY,"News Academic Partnership, 2024 or Earlier",The university operates several online media outlets including Pavement Pieces (graduate students) and Cooper Squared (undergraduates). Student reporting completed within specific classes and independently is also regularly published and shared to media outlets ranging from hyper-local sites to major national media organizations.,Pavement Pieces and Cooper Squared,"The university operates several online media outlets that cover local news, including Pavement Pieces (graduate students) and Cooper Squared (undergraduates). Student reporting completed within specific classes and independently is also regularly published by outlets ranging from hyperlocal news sites to major national media organizations.",Dedicated website; Media outlets ranging from hyperlocal news sites to major national media organizations,,,"""Democracy, Governance & Elections"", Science/Environment, Sports, Statehouse",Arthur L. Carter Journalism Institute,https://pavementpieces.com/ ; https://coopersquared.com/ ; https://journalism.nyu.edu/our-work/getting-published/,New York,"Private, Population size is above 20 thosands, Has any Journalism program",,,,,"Written, Video, Audio",Web,Not 2025,,,,New York,-74.0145012,40.88981955,193900,https://www.uvm.edu/ccn/news/local-news-collaborations-nyus-arthur-l-carter-journalism-institute,,,"Emailed, Waiting on Response"
Pace University,NY,"News Academic Partnership, 2024 or Earlier","Students produce multimedia reporting for the Pleasantville Press, a hyperlocal news site that covers the community around the university’s Pleasantville campus. ",Pleasantville Press,"Students produce multimedia reporting for the Pleasantville Press, a hyperlocal news site that covers the community around the university’s Pleasantville campus. ",Dedicated website; local newspaper,,,"""Democracy, Governance & Elections"", Science/Environment, Students Get Course Credit",Dyson College of Arts and Sciences,pleasantvillepress.com/ ,Pleasantville,"Private, Has any Journalism program, Population size 10-20 thousands",,,,,Written,Web,Not 2025,2025 Faculty Champion,,,New York,,,,,,,"Emailed, Waiting on Response"
Syracuse University,NY,"News Academic Partnership, 2024 or Earlier","Students collaborate on an annual in-depth, multimedia reporting project on a single topic of regional or statewide interest; the stories are published by local, regional and national media partners.",In-depth Reporting Project,"Students collaborate on an annual in-depth, multimedia reporting project on a single topic of regional or statewide interest; the stories are published by local, regional and national media partners.","Local and national media outlets including The (Rochester) Democrat and Chronicle, ICT (formerly Indian Country Today), the (Utica) Observer-Dispatch, syracuse.com and NPR member station WAER-FM; University-operated news platform The NewsHouse",,,"Statehouse, ""Democracy, Governance & Elections"", Science/Environment",Newhouse School of Public Communications,"http,//thenewshouse.com/",Syracuse,"Private, Has any Journalism program, Population size is above 20 thosands",,,,,"Written, Video, Audio","Web, Print",Not 2025,,,,New York,,,,,,,"Emailed, Waiting on Response"
Abilene Christian University,TX,"News Academic Partnership, 2024 or Earlier","Abilene Christian University manages KACU, the public radio station that serves the greater Abilene area and directly engages student reporters, editors and producers to work alongside professionals in the newsroom.",Journalism and Mass Communications Program,"From previous survey, ""The Advanced Reporting course is course-based, with students publishing news stories as part of their coursework. The course is not limited to journalism majors, but students must complete a media writing prerequisite. There is some recognition and support for student media, but administrative backing is uncertain due to the dean stepping down. The student media operations include radio, television, and an agency, suggesting partnerships may exist but could be strengthened. The content focuses on In-depth reporting, Wall Street Journal-style feature writing (A-Hed assignments), General news coverage, Developing more video journalism opportunities.""",,,,Independent Public Radio Housed on Campus,Department of Journalism and Mass Communication,https://www.kacu.org/; https://www.westtexastribune.org/news/ ,Abilene,"Private, Has any Journalism program, Faith-Based, Population size 10-20 thousands",,,,,,,,,"From previous survey, ""The Advanced Reporting course is course-based, with students publishing news stories as part of their coursework. The course is not limited to journalism majors, but students must complete a media writing prerequisite. There is some recognition and support for student media, but administrative backing is uncertain due to the dean stepping down. The student media operations include radio, television, and an agency, suggesting partnerships may exist but could be strengthened. The content focuses on In-depth reporting, Wall Street Journal-style feature writing (A-Hed assignments), General news coverage, Developing more video journalism opportunities.""",,Texas,-99.70737194,32.47028678,222178,,,,"Transcript Submitted, Waiting on Impact Survey"
Arizona State University,AZ,"News Academic Partnership, 2024 or Earlier","Cronkite Sports class, a capstone class for upperclassmen majoring in journalism as well as master’s students, acts as a teaching hospital for student journalists who produce sports stories that air on Arizona PBS, its main partner, and more than 170 additional publication partners regularly publish their content.","Cronkite News, Sports",,,,,"Part of a Class, Students Get Course Credit",Walter Cronkite School of Journalism and Mass Communication,https://cronkitenews.azpbs.org/sports/,Pheonix,"Public, Minority-Serving Institution, Has any Journalism program, Population size is above 20 thosands",,,,,,,,,,,Arizona,,,,,,,"Transcript Submitted, Waiting on Impact Survey"
Arizona State University,AZ,"News Academic Partnership, 2024 or Earlier","In this capstone class, Students learn how to report and produce Spanish-language content across audio, broadcast, digital and social media, and showcase their work on Cronkite News and is distributed broadly. ",Cronkite Noticias,,,,,"Spanish Language Reporting, Broadcast, Students Get Course Credit, Part of a Class, Multimedia/Social Media",Walter Cronkite School of Journalism and Mass Communication,https://cronkitenews.azpbs.org/noticias/,Pheonix,"Public, Minority-Serving Institution, Has any Journalism program, Population size is above 20 thosands",,,,,,,,,,,Arizona,,,,,,,"Transcript Submitted, Waiting on Impact Survey"
Arizona State University,AZ,"News Academic Partnership, 2024 or Earlier",Students report from D.C. and content is shared on Cronkite news channels and with media partners.,Cronkite News D.C. Bureau,,,,,"""Democracy, Governance & Elections"", Broadcast",Walter Cronkite School of Journalism and Mass Communication,https://cronkitenews.azpbs.org/category/politics/,Tempe,"Minority-Serving Institution, Public, Has any Journalism program, Population size is above 20 thosands",,,,,,,,,,,Arizona,,,,,,,"Transcript Submitted, Waiting on Impact Survey"
Florida International University,FL,"News Academic Partnership, 2024 or Earlier","A faculty-advised, hands on program producing content in Spanish, involving both new and traditional media including multi-media reporting with content shared with Miami news outlets.",Caplin News en Español,,,,,"Spanish Language Reporting, Broadcast",Lee Caplin School of Journalism and Media,https://caplinnews.fiu.edu/contact/,North Miami,"Minority-Serving Institution, Public, Has any Journalism program, Population size is above 20 thosands",,,,,,,,,,,Florida,,,,,,,"Emailed, Waiting on Response"
University of Arizona,AZ,"News Academic Partnership, 2024 or Earlier",Students in a capstone reporting class write for lthe Arizona Sonoran News.,Arizonan Sonaran News Wire,,,,,"Part of a Class, Students Get Course Credit",College of Social & Behaviorial Sciences; School of Journalism,https://arizonasonorannews.com/,Tucson,"Public, Minority-Serving Institution, Has any Journalism program, Population size is above 20 thosands",,,,,,,,,,,Arizona,,,,,,,"Emailed, Waiting on Response"
Florida Atlantic University,FL,"News Academic Partnership, 2024 or Earlier","Guided by experienced journalism faculty, students produce stories for a community news site that serves as a source of content for major local media outlets including The Miami Herald, The Palm Beach Post, The South Florida Sun-Sentinel and WLRN, an NPR affiliate.",MediaLab@FAU,,,,,Public Media,School of Communication and Multimedia Studies,https://www.medialabfau.com/,Boca Raton,"Public, Minority-Serving Institution, Has any Journalism program, Population size is above 20 thosands",,,,,,,,,,,Florida,-80.1019,26.3737,133669,https://www.uvm.edu/ccn/news/students-report-south-florida-through-medialabfau,,,"Emailed, Waiting on Response"
North Carolina A & T State University,NC,"News Academic Partnership, 2024 or Earlier",Students reporters under the direction of profesional editors share content with area media partners and in collaboration with the student newspaper. ,Student Reporting,"From previous survey, They have both courses and internship programs. Courses integrate student work, and interns assist with content review. Students get bylines also paid. The program runs storieswetell.news with contract editors and faculty involvement. The student’s content focuses on Multiplatform reporting, feature writing, community storytelling, and public relations writing.",,,,Student Media,Department of Journalism and Mass Communications,,Greensboro,"Public, Minority-Serving Institution, Has any Journalism program, Population size 10-20 thousands",,,,,,,2024,2023 Faculty Champion,"From previous survey, They have both courses and internship programs. Courses integrate student work, and interns assist with content review. Students get bylines also paid. The program runs storieswetell.news with contract editors and faculty involvement. The student’s content focuses on Multiplatform reporting, feature writing, community storytelling, and public relations writing.",,North Carolina,-79.76824881,36.0775046,199102,,,,"Emailed, Waiting on Response"
University of Kansas,KS,"News Academic Partnership, 2024 or Earlier",This program parterns students at the University of Kansas with students at Haskell Nation's University to produce a radio show that is aired across Kansas. ,Good Morning Indian Country Radio News Station,,,,,Broadcast,William Allen White School of Journalism and Mass Communications,https://www.facebook.com/GoodMorningIndianCountry/,Lawrence,"Public, Has any Journalism program, Population size is above 20 thosands",,,,,,,,2023 Faculty Champion,,,Kansas,,,,,,,"Emailed, Waiting on Response"
Central Connecticut State University,CT,"News Academic Partnership, 2024 or Earlier","Through the statewide Connecticut Student Journalism Collaborative (CTSJC), students submit stories that are shared across the state to fill the gaps in local coverage.",Connecticut Student Journalism Collaborative,,,,,Statewide or Regional Collaborative,Department of Journalism,https://ctcommunitynews.org/,New Britain,"Public, Has any Journalism program,  Population size 5-10 thousands",,,,,,,,,,,Connecticut,,,,,,,"Emailed, Waiting on Response"
Connecticut State Community College,CT,"News Academic Partnership, 2024 or Earlier","Through the statewide Connecticut Student Journalism Collaborative (CTSJC), students submit stories that are shared across the state to fill the gaps in local coverage.",Connecticut Student Journalism Collaborative,,,,,Statewide or Regional Collaborative,The Center for New Media,https://ctcommunitynews.org/,New Britain,"Public, Community College, No Journalism , Population size is above 20 thosands",,,,,,,,2024 Faculty Champion,,,Connecticut,,,,,,,"Emailed, Waiting on Response"
Salt Lake Community College,UT,"News Academic Partnership, 2024 or Earlier",Amplify Utah creates a bridge for student journalists to publish with The Salt Lake Tribune and other local media and elevate diverse perspectives while providing emerging storytellers professional exposure.,"Utah College Media Collaborative, Amplify Utah","They have both courses and internship programs. Mainly courses integrate real-world journalism projects in collaboration with professional media outlets. They also have strong partnerships with Amplify Utah, The Salt Lake Tribune, KRCL, The Other Side Academy, PBS Utah, and The Great Salt Lake Collaborative. Their content focuses on Community storytelling, underrepresented voices, homelessness, media literacy, and local news coverage.",,,,,Journalism and Digital Media Department,https://www.sltrib.com/amplify-utah/,Salt Lake City,"Community College, Public, Has any Journalism program, Population size is above 20 thosands",,,,,,,,2023 Faculty Champion,"They have both courses and internship programs. Mainly courses integrate real-world journalism projects in collaboration with professional media outlets. They also have strong partnerships with Amplify Utah, The Salt Lake Tribune, KRCL, The Other Side Academy, PBS Utah, and The Great Salt Lake Collaborative. Their content focuses on Community storytelling, underrepresented voices, homelessness, media literacy, and local news coverage.",,Utah,-111.887,40.7338,230746,https://www.uvm.edu/ccn/news/non-profit-amplifies-student-journalism-utah,,,"Emailed, Waiting on Response"
University of Utah,UT,"News Academic Partnership, 2024 or Earlier",Amplify Utah creates a bridge for student journalists to publish with The Salt Lake Tribune and other local media and elevate diverse perspectives while providing emerging storytellers professional exposure.,"Utah College Media Collaborative, Amplify Utah","They have both courses and internship programs. Mainly courses integrate real-world journalism projects in collaboration with professional media outlets. They also have strong partnerships with Amplify Utah, The Salt Lake Tribune, KRCL, The Other Side Academy, PBS Utah, and The Great Salt Lake Collaborative. Their content focuses on Community storytelling, underrepresented voices, homelessness, media literacy, and local news coverage.",,,,Statewide or Regional Collaborative,Department of Communication,https://www.sltrib.com/amplify-utah/,Salt Lake City,"Public, Has any Journalism program, Population size is above 20 thosands",,,,,,,,2023 Faculty Champion,"They have both courses and internship programs. Mainly courses integrate real-world journalism projects in collaboration with professional media outlets. They also have strong partnerships with Amplify Utah, The Salt Lake Tribune, KRCL, The Other Side Academy, PBS Utah, and The Great Salt Lake Collaborative. Their content focuses on Community storytelling, underrepresented voices, homelessness, media literacy, and local news coverage.",,Utah,-111.887,40.7338,230746,https://www.uvm.edu/ccn/news/non-profit-amplifies-student-journalism-utah,,,"Emailed, Waiting on Response"
Southern Adventist University,TN,"News Academic Partnership, 2024 or Earlier","This program has a news-academic partnership with the Chattanooga Times Free Press, publishing student-reported community news stories.",The Southern Accent,"From previous survey, Course-based – Students in News Reporting and Investigative Reporting classes contribute to the student newspaper and community news coverage. They have a news-academic partnership with the Chattanooga Times Free Press, republishing community news stories. Plans to expand coverage and create a standalone community news product. Students contents focuses on campus and Collegedale community news, investigative journalism, and public affairs reporting.",,,,,School of Journalism and Communication,https://southern-accent.org/,Collegedale,"Private, Minority-Serving Institution, Has any Journalism program, Faith-Based, Population size less 5 thousands",,,,,,,,2023 Faculty Champion,"From previous survey, Course-based – Students in News Reporting and Investigative Reporting classes contribute to the student newspaper and community news coverage. They have a news-academic partnership with the Chattanooga Times Free Press, republishing community news stories. Plans to expand coverage and create a standalone community news product. Students contents focuses on campus and Collegedale community news, investigative journalism, and public affairs reporting.",,Tennessee,-85.05164,35.04818,221661,https://www.uvm.edu/ccn/news/community-news-innovator-southern-adventist-university,,https://www.uvm.edu/sites/default/files/Center-for-Community-News/pdfs/fact%20sheets/2/Southern_Adventist_University.pdf,"Emailed, Waiting on Response"
University of Missouri-Columbia,MO,"News Academic Partnership, 2024 or Earlier","Students staff KOMU, the NBC affiliate and a commercial TV station with a broad reach, covering 38 counties in mid-Missouri via the broadcast.",KOMU ,,,,,Broadcast,Missouri School of Journalism,https://www.komu.com/,Columbia,"Public, Has any Journalism program, Population size is above 20 thosands",,,,,,,,,,,Missouri,-92.32752293,38.94053098,178396,,,,"Emailed, Waiting on Response"
University of Missouri-Columbia,MO,"News Academic Partnership, 2024 or Earlier","Students staff KBIA, the NPR affiliate and a public radio station licensed to that is operated by the journalism program the University of Missouri.",KBIA ,,,,,Independent Public Radio Housed on Campus,Missouri School of Journalism,"https://journalism.missouri.edu/real-world-experiences/professional-media-outlets/kbia-91-3-fm/#,~,text=Mid%2DMissouri's%20NPR%2Dmember%20station",Columbia,"Public, Has any Journalism program, Population size is above 20 thosands",,,,,,,,,,,Missouri,-92.29417,38.957,178396,https://www.uvm.edu/ccn/news/public-radio-teaching-lab-mizzou,,"University of Missouri, KBIA 91.3 FM","Emailed, Waiting on Response"
University of Nevada-Reno,NV,"News Academic Partnership, 2024 or Earlier","Journalism and science students submit edited stories to public radio station KUNR, which edits and airs them. A Hitchcock student fellow supports the class but is also directly producing science stories with KUNR.",Hitchcock Project for Visualizing Science,,,,,Science/Environment,Reynolds School of Journalism,https://hitchcockproject.org/,Reno,"Public, Has any Journalism program, Population size is above 20 thosands",,,,,,,,,,,Nevada,-119.812332,39.551392,182290,https://www.uvm.edu/ccn/news/students-nevada-produce-accessible-science-journalism,,,"Emailed, Waiting on Response"
Western New England University,MA,"News Academic Partnership, 2024 or Earlier",Stories from an audio reporting class are edited and shared with WAMC.,WAMC collaboration,,,,,"Part of a Class, Students Get Course Credit, Broadcast","Department of Communication, Media and Arts",,Springfield,"Private, Has any Journalism program, Population size less 5 thousands",,,,,,,,,,,Massachusetts,,,,,,,"Emailed, Waiting on Response"
Florida International University,FL,"News Academic Partnership, 2024 or Earlier","A faculty-advised, hands on program involving both new and traditional media including multi-media reporting with content shared with Miami news outlets.",Caplin News,,,,,"""Democracy, Governance & Elections""",Lee Caplin School of Journalism and Media,https://caplinnews.fiu.edu/contact/,Miami,"Public, Minority-Serving Institution, Has any Journalism program, Population size is above 20 thosands",,,,,,,,2023 Faculty Champion,,,Florida,-80.37547573,25.75643974,133951,https://www.uvm.edu/ccn/news/students-publish-content-through-florida-media-network,,,"Emailed, Waiting on Response"
Elon University,NC,"News Academic Partnership, 2024 or Earlier",Community news reporting content is shared with local partners through the student reporting program and directly to the public.,Elon News Network,"The student reporting program operates within the School of Communication (SOC), which has grown significantly over 25 years and revised journalism curriculum in 2024. Student media is overseen by a Media Board, with 90% of participants from SOC. Establishing a new publication requires university approval and funding. The professor, a tenured faculty member and former chair, teaches a 6-course load with administrative responsibilities.",,,,,School of Communications; Journalism Department,https://www.elonnewsnetwork.com/,Elon,"Private, Has any Journalism program,  Population size 5-10 thousands",,,,,,,,,"The student reporting program operates within the School of Communication (SOC), which has grown significantly over 25 years and revised journalism curriculum in 2024. Student media is overseen by a Media Board, with 90% of participants from SOC. Establishing a new publication requires university approval and funding. The professor, a tenured faculty member and former chair, teaches a 6-course load with administrative responsibilities.",,North Carolina,-79.50673,36.10178,198516,https://www.uvm.edu/ccn/news/elon-news-network-sends-student-journalists-their-community,,,"Emailed, Waiting on Response"
Boston University,MA,"News Academic Partnership, 2024 or Earlier","Students use the latest computational tools combined with robust field reporting to produce data-driven, investigative news stories for local, regional and national news organizations.",Justice Media co-Lab,,,,,"Investigations/Watchdog, Data and/or Web Operations",College of Communication; Department of Journalism,https://www.bu.edu/justice-media/,Boston,"Private, Has any Journalism program, Population size is above 20 thosands",,,,,,,2012,,,,Massachusetts,-71.09887,42.35021,164988,https://www.uvm.edu/ccn/news/justice-media-co-lab-boston-university,,,"Emailed, Waiting on Response"
Fitchburg State University,MA,"News Academic Partnership, 2024 or Earlier","Students report on on-campus and local news for Fitchburg State’s student newspaper, The Point and local cable access TV station and republished in other local media outlets.",The Point,,,,,"Student Media, Broadcast",School of Arts and Sciences; English Studies Department,"http,//fitchburgpoint.com/",Fitchburg,"Public, Has any Journalism program,  Population size 5-10 thousands",,,,,,,,2024 Faculty Champion,,,Massachusetts,-71.7899,42.58789,165820,https://www.uvm.edu/ccn/news/fitchburg-state-university-journalism-program-creating-solutions-local-news-crisis,,,"Emailed, Waiting on Response"
Boston University,MA,"News Academic Partnership, 2024 or Earlier",Students in a multimedia newsroom class partner with local news outlets on audience and reporting projects.,Multimedia Newsroom,,,,,,Department of Journalism; College of Communication,-,Boston,"Private, Has any Journalism program, Population size is above 20 thosands",,,,,,,?,,,,Massachusetts,,,,,,,Interview Scheduled
University of Nevada-Reno,NV,"News Academic Partnership, 2024 or Earlier",Students produce Spanish Language content that is aired on noticieromovil.com and made available to news partners.,Noticiero Movil,,,,,Spanish Language Reporting,Reynolds School of Journalism,https://noticieromovil.com/,Reno,"Public, Has any Journalism program, Population size is above 20 thosands",,,,,,,,,,,Nevada,-119.812332,39.551392,182290,https://www.uvm.edu/ccn/news/bilingual-student-journalism-serves-community-nevada,,https://www.uvm.edu/ccn/bilingual-student-journalism-serves-community-nevada,Interview Scheduled
Duke University,NC,"News Academic Partnership, 2024 or Earlier","Student reporters cover Durham and state politics, and policy and content is emailed to a list of stakeholders and media partners and shared in a direct partnership with Indie Week.",9th Street Journal,,,,,"""Democracy, Governance & Elections""",DeWitt Wallace Center for Media and Democracy,https://9thstreetjournal.org/,Durham,"Private, Has any Journalism program, Population size 10-20 thousands",,,,,,,,,,,North Carolina,-78.93065,36.00009,198419,https://www.uvm.edu/ccn/news/duke-faculty-media-liaison-ensures-more-stories-are-published,,https://www.uvm.edu/sites/default/files/Center-for-Community-News/pdfs/fact%20sheets/Duke_University.pdf,Interviewed
Kent State University,OH,"News Academic Partnership, 2024 or Earlier","Students in the NewsLab and in classes produce stories which are shared with media outlets around Ohio, with a particular focus on rural community outlets. ",NewsLab,,,,,Underserved Community Reporting,School of Media & Journalism,https://www.kent.edu/mdj/newslab,Kent,"Public, Has any Journalism program, Population size is above 20 thosands",,,,,,,,2024 Faculty Champion,,,Ohio,-81.34849,41.14825,203517,https://www.uvm.edu/ccn/news/kent-state-and-ohio-newslab,,https://www.uvm.edu/sites/default/files/Center-for-Community-News/pdfs/fact%20sheets/may%2011%20fact%20sheets/Kent_State_University.pdf,Interviewed
Pennsylvania State University,PA,"News Academic Partnership, 2024 or Earlier","Students write in-depth stories in partnership with local media organizations, sometimes as part of the “In-Depth” reporting class but the focus is always off-campus serving community news needs, sometimes for credit, pay or as volunteers.",The News Lab,,,,,"Investigations/Watchdog, Part of a Class, Students Get Course Credit, Students Are Paid",Donald P. Bellisario College of Communications; Department of Journalism,https://www.bellisario.psu.edu/departments/journalism/the-news-lab,State College,"Public, Has any Journalism program, Population size is above 20 thosands",,,,,,,,,,,Pennsylvania,-77.85887,40.80709,495767,,,,Interviewed
University of Iowa,IA,"News Academic Partnership, 2024 or Earlier","Students report stories for two community papers, The Mount Vernon-Lisbon Sun and the Solon Economist under the direction of editors and faculty in a partnership between the student paper, The Daily Iowan,  and the School of Journalism and Mass Communication.",The Daily Iowan,,,,,Student Media,School of Journalism and Mass Communication,https://dailyiowan.com/,Iowa City,"Public, Has any Journalism program, Population size 10-20 thousands",,,,,,,,,,,Iowa,-91.555,41.6627,153658,https://www.uvm.edu/ccn/news/iowa-student-newspaper-acquires-two-local-outlets,,,Interviewed
University of Missouri-Columbia,MO,"News Academic Partnership, 2024 or Earlier","Multiple classes at the University feed the newsroom of a daily newspaper, the Columbia Missourian which is distributed across the county. Between 150-180 students serve as reporters, copy editors, designers, photographers and more under the direction of ten professors in the practice.",Columbia Missourian,"From previous survey, The program is course-based, offering Digital Storytelling, Advanced Multimedia Storytelling, and Broadcast Communication. These courses train students in multimedia and broadcast storytelling, but there is no mention of an internship requirement. There is no direct mention of a formal news-academic partnership, but the department is well-supported by faculty and administration. Given the success in student media competitions (BEA, SPJ, NATAS awards), students likely collaborate with external media, though formal partnerships are not explicitly stated. The students are emphasized to produce Multimedia storytelling, digital and broadcast communication; Developing high-quality media projects and Hands-on production skills in the media lab and studio.",,,,"Part of a Class, Students Get Course Credit",Missouri School of Journalism,https://www.columbiamissourian.com/,Columbia,"Public, Has any Journalism program, Population size is above 20 thosands",,,,,,,1908,,"From previous survey, The program is course-based, offering Digital Storytelling, Advanced Multimedia Storytelling, and Broadcast Communication. These courses train students in multimedia and broadcast storytelling, but there is no mention of an internship requirement. There is no direct mention of a formal news-academic partnership, but the department is well-supported by faculty and administration. Given the success in student media competitions (BEA, SPJ, NATAS awards), students likely collaborate with external media, though formal partnerships are not explicitly stated. The students are emphasized to produce Multimedia storytelling, digital and broadcast communication; Developing high-quality media projects and Hands-on production skills in the media lab and studio.",,Missouri,-92.29417,38.957,178396,https://www.uvm.edu/ccn/news/daily-missourian-teaching-hospital-mizzou,,https://www.uvm.edu/sites/default/files/Center-for-Community-News/pdfs/fact%20sheets/University_of_Missouri_.pdf,"Transcript Submitted, Waiting on Impact Survey"
West Virginia University,WV,"News Academic Partnership, 2024 or Earlier",Students produce six thirty minute news shows each semester in a broadcast capstone class that are aired on a local TV channel.,WVU News,,,,,"Students Get Course Credit, Part of a Class, Broadcast",College of Creative Arts and Media; Reed School of Media and Communications,https://journalism.wvu.edu/wvu-news,Morgantown,"Public, Has any Journalism program, Population size is above 20 thosands",,,,,,,,2025 Faculty Champion,,,West Virginia,,,,,,,"Transcript Submitted, Waiting on Impact Survey"
Arizona State University,AZ,"News Academic Partnership, 2024 or Earlier","The UMD students working in this center, funded by the Scripps Howard Foundation, produce national investigations in collaboration with other university journalism programs and professional partners such as the Associated Press, NPR and PBS NewsHour. It recently was named a Pulitzer Prize finalist in investigative journalism for a collaboration with AP, FRONTLINE and ASU.
",Howard Center for Investigative Journalism at ASU,,,,,"Investigations/Watchdog, Public Media",Walter Cronkite School of Journalism and Mass Communication,https://howardcenter.asu.edu/,Pheonix,"Public, Minority-Serving Institution, Has any Journalism program, Population size is above 20 thosands",,,,,,,,,,,Arizona,,,,,,,"Transcript Submitted, Waiting on Impact Survey"
Arizona State University,AZ,"News Academic Partnership, 2024 or Earlier","In the Cronkite News class, a capstone class for upperclassmen majoring in journalism as well as master’s students, students produce a Monday-through-Friday newscast that airs on Arizona PBS, its main partner, and more than 170 additional publication partners regularly publish their content.",Cronkite News,,,,,"Part of a Class, Students Get Course Credit, Broadcast",Walter Cronkite School of Journalism and Mass Communication,https://cronkitenews.azpbs.org/,Pheonix,"Public, Minority-Serving Institution, Has any Journalism program, Population size is above 20 thosands",,,,,,,,,,,Arizona,,,,,,,"Transcript Submitted, Waiting on Impact Survey"
Pennsylvania State University,PA,"News Academic Partnership, 2024 or Earlier","Students attend public meetings and write reports that are then reviewed, edited and circulated to stakeholders via text, email and a website for their community and surrounding counties.",Centre Documenters,,,,,"""Democracy, Governance & Elections""",Donald P. Bellisario College of Communications; Department of Journalism,https://centredocumenters.org/,State College,"Public, Has any Journalism program, Population size is above 20 thosands",,,,,,,,,,,Pennsylvania,,,,,,,"Transcript Submitted, Waiting on Impact Survey"
Pennsylvania State University,PA,"News Academic Partnership, 2024 or Earlier","CCR is a thirty-minute news show produced live twice a week focused on the greater community and coordinated through a “capstone” like class and re-broadcast on the student TV station, WPSU and streamed on five other state broadcast partners in surrounding counties.",Centre County Report,,,,,"Part of a Class, Students Get Course Credit, Broadcast, Public Media","Donald P. Bellisario College of Communications, Department of Journalism",https://www.bellisario.psu.edu/departments/journalism/centre-county-report,State College,"Public, Has any Journalism program, Population size is above 20 thosands",,,,,,,,,,,Pennsylvania,,,,,,,"Transcript Submitted, Waiting on Impact Survey"
Pennsylvania State University,PA,"News Academic Partnership, 2024 or Earlier","With the technical support of PSU media staff students attend and pull highlights from high school sports games around the region each Friday night, making the highlight reel available to for re-broadcast on six TV stations.",After the Whistle,,,,,"Student Media, Broadcast, Sports",Donald P. Bellisario College of Communications; Department of Journalism,https://bellisariostudentmedia.psu.edu/broadcast/after-the-whistle,State College,"Public, Has any Journalism program, Population size is above 20 thosands",,,,,,,,,,,Pennsylvania,,,,,,,
Southern Connecticut University,CT,"News Academic Partnership, 2024 or Earlier","Through the statewide Connecticut Student Journalism Collaborative (CTSJC), students submit stories that are shared across the state to fill the gaps in local coverage.",Connecticut Student Journalism Collaborative,,,,,Statewide or Regional Collaborative,Department of Journalism,https://ctcommunitynews.org/,New Haven,"Public, Has any Journalism program,  Population size 5-10 thousands",,,,,,,,2025 Faculty Champion,,,Connecticut,,,,,,,
University of Tennessee-Knoxville,TN,"News Academic Partnership, 2024 or Earlier","Students staff and report for WUOT, which is the NPR affiliate licensed to and housed in the School of Journalism and New Media at University of Tennessee -- Knoxville.",WUOT ,,,,,Independent Public Radio Housed on Campus,School of Journalism and Media,https://www.wuot.org/,Knoxville,"Public, Has any Journalism program, Population size 10-20 thousands",,,,,,,,2025 Faculty Champion,,,Tennessee,-83.925852,35.952082,221759,,,,
University of Missouri-Columbia,MO,"News Academic Partnership, 2024 or Earlier",A statewide business news service staffed by students.,Missouri Business Alert,,,,,Business,Missouri School of Journalism,https://www.missouribusinessalert.com/,Columbia,"Public, Has any Journalism program, Population size is above 20 thosands",,,,,,,,,,,Missouri,,,,,,,
University of Nevada-Reno,NV,"News Academic Partnership, 2024 or Earlier","University licensed public radio station KUNR supervises 3-5 interns a semester and airs content from the practicum class, the Lake Tahoe student staffed bureau and the Hitchcock Science Communications class as part of its local news coverage. ",KUNR,,,,,"Independent Public Radio Housed on Campus, Open to Non-Journalism Majors/Minors, Science/Environment",Reynolds School of Journalism,https://www.unr.edu/journalism/professional-experience/kunr,Reno,"Public, Has any Journalism program, Population size is above 20 thosands",,,,,,,,,,,Nevada,,,,,,,
University of South Florida,FL,"News Academic Partnership, 2024 or Earlier",Students produce stories for local news outlets.,Neighborhood News Bureau,"From previous survey, Course-based – Students in Broadcast News, Writing for Radio & Television, and Media Management produce content as part of their coursework. They don’t have a news-academic partnership, but in development – The program seeks to expand student-produced multimedia platforms into a standalone news agency. Their reporting pattern is to strengthen students ability to produce broadcast news, multimedia storytelling, and media management with a focus on preparing students for the professional media marketplace. The faculty did not explicitly mentioned about focus. /// Another surveyThe program is course-based, with students gaining hands-on experience through TV Practicum and Broadcast News courses. The TV capstone is a major component of the curriculum. There is no direct mention of an external news partnership, but collaboration among classes is actively being explored, and the school of mass communication is very supportive. The program focuses on TV news production, broadcast journalism, and election coverage, including high-profile events like covering a sitting U.S. president and election night reporting.",,,,,College of Arts and Sciences; Department of Journalism and Digital Communication,,Tampa,"Public, Has any Journalism program, Population size is above 20 thosands",,,,,,,,2025 Faculty Champion,"From previous survey, Course-based – Students in Broadcast News, Writing for Radio & Television, and Media Management produce content as part of their coursework. They don’t have a news-academic partnership, but in development – The program seeks to expand student-produced multimedia platforms into a standalone news agency. Their reporting pattern is to strengthen students ability to produce broadcast news, multimedia storytelling, and media management with a focus on preparing students for the professional media marketplace. The faculty did not explicitly mentioned about focus. /// Another surveyThe program is course-based, with students gaining hands-on experience through TV Practicum and Broadcast News courses. The TV capstone is a major component of the curriculum. There is no direct mention of an external news partnership, but collaboration among classes is actively being explored, and the school of mass communication is very supportive. The program focuses on TV news production, broadcast journalism, and election coverage, including high-profile events like covering a sitting U.S. president and election night reporting.",,Florida,,,,,,,
Texas Southern University,TX,"News Academic Partnership, 2024 or Earlier",Students produce stories for KTSU2 that are shared with local media partners.,KTSU2,,,,,"Student Media, Broadcast",School of Communication; Department of Journalism,,Houston,"Public, Minority-Serving Institution, Has any Journalism program,  Population size 5-10 thousands",,,,,,,,,,,Texas,,,,,,,
University of Florida,FL,"News Academic Partnership, 2024 or Earlier","Independent public radio station WUFT is staffed by student reporters, editors and producers.",WUFT,"From previous survey, The news publishing program is course-based, with Explorations in Publishing (ENG 2500) and Studies in Publishing (ENG 3700) supporting Basement Medicine, the campus newspaper. However, institutional support is being withdrawn, putting the publication’s future at risk. There is no formal news-academic partnership, but students and faculty are seeking external funding to sustain Basement Medicine. The Student Government Association and a grant from the President’s Fund have provided some support, but administrative backing is uncertain. The campus newspaper, Basement Medicine, has been in print for over 50 years, covering campus life, student perspectives, and local community issues at Vermont State University’s Johnson campus.",,,,Independent Public Radio Housed on Campus,College of Journalism and Communications,https://www.wuft.org/,Gainsville,"Public, Has any Journalism program, Population size is above 20 thosands",,,,,,,,,"From previous survey, The news publishing program is course-based, with Explorations in Publishing (ENG 2500) and Studies in Publishing (ENG 3700) supporting Basement Medicine, the campus newspaper. However, institutional support is being withdrawn, putting the publication’s future at risk. There is no formal news-academic partnership, but students and faculty are seeking external funding to sustain Basement Medicine. The Student Government Association and a grant from the President’s Fund have provided some support, but administrative backing is uncertain. The campus newspaper, Basement Medicine, has been in print for over 50 years, covering campus life, student perspectives, and local community issues at Vermont State University’s Johnson campus.",,Florida,,,,,,,
Arizona State University,AZ,"News Academic Partnership, 2024 or Earlier",The statehouse program is part of Arizona State's Cronkite News capstone class for upperclassmen majoring in journalism as well as master’s students.,Cronkite News Phoenix,"Arizona State's Cronkite News class, a capstone class for upperclassmen majoring in journalism as well as master’s students, acts as a teaching hospital for student journalists. The statehouse program is just one part of ASU’s Cronkite News class. Students take the class for credit. Students either pitch the story ideas or they are assigned story. Faculty members edit the work. Cronkite News also operates two websites that carry digital versions of its stories. One site is designated for the public to access those stories in readable format. The other is available only to partner news organizations across Arizona, which can pull content from that online menu to offer to their own readers, listeners and viewers. Partners subscribe to the daily Cronkite News digest and have unrestricted access to use Cronkite work however they choose, as long as they give the students credit. Cronkite News uses Slack with a pick-up channel that shows where its stories go. Any news organization can ask Cronkite News to join its listserv for access to the digest for free. ","Students produce a Monday-through-Thursday newscast that airs on Arizona PBS, its main partner, and about 180 additional publication partners regularly publish their content. ","Faculty say they have a lot of competition in the Phoenix metro, so most of their distribution for statehouse stores, in particular, are picked up by outlets sites that are more out of the Phoenix metro area. Therefore, they are interested in growing their potential partners.",ASU’s journalism program also runs bureaus in Washington D.C. and Los Angeles as well as a sports bureau and a Spanish language program.,"Part of a Class, Students Get Course Credit, Statehouse, ""Democracy, Governance & Elections""",Walter Cronkite School of Journalism and Mass Communication,https://cronkitenews.azpbs.org/category/politics/,Pheonix,"Public, Minority-Serving Institution, Has any Journalism program, Population size is above 20 thosands","""In the 3 semesters of 2024 Spring/ Summer Fall we had a total of 292 students enrolled in Cronkite News and Sports""","""We had approximately 1000 digital stories and 700 for broadcast for a total of 1700 stories (you mentioned “published” so did not know if that included broadcast stories “aired”)""","""This will be difficult to know as we do not track all of our partner 'pick-ups' Julia may be able to discern this better""","""Again, this is difficult to know based on the answer above. I know we had approximately 1700 stories that were published or aired on AZPBS and Cronkitenews.azpbs.org""",,,,,"Summary, Arizona State's Cronkite News class, a capstone class for upperclassmen majoring in journalism as well as master’s students, acts as a teaching hospital for student journalists. The statehouse program is just one part of ASU’s Cronkite News class. Students take the class for credit. Students either pitch the story ideas or they are assigned story. Faculty members edit the work. Cronkite News also operates two websites that carry digital versions of its stories. One site is designated for the public to access those stories in readable format. The other is available only to partner news organizations across Arizona, which can pull content from that online menu to offer to their own readers, listeners and viewers. Partners subscribe to the daily Cronkite News digest and have unrestricted access to use Cronkite work however they choose, as long as they give the students credit. Cronkite News uses Slack with a pick-up channel that shows where its stories go. Any news organization can ask Cronkite News to join its listserv for access to the digest for free. 
Distribution, Students produce a Monday-through-Thursday newscast that airs on Arizona PBS, its main partner, and about 180 additional publication partners regularly publish their content. 
Looking forward, Faculty say they have a lot of competition in the Phoenix metro, so most of their distribution for statehouse stores, in particular, are picked up by outlets sites that are more out of the Phoenix metro area. Therefore, they are interested in growing their potential partners.
Notable, ASU’s journalism program also runs bureaus in Washington D.C. and Los Angeles as well as a sports bureau and a Spanish language program.",,Arizona,-111.93494,33.42192,104151,https://www.uvm.edu/ccn/news/cronkite-news-students-are-arizonas-political-source-phoenix-washington,https://www.uvm.edu/ccn/news/providing-daily-news-cronkite-news-asu,https://www.uvm.edu/sites/default/files/Center-for-Community-News/pdfs/fact%20sheets/ASU_Cronkite_news_FINAL.pdf,
Franklin College,IN,"News Academic Partnership, 2024 or Earlier","Covering its 20th legislative session in 2025, this 12-credit immersive program offers daily Indiana politics and culture coverage from a full-time office in the Indiana Statehouse made of three to 12 students per year.",TheStatehouseFile.com,"Summary, The Statehouse File is the flagship immersive program of the Pulliam School of Journalism at Franklin College, located in Franklin, Indiana, 20 miles south of the capital city of Indianapolis. Covering its 20th legislative session in 2025, it offers daily Indiana politics and culture coverage from a full-time office in the Indiana Statehouse. Every Franklin multimedia journalism major completes a 12-credit internship semester at the Statehouse, but students can also earn one activity credit, take a three-credit class, or work as a freelancer for a stipend under the guidance of experienced journalist and editor Colleen Steffen. TheStatehouseFile.com operates year-round with between three and 12 student journalists.",Student work is published by professional media around the state. ,"As of the spring of 2025, all sports communications and public relations majors are also required to spend at least one three-week period in January reporting on the statehouse.","To celebrate the program’s 20th year, students will blog about their experiences on the beat, which can be found on the same website where they post the news content.","Part of a Class, Students Get Course Credit, Statehouse, ""Democracy, Governance & Elections"", Open to Non-Journalism Majors/Minors",Pulliam School of Journalism,https://www.thestatehousefile.com/,Franklin,"Private, Has any Journalism program, Faith-Based, Population size less 5 thousands",10-20,"""In 2024, we produced 2,100 pieces of content, including articles, photos, videos and graphics. In 2024, I had about 28 students enrolled in January, spring, summer and fall (this counts some individuals twice if they, for example, enrolled for both January and spring. It does not count people who only came for one day, like Election Day, when I had 30 kids).""","""I have no idea at all. I had a PR student track us Jan-April 2024, and she counted us as being reprinted 83 times--but I don't think she was very thorough and our biggest ever story ran in February. We usually say 35 because that's how many paying media subscribers we had before we turned our paywall off. I do think that since more nonprofits have come to Indy, all offering free content, our repub numbers have gone down. Through personal connections/harassment, I got us on the front page of the Indy Star, in the Capital Chronicle a few times this session (I want the kids to have better clips!) but this is a growing challenge area!""","""We get up to a couple thousand a day on average unless something huge happens. (The aforementioned story got like half a million views of the video.) That's just us and not taking into account any of the places that run us.""",,,2005,No,"Summary, The Statehouse File is the flagship immersive program of the Pulliam School of Journalism at Franklin College, located in Franklin, Indiana, 20 miles south of the capital city of Indianapolis. Covering its 20th legislative session in 2025, it offers daily Indiana politics and culture coverage from a full-time office in the Indiana Statehouse. Every Franklin multimedia journalism major completes a 12-credit internship semester at the Statehouse, but students can also earn one activity credit, take a three-credit class, or work as a freelancer for a stipend under the guidance of experienced journalist and editor Colleen Steffen. TheStatehouseFile.com operates year-round with between three and 12 student journalists.
Distribution, Student work is published by professional media around the state. 
Looking forward, As of the spring of 2025, all sports communications and public relations majors are also required to spend at least one three-week period in January reporting on the statehouse. 
Notable, To celebrate the program’s 20th year, students will blog about their experiences on the beat, which can be found on the same website where they post the news content.",,Indiana,-86.04808,39.47969,150604,https://www.uvm.edu/ccn/news/small-school-delivers-big-results,,https://www.uvm.edu/sites/default/files/Center-for-Community-News/pdfs/fact%20sheets/edits/Franklin_College_-_edits.pdf,
Kennesaw State University,GA,"News Academic Partnership, 2024 or Earlier","In this program, students work each semester in a variety of roles including reporting, editing, photography, audience engagement, digital production and podcast production to cover the Georgia General Assembly during the spring legislative session as well as enterprise topics of interest for a statewide audience.",Fresh Take Georgia,"Fresh Take Georgia is a comprehensive learning experience and real-world digital reporting initiative run by the Center for Sustainable Journalism, School of Communication and Media at Kennesaw University. Students are taught by faculty, with mentorship from multiple professional journalists with experience at Atlanta-based news organizations. Students work each semester in a variety of roles including reporting, editing, photography, audience engagement, digital production and podcast production. Students cover the Georgia General Assembly during the spring legislative session as well as enterprise topics of interest for a statewide audience.","Story ideas are developed by the students and editors together in regular pitch meetings. Stories are then edited and published on freshtakegeorgia.org and shared with publishing partners, including the Atlanta Journal-Constitution and others.",Josh is interested in Kennesaw becoming a “hub” for student-produced community reporting in metro Atlanta.,"Students benefit from bylined digital, printed and podcasting credits. When the Legislature is not in session, Fresh Take Georgia collaborates with its publishing partners on various projects including providing election coverage and an Everyday Heroes series. ","Part of a Class, Students Get Course Credit, Statehouse, ""Democracy, Governance & Elections"", Documentary or Podcast, Data and/or Web Operations, Multimedia/Social Media",Norman J. Radow College of Humanities and Social Sciences; Center for Sustainable Journalism,https://freshtakegeorgia.org/,Kennesaw,"Public, Has any Journalism program, Population size is above 20 thosands","""We had 15 students reporting for Fresh Take GA and the Center hosted 25 undergraduate students in a course, Topics in Journalism, Fresh Take GA""
",65,"""N/A -- Total number of stories published by AJC written by our students, 8
**On Election Day, AJC hired all 6 of our interns + 11 journalism students in my class Video for the Web. They were all published on the AJC's Election Day blog, 22 stories published...https://www.ajc.com/politics/election/election-2024-live-recap-of-election-day/UWOLNGNA4JHGPHGCDPL5R35KYM/

Total number of Fresh Take GA page views, 14,000 (source, Google analytics).
""",,,,2021,,"Summary, Fresh Take Georgia is a comprehensive learning experience and real-world digital reporting initiative run by the Center for Sustainable Journalism, School of Communication and Media at Kennesaw University. Students are taught by faculty, with mentorship from multiple professional journalists with experience at Atlanta-based news organizations. Students work each semester in a variety of roles including reporting, editing, photography, audience engagement, digital production and podcast production. Students cover the Georgia General Assembly during the spring legislative session as well as enterprise topics of interest for a statewide audience.
Distribution,  Story ideas are developed by the students and editors together in regular pitch meetings. Stories are then edited and published on freshtakegeorgia.org and shared with publishing partners, including the Atlanta Journal-Constitution and others. 
Looking forward, Josh is interested in Kennesaw becoming a “hub” for student-produced community reporting in metro Atlanta.
Notable, Students benefit from bylined digital, printed and podcasting credits. When the Legislature is not in session, Fresh Take Georgia collaborates with its publishing partners on various projects including providing election coverage and an Everyday Heroes series. ","14,000 (source, Google analytics)",Georgia,-84.5813,34.03216,486840,https://www.uvm.edu/ccn/news/student-led-digital-news-service-helps-students-find-jobs,,https://www.uvm.edu/sites/default/files/Center-for-Community-News/pdfs/fact%20sheets/Kennesaw_State_University_Edits.pdf,
Michigan State University,MI,"News Academic Partnership, 2024 or Earlier","The four-credit class is in its 44th year of covering statehouse news, with an average of five to six students, graduate and undergraduate, per semester in the spring and fall.",Capital News Service,"The Michigan State University Capital News Service is in its 44th year of covering statehouse news, with an average of five to six students, graduate and undergraduate, per semester in the spring and fall. The four-credit class is capped at 15 students. While students are not required to be at the Capitol every week, the class includes off-campus interviews most Monday mornings with influential players such as the governor, a state agency head, an advocacy group leader or a legislator to kickstart stories that are due at the end of each week. The legislature meets year-round with some breaks and is three miles from campus. Former Michigan Capital reporter Eric Freedman instructs the course. ",Students provide news coverage to more than 35 news outlets.,“I think we're trying to keep our heads above water with what we're doing now.”,"The participating outlets collectively pay around $8,000 per year for content, and most of that revenue goes to monetary awards and scholarships to participating students. The university pays for faculty salaries, the newsroom in the building, a student tech manager and a retired editor who works with students on Fridays. ","Part of a Class, Students Get Course Credit, Statehouse, ""Democracy, Governance & Elections""",College of Communication Arts and Sciences; School of Journalism,https://news.jrn.msu.edu/series/capitalnewsservice/,East Lansing,"Public, Has any Journalism program, Population size is above 20 thosands",10,135,35-40,"We asked for page views. He wrote, ""WE DON’T TRACK THIS""",,,1980,,"Summary, The Michigan State University Capital News Service is in its 44th year of covering statehouse news, with an average of five to six students, graduate and undergraduate, per semester in the spring and fall. The four-credit class is capped at 15 students. While students are not required to be at the Capitol every week, the class includes off-campus interviews most Monday mornings with influential players such as the governor, a state agency head, an advocacy group leader or a legislator to kickstart stories that are due at the end of each week. The legislature meets year-round with some breaks and is three miles from campus. Former Michigan Capital reporter Eric Freedman instructs the course. 
Distribution, Students provide news coverage to more than 35 news outlets.
Looking forward, “I think we're trying to keep our heads above water with what we're doing now.”
Notable, The participating outlets collectively pay around $8,000 per year for content, and most of that revenue goes to monetary awards and scholarships to participating students. The university pays for faculty salaries, the newsroom in the building, a student tech manager and a retired editor who works with students on Fridays. ",,Michigan,-84.48041,42.72946,171100,https://www.uvm.edu/ccn/michigan-state-university-students-report-politics-capital-news-service,,https://www.uvm.edu/sites/default/files/Center-for-Community-News/pdfs/fact%20sheets/Michigan_State_University_-_Edit.pdf,
University of California Berkeley,,"News Academic Partnership, 2024 or Earlier","UC Berkeley’s two-year Investigative Reporting Program for graduate students is a nonprofit newsroom and teaching institute led by Pulitzer Prize winner David Barstow. Students take a class in the spring of their first year before applying for the one-year-long investigative class. After they graduate, they can apply for a fellowship to continue their work. Some students have gone on to be Pulitzer finalists for their work in the program and IRP students have won Polk Awards three of the last four years. Stories are edited by IRP staff.",Investigative Reporting Program,50-60,24-36,,,,,,,,12,24-36,,,,,,,,,,,,,,,,Complete
Michigan State University,MI,"News Academic Partnership, 2024 or Earlier",This free regional environmental news service available for use by news outlets is staffed mostly by MSU students and edited by adjunct professors.,Great Lakes Echo," The Great Lakes Echo is a regional environmental news service run by the Knight Center for Environmental Journalism at Michigan State University. An adjunct professor edits the stories, most of which are produced by MSU students. Content is free to use by news outlets in the region at no fee or charge. The Echo covers news on and for the Great Lakes states, particularly the parts of the states that are in the Great Lakes Basin. ","Stories get picked up by other news media, environmental groups, government agencies, and industry groups. Michigan-centered news is also re-disseminated through MSU’s other community news program, the Capital News Service. ",“We're trying to get non-journalism students who don't have some of the same constraints and don't have some of the same outlets for publication that our journalism students have.”,Students produce news for the Great Lakes Echo either via an environmental reporting class or for pay.,"Part of a Class, Students Get Course Credit, Science/Environment",College of Communication Arts and Sciences; School of Journalism; Knight Center for Environmental Journalism ,https://greatlakesecho.org/about-us/,East Lansing,"Public, Has any Journalism program, Population size is above 20 thosands",10-12,"""We don’t have an easy way to tally Great Lakes Echo stories.""","""no data for Great Lakes Echo""",,,,,,"Summary, The Great Lakes Echo is a regional environmental news service run by the Knight Center for Environmental Journalism at Michigan State University. An adjunct professor edits the stories, most of which are produced by MSU students. Content is free to use by news outlets in the region at no fee or charge. The Echo covers news on and for the Great Lakes states, particularly the parts of the states that are in the Great Lakes Basin. 
Distribution, Stories get picked up by other news media, environmental groups, government agencies, and industry groups. Michigan-centered news is also re-disseminated through MSU’s other community news program, the Capital News Service. 
Looking forward, “We're trying to get non-journalism students who don't have some of the same constraints and don't have some of the same outlets for publication that our journalism students have.”
Notable, Students produce news for the Great Lakes Echo either via an environmental reporting class or for pay.",,Michigan,-84.48041,42.72946,171100,,,,Complete
Northwestern University,IL,"News Academic Partnership, 2024 or Earlier","The local news reporting fellowship program sends a team of graduate and undergraduate students to report from Springfield during the legislative session, producing stories in partnership with the nonprofit Capitol News Illinois (CNI), which disseminates content to some 700 print, digital and broadcast outlets around Illinois and bordering states. ",Medill Illinois News Bureau (Statehouse Program),"The local news reporting fellowship program sends a team of graduate and undergraduate students to report from Springfield during the legislative session, producing stories in partnership with the nonprofit Capitol News Illinois (CNI), which disseminates content to some 700 print, digital and broadcast outlets around Illinois and bordering states. Medill Senior Lecturer Storer H. (Bob) Rowley, former national editor and foreign correspondent for the Chicago Tribune, directs the student bureau, edits their stories and works with editors at Capitol News Illinois to get the stories published. Students commit to three months of statehouse reporting during the fellowship for one academic quarter after they are chosen; they get stipends, lodging and transportation aid funded by a grant from the Robert R. McCormick Foundation.","The students are directly contributing to Medill’s Local News Initiative by substantively helping cover local news and fill gaps in state news coverage. The first 10 stories written for CNI by the graduate student fall Statehouse Fellows were picked up in dozens of newspapers, broadcast and digital outlets around the state, leading to tens of thousands of pageviews in CNI partner outlets.","In addition, the fellows are also helping advise researchers at Medill’s Knight Lab who are working on using artificial intelligence and other tech automation to help make sense of legislative votes, bills and laws to assist journalists covering the Illinois General Assembly.","Faculty choose the students based on applications, and students take a related class on politics or advanced reporting while serving as fellows in this program. When they travel to the statehouse to cover the Illinois General Assembly and other state government stories, they work two to three full days for the program each week on top of their class and writing stories when they are back in Chicago or on campus, averaging 20 to 25 hours a week of statehouse reporting work. Rowley wants students to aid the full-time professional reporters at the Capitol by finding stories that CNI professionals on staff may not have the time or bandwidth to cover on their own. ","Part of a Class, Students Get Course Credit, Statehouse, ""Democracy, Governance & Elections"", Broadcast","Medill School of Journalism, Media & Integrated Marketing Communications",https://capitolnewsillinois.com/news/author/medill/,Springfield,"Private, Has any Journalism program, Population size is above 20 thosands","""The Medill Illinois News Bureau had four fellows for the Fall Quarter in 2024, the first group of fellows in the program when it started.""","""The work they did in the fall led to them publishing 11 stories with Capitol News Illinois, at least one of which was held until January 2025 to run.""",N/A,N/A,,,2024,No,"Summary, The local news reporting fellowship program sends a team of graduate and undergraduate students to report from Springfield during the legislative session, producing stories in partnership with the nonprofit Capitol News Illinois (CNI), which disseminates content to some 700 print, digital and broadcast outlets around Illinois and bordering states. Medill Senior Lecturer Storer H. (Bob) Rowley, former national editor and foreign correspondent for the Chicago Tribune, directs the student bureau, edits their stories and works with editors at Capitol News Illinois to get the stories published. Students commit to three months of statehouse reporting during the fellowship for one academic quarter after they are chosen; they get stipends, lodging and transportation aid funded by a grant from the Robert R. McCormick Foundation.
Distribution, The students are directly contributing to Medill’s Local News Initiative by substantively helping cover local news and fill gaps in state news coverage. The first 10 stories written for CNI by the graduate student fall Statehouse Fellows were picked up in dozens of newspapers, broadcast and digital outlets around the state, leading to tens of thousands of pageviews in CNI partner outlets.
Looking forward, In addition, the fellows are also helping advise researchers at Medill’s Knight Lab who are working on using artificial intelligence and other tech automation to help make sense of legislative votes, bills and laws to assist journalists covering the Illinois General Assembly.
Notable, Faculty choose the students based on applications, and students take a related class on politics or advanced reporting while serving as fellows in this program. When they travel to the statehouse to cover the Illinois General Assembly and other state government stories, they work two to three full days for the program each week on top of their class and writing stories when they are back in Chicago or on campus, averaging 20 to 25 hours a week of statehouse reporting work. Rowley wants students to aid the full-time professional reporters at the Capitol by finding stories that CNI professionals on staff may not have the time or bandwidth to cover on their own. ",,Illinois,,,,,,,Complete
Rowan University,NJ,"News Academic Partnership, 2024 or Earlier","The multi-school program, which covers New Jersey government year-round for more than 100 outlets, in the next five years aims to increase intern numbers from the current five to 10-12 per semester, with additional recent graduate fellows working 10 months at a time. ",New Jersey State House News Service,"Launched in the summer of 2023, the New Jersey Statehouse News Service is a collaborative nonprofit involving Rowan University, The College of New Jersey, and Rutgers University, with potential future involvement from other universities. The program in the next five years aims to increase intern numbers from the current five to 10-12 per semester, with additional recent graduate fellows working 10 months at a time and a professional staff of three, a managing editor, a director, and a multimedia editor. Currently, they have two part-time professional editors and five interns. There’s no age or major requirement, but typically the students are juniors and seniors (usually, they prefer seniors) with a journalism background. The College of New Jersey is about five miles from the capital and is the closest of the three schools participating. The other two schools are about 40 miles – a one-hour drive – away. No faculty members besides Howlett are working on this program.","The service currently partners with 22 organizations comprising more than 100 news outlets. Howlett is exploring new sustainable funding sources, such as through Report for America, and wider media partnerships to cover more of the 400-plus media outlets in New Jersey. The program offers interns class credit and mileage reimbursements, and are otherwise unpaid; in the future, Howlett also wants to give students stipends of around $2,500. The Statehouse News Service is entirely a wire service and, as of now, doesn’t publish anything itself. They are starting with $100,000 in funding from the New Jersey Civic Information Consortium; this money has been used to hire additional part-time staff.","For the first time in the summer of 2025, Princeton University will participate by paying for and coordinating students to work for the news service at the statehouse during the summer months while the legislature is still in session; this will help fill gaps when students working during the school year finish their internship with the end of the spring semester. ","The number of hours students work for the program varies by school. They’re all asked to write one to two weekly stories, a straight news story and a more ambitious enterprise story. The program is not strict about meeting a quota.","Students Get Course Credit, Statehouse, ""Democracy, Governance & Elections"", Statewide or Regional Collaborative",Ric Edelman College Of Communication & Creative Arts,https://njstatenews.com/,Glassboro,"Public, Population size 10-20 thousands, Has any Journalism program",7,"""we are trying to track these specificially but so far we have 18 confirmed""
",7,,,,,2023 Statehouse Faculty Champion,,"""I don’t know we dont ask our partners to track and we have no way of tracking.
One caveat to all of this is that we ask our partners to give us a heads up when they run us, but they dont necessarily do that every time. And google alerts are lame.  One of the goals this year is to build a digital infrastructure that can allow us to automatically distribute stories and track the ultimate dispostion.""
",New Jersey,,,,,,,Complete
Rutgers University-New Brunswick,NJ,"News Academic Partnership, 2024 or Earlier","The multi-school program, which covers New Jersey government year-round for more than 100 outlets, in the next five years aims to increase intern numbers from the current five to 10-12 per semester, with additional recent graduate fellows working 10 months at a time. ",New Jersey State House News Service,"Launched in the summer of 2023, the New Jersey Statehouse News Service is a collaborative nonprofit involving Rowan University, The College of New Jersey, and Rutgers University, with potential future involvement from other universities. The program in the next five years aims to increase intern numbers from the current five to 10-12 per semester, with additional recent graduate fellows working 10 months at a time and a professional staff of three, a managing editor, a director, and a multimedia editor. Currently, they have two part-time professional editors and five interns. There’s no age or major requirement, but typically the students are juniors and seniors (usually, they prefer seniors) with a journalism background. The College of New Jersey is about five miles from the capital and is the closest of the three schools participating. The other two schools are about 40 miles – a one-hour drive – away. No faculty members besides Howlett are working on this program.","The service currently partners with 22 organizations comprising more than 100 news outlets. Howlett is exploring new sustainable funding sources, such as through Report for America, and wider media partnerships to cover more of the 400-plus media outlets in New Jersey. The program offers interns class credit and mileage reimbursements, and are otherwise unpaid; in the future, Howlett also wants to give students stipends of around $2,500. The Statehouse News Service is entirely a wire service and, as of now, doesn’t publish anything itself. They are starting with $100,000 in funding from the New Jersey Civic Information Consortium; this money has been used to hire additional part-time staff.","For the first time in the summer of 2025, Princeton University will participate by paying for and coordinating students to work for the news service at the statehouse during the summer months while the legislature is still in session; this will help fill gaps when students working during the school year finish their internship with the end of the spring semester. ","The number of hours students work for the program varies by school. They’re all asked to write one to two weekly stories, a straight news story and a more ambitious enterprise story. The program is not strict about meeting a quota.","Students Get Course Credit, Statehouse, ""Democracy, Governance & Elections"", Statewide or Regional Collaborative",Department of Journalism and Media Studies,https://njstatenews.com/,Newark,"Public, Minority-Serving Institution, Has any Journalism program, Population size 10-20 thousands",7,"""We are trying to track these specificially but so far we have 18 confirmed.""",7,"We had asked for page views. She wrote, ""I don’t know we dont ask our partners to track and we have no way of tracking. One caveat to all of this is that we ask our partners to give us a heads up when they run us, but they dont necessarily do that every time. And google alerts are lame. One of the goals this year is to build a digital infrastructure that can allow us to automatically distribute stories and track the ultimate disposition.""",,,2023,2023 Statehouse Faculty Champion,"Summary, Launched in the summer of 2023, the New Jersey Statehouse News Service is a collaborative nonprofit involving Rowan University, The College of New Jersey, and Rutgers University, with potential future involvement from other universities. The program in the next five years aims to increase intern numbers from the current five to 10-12 per semester, with additional recent graduate fellows working 10 months at a time and a professional staff of three, a managing editor, a director, and a multimedia editor. Currently, they have two part-time professional editors and five interns. There’s no age or major requirement, but typically the students are juniors and seniors (usually, they prefer seniors) with a journalism background. The College of New Jersey is about five miles from the capital and is the closest of the three schools participating. The other two schools are about 40 miles – a one-hour drive – away. No faculty members besides Howlett are working on this program.
Distribution, The service currently partners with 22 organizations comprising more than 100 news outlets. Howlett is exploring new sustainable funding sources, such as through Report for America, and wider media partnerships to cover more of the 400-plus media outlets in New Jersey. The program offers interns class credit and mileage reimbursements, and are otherwise unpaid; in the future, Howlett also wants to give students stipends of around $2,500. The Statehouse News Service is entirely a wire service and, as of now, doesn’t publish anything itself. They are starting with $100,000 in funding from the New Jersey Civic Information Consortium; this money has been used to hire additional part-time staff.
Looking forward, For the first time in the summer of 2025, Princeton University will participate by paying for and coordinating students to work for the news service at the statehouse during the summer months while the legislature is still in session; this will help fill gaps when students working during the school year finish their internship with the end of the spring semester. 
Notable, The number of hours students work for the program varies by school. They’re all asked to write one to two weekly stories, a straight news story and a more ambitious enterprise story. The program is not strict about meeting a quota.",,New Jersey,-74.42458286,40.56784361,186399,,,,"Emailed, Waiting on Response"
The College of New Jersey,NJ,"News Academic Partnership, 2024 or Earlier","The multi-school program, which covers New Jersey government year-round for more than 100 outlets, in the next five years aims to increase intern numbers from the current five to 10-12 per semester, with additional recent graduate fellows working 10 months at a time. ",New Jersey State House News Service,"Launched in the summer of 2023, the New Jersey Statehouse News Service is a collaborative nonprofit involving Rowan University, The College of New Jersey, and Rutgers University, with potential future involvement from other universities. The program in the next five years aims to increase intern numbers from the current five to 10-12 per semester, with additional recent graduate fellows working 10 months at a time and a professional staff of three, a managing editor, a director, and a multimedia editor. Currently, they have two part-time professional editors and five interns. There’s no age or major requirement, but typically the students are juniors and seniors (usually, they prefer seniors) with a journalism background. The College of New Jersey is about five miles from the capital and is the closest of the three schools participating. The other two schools are about 40 miles – a one-hour drive – away. No faculty members besides Howlett are working on this program.","The service currently partners with 22 organizations comprising more than 100 news outlets. Howlett is exploring new sustainable funding sources, such as through Report for America, and wider media partnerships to cover more of the 400-plus media outlets in New Jersey. The program offers interns class credit and mileage reimbursements, and are otherwise unpaid; in the future, Howlett also wants to give students stipends of around $2,500. The Statehouse News Service is entirely a wire service and, as of now, doesn’t publish anything itself. They are starting with $100,000 in funding from the New Jersey Civic Information Consortium; this money has been used to hire additional part-time staff.","For the first time in the summer of 2025, Princeton University will participate by paying for and coordinating students to work for the news service at the statehouse during the summer months while the legislature is still in session; this will help fill gaps when students working during the school year finish their internship with the end of the spring semester. ","The number of hours students work for the program varies by school. They’re all asked to write one to two weekly stories, a straight news story and a more ambitious enterprise story. The program is not strict about meeting a quota.","Students Get Course Credit, Statehouse, ""Democracy, Governance & Elections"", Statewide or Regional Collaborative","School of the Arts and Communication; Department of Communication, Journalism, and Film",https://njstatenews.com/,Ewing Township,"Public, Has any Journalism program,  Population size 5-10 thousands",7,"""we are trying to track these specificially but so far we have 18 confirmed""
",7,,,,,2023 Statehouse Faculty Champion,,"""I don’t know we dont ask our partners to track and we have no way of tracking.
One caveat to all of this is that we ask our partners to give us a heads up when they run us, but they dont necessarily do that every time. And google alerts are lame.  One of the goals this year is to build a digital infrastructure that can allow us to automatically distribute stories and track the ultimate dispostion.""
",New Jersey,,,,,,,"Emailed, Waiting on Response"
University of Hawaii at Manoa,HI,"News Academic Partnership, 2024 or Earlier","In this program that partners with the online-only news outlet Honolulu Civil Beat, each student selects a beat at the beginning of the spring semester and is responsible for coming up with story ideas connecting that beat with current legislative action.",Legislative Reporting Capstone,"The University of Hawaiʻi at Mānoaʻs journalism program began collaborating specifically on state legislative coverage in Spring 2022 and chose as its partner an innovative online-only news organization called Civil Beat. Students focus on reporting on the spring session of the Hawaii State Legislature in Honolulu. Each student selects a beat at the beginning of the semester and is responsible for coming up with story ideas connecting that beat with current legislative action. In the first year, the program had 12 students participate; in 2023, they had 15 students; in 2024, another 22 students were involved.",Two course instructors edit the stories before forwarding them to editors at Civil Beat for publication on their website.,"Oppegaard has built a generative AI tool that helps edit student work, and it’s (watch)dog-themed. It launched Spring of 2024. He said, “It's free to use [and] gives you 10 times your assessment power in terms of giving students feedback, and it's done immediately. Now you don't have to wait a week to get your feedback on your draft.”","The idea was born from the long-standing relationship between 10 the two organizations and was spearheaded by the Journalism program's Director, Brett Oppegaard, and a Civil Beat political reporter, Blaze Lovell. The program is funded through the University and is a three-credit course coordinated through a senior-level ""Innovation and Entrepreneurship"" class co-taught by Lovell and Oppegaard, which is the final required class in the program's curriculum. ","Students Get Course Credit, Statehouse, ""Democracy, Governance & Elections"", Part of a Class",College of Social Sciences; School of Communication and Information,https://www.civilbeat.org/projects/uh-beat/,Honolulu,"Public, Minority-Serving Institution, Has any Journalism program, Population size 10-20 thousands","""I'm not sure what you mean by ""in your program."" If you mean in the class that does the ""statehouse reporting,"" we had 22 students last spring in that class, and all 22 had at least one story published (either in Civil Beat or The Mānoa Mirror, our new programmatic news website). They cannot pass the class without publishing their work, so that makes it easy to tabulate. We have 20 this spring, but that class isn't over yet. ... If, by in your program, you mean all of our majors, as of today, we have 95 majors. But I really have no way of knowing if all of them have published work yet; some are new majors, for example, and we also do not track this information. But I'm thinking we should!""
","""Again, if you mean by in the ""statehouse reporting"" class, we had about 220 stories published from that Spring 2024 class, with 20 of those appearing in Civil Beat, and 200 in The Mānoa Mirror, either on social media or on the main website. Beyond that class, we have not tracked it.""","""Formally, for the statehouse reporting class, we have just one partner, Civil Beat; but overall, we have our students publishing work in all sorts of places, via internships or freelance work, including the state's largest daily, The Honolulu Star-Advertiser, and the state's largest television stations, KITV, HNN, and KHON, plus a bunch of other publications around town, such as Pacific Business News, Honolulu Magazine, Honolulu Business Magazine, etc.""
","""I don't know about this one; sorry, again! ...""",,,2022,No,"Summary, The University of Hawaiʻi at Mānoaʻs journalism program began collaborating specifically on state legislative coverage in Spring 2022 and chose as its partner an innovative online-only news organization called Civil Beat. Students focus on reporting on the spring session of the Hawaii State Legislature in Honolulu. Each student selects a beat at the beginning of the semester and is responsible for coming up with story ideas connecting that beat with current legislative action. In the first year, the program had 12 students participate; in 2023, they had 15 students; in 2024, another 22 students were involved.
Distribution, Two course instructors edit the stories before forwarding them to editors at Civil Beat for publication on their website.
Looking forward, Oppegaard has built a generative AI tool that helps edit student work, and it’s (watch)dog-themed. It launched Spring of 2024. He said, “It's free to use [and] gives you 10 times your assessment power in terms of giving students feedback, and it's done immediately. Now you don't have to wait a week to get your feedback on your draft.”
Notable, The idea was born from the long-standing relationship between 10 the two organizations and was spearheaded by the Journalism program's Director, Brett Oppegaard, and a Civil Beat political reporter, Blaze Lovell. The program is funded through the University and is a three-credit course coordinated through a senior-level ""Innovation and Entrepreneurship"" class co-taught by Lovell and Oppegaard, which is the final required class in the program's curriculum. ",,Hawaii,-157.82016,21.29938,141574,https://www.uvm.edu/ccn/news/capstone-class-covers-hawaii-statehouse,,https://www.uvm.edu/sites/default/files/Center-for-Community-News/pdfs/fact%20sheets/University_of_Hawaii.pdf,"Emailed, Waiting on Response"
University of Idaho,ID,"News Academic Partnership, 2024 or Earlier","Two students per spring semester relocate to Boise to cover the Idaho Legislature, which is 300 miles away from the university campus in Moscow, fulfilling a near-full course load by writing a weekly story for six or seven weekly rural newspapers around the state who are part of the program.",McClure Journalism Internship Program/State Capitol News Bureau,"The University of Idaho’s Journalism and Mass Media McClure Journalism Internship Program hosts about two students per spring semester to cover the Idaho Legislature in Boise, which is 300 miles away from the university campus in Moscow. During the week, students also get additional media training through the School’s news service, Idaho Public Radio. Students spend about every weekday and sometimes weekends, depending on whether there’s a news event, during January, February and March working at the statehouse during the session. Students tend to be juniors and 11 seniors. The program is open to any student; international studies majors participated in 2022 and 2023. The course is recognized as a 400-level internship and includes an average of 9 credits, though some students do less. ","Students live in the Boise area that semester, oftentimes with their families, fulfilling a near-full course load by writing a weekly story for six or seven weekly rural newspapers around the state which are part of the program, which started circa 2015. Students write one story per week, and editors regularly reach out to students with story ideas. ","“If we're going to add, we would add more weeklies” because the larger newspapers are already sharing content with one another. “We would put our resources into giving a leg up to the other papers, to the rural weeklies. So that's been our philosophy, and certainly, we don't have them all.”","Sometimes political science faculty have offered students additional credit for additional work, e.g,. research papers on their experience, to fill other degree requirements outside the journalism program, too. Fundraising through the McClure Center has allowed a $4,000 student stipen,d while the office and staff support through the center is paid for by the university.","Students Get Course Credit, Statehouse, ""Democracy, Governance & Elections"", Part of a Class, Students Relocate","College of Letters, Arts and Social Sciences; School of Journalism and Mass Media",https://www.uidaho.edu/class/jamm/opportunities/news-bureau,Moscow,"Public, Has any Journalism program, Population size 10-20 thousands","""We had one student enrolled in the program in the Spring 2024 semester.""",28,"""Five—the weekly newspapers listed above (Bonner County Daily Bee, Aberdeen Times, Power County Press, Owyhee Avalanche) and the news service through our journalism school, Idaho Public Radio. The list above does not include the same stories as posted on IPR. Every story above was also published at IPR.""","We asked him for page views, ""Here the best we can do is only a guess, I’m afraid. The weeklies could not provide much help. Our guess is about 10,000 total page views.""",,,2015,No,"Summary, The University of Idaho’s Journalism and Mass Media McClure Journalism Internship Program hosts about two students per spring semester to cover the Idaho Legislature in Boise, which is 300 miles away from the university campus in Moscow. During the week, students also get additional media training through the School’s news service, Idaho Public Radio. Students spend about every weekday and sometimes weekends, depending on whether there’s a news event, during January, February and March working at the statehouse during the session. Students tend to be juniors and 11 seniors. The program is open to any student; international studies majors participated in 2022 and 2023. The course is recognized as a 400-level internship and includes an average of 9 credits, though some students do less. 
Distribution, Students live in the Boise area that semester, oftentimes with their families, fulfilling a near-full course load by writing a weekly story for six or seven weekly rural newspapers around the state which are part of the program, which started circa 2015. Students write one story per week, and editors regularly reach out to students with story ideas. 
Looking forward, “If we're going to add, we would add more weeklies” because the larger newspapers are already sharing content with one another. “We would put our resources into giving a leg up to the other papers, to the rural weeklies. So that's been our philosophy, and certainly, we don't have them all.”
Notable, Sometimes political science faculty have offered students additional credit for additional work, e.g,. research papers on their experience, to fill other degree requirements outside the journalism program, too. Fundraising through the McClure Center has allowed a $4,000 student stipen,d while the office and staff support through the center is paid for by the university.",,Idaho,-117.0069,46.72819,142285,https://www.uvm.edu/ccn/news/university-idaho-students-cover-capitol,,https://www.uvm.edu/sites/default/files/Center-for-Community-News/pdfs/fact%20sheets/University_of_Idaho_.pdf,"Emailed, Waiting on Response"
University of Illinois Springfield,IL,"News Academic Partnership, 2024 or Earlier",Master's students begin the 10-month program in August with a semester of classroom instruction and move on in the spring semester with a full-time reporting internship covering the Illinois Capital for a professional news organization that partners with the university. ,Public Affairs Reporting,"Since 1972, the University of Illinois Springfield has offered a Master’s Degree in Public Affairs Reporting. The 10-month program allows students to have hands-on experience with political reporting. The program is funded through the university, along with the help of private donors and alumni. With the funding structure of the program in addition to stipends and scholarships offered to students, Illinois residents are able to complete the program for around $6,000. The program is run by Jason Piscia, a longtime newspaper editor and reporter, and a graduate of the program. In a typical year, Piscia teaches and oversees around 10 students. ",Students begin the program in August with a semester of classroom instruction and move on in the spring semester with a full-time reporting internship covering the Illinois Capitol for a professional news organization that partners with the university. ,"“I've worked hard over the past few years to increase the compensation that our students receive while they're interning. For the longest time, it was just kind of a small stipend that the university provided. I've encouraged most of our internship hosts to throw in a little bit of money toward our students to help pay them during their time here.”",The program has a 100% hire rate. ,"Students Get Course Credit, Statehouse, ""Democracy, Governance & Elections"", Part of a Class, Broadcast",School of Communication and Media,"http,//www.uis.edu/par",Springfield,"Public, Has any Journalism program, Population size less 5 thousands",6,220,"""Estimate, 1,150. Two of my students work for a nonprofit wire service that distributes to outlets all over the state. They each had more than 400 pickups. Another student worked for a medium-sized newspaper chain; she had 230 pickups. The other three worked for smaller outlets where their stories only ran in the one outlet.""","We asked for page views, and he said ""unknown""",,,1972,No,"Summary, Since 1972, the University of Illinois Springfield has offered a Master’s Degree in Public Affairs Reporting. The 10-month program allows students to have hands-on experience with political reporting. The program is funded through the university, along with the help of private donors and alumni. With the funding structure of the program in addition to stipends and scholarships offered to students, Illinois residents are able to complete the program for around $6,000. The program is run by Jason Piscia, a longtime newspaper editor and reporter, and a graduate of the program. In a typical year, Piscia teaches and oversees around 10 students. 
Distribution, Students begin the program in August with a semester of classroom instruction and move on in the spring semester with a full-time reporting internship covering the Illinois Capitol for a professional news organization that partners with the university. 
Looking forward, “I've worked hard over the past few years to increase the compensation that our students receive while they're interning. For the longest time, it was just kind of a small stipend that the university provided. I've encouraged most of our internship hosts to throw in a little bit of money toward our students to help pay them during their time here.”
Notable, The program has a 100% hire rate. ",,Illinois,-89.61912,39.72897,148654,https://www.uvm.edu/ccn/news/training-graduate-students-public-affairs-reporting,,https://www.uvm.edu/sites/default/files/Center-for-Community-News/pdfs/fact%20sheets/University_of_Illinois_Springfield_.pdf,"Emailed, Waiting on Response"
University of Kansas,KS,"News Academic Partnership, 2024 or Earlier","This three-credit capstone class every spring semester hosts between 10 and 18 journalism students, mostly seniors, who typically go to the statehouse once a week during the session from January through May to provide content to news outlets across the state.",Statehouse Reporting Class,"The three-credit capstone class started in 2012 and hosts between 10 and 18 journalism students, mostly seniors, every spring semester. Students typically go to the statehouse once a week during the session, which runs from January through May. They end their coverage when the semester ends, not when the session ends. Washington Post editor Patricia Weems Gaston and focuses largely on day-to-day coverage with stories available to about 190 news outlets in Kansas. Students commute 30 minutes by car to Topeka and can either be a reporter or an editor depending on their career ambitions. ","Each student has to do 18 features or dailies, and two enterprise pieces. Gaston, who is the bureau chief, edits and posts all stories on a private site that requires a sign-in and allows Kansas Press Association members to log in and download stories. In return, the KPA provides $5,000 per year for student’s gas/tolls as well as student awards. ","The program has also been collaborating on some coverage with the University of Missouri, its neighbor to the east, since 2024. For example, students from both schools worked together on a story about maternity deserts, which ran both on the Kansas program’s statehouse website and in the Columbia Missourian. ","Gaston typically doesn’t tell students what to cover because she wants them to learn about pitching and developing stories. Students receive a bonus depending on the quality of their work, ranging from $300 to $500. During the pandemic, like many programs, students continued to cover the legislature but through Zoom. ","Students Get Course Credit, Statehouse, ""Democracy, Governance & Elections"", Part of a Class",William Allen White School of Journalism and Mass Communications,,Lawrence,"Public, Has any Journalism program, Population size is above 20 thosands",10,202,"""No way to know as members don't let us know what they are using but I would say conservatively 50. ""","We asked for the number of page views her students’ stories received. She wrote, ""N/A (We have no way to track page views vis-a-vis our 150+ members — some members have websites, some only do print)""",,,2012,No,"Summary, The three-credit capstone class started in 2012 and hosts between 10 and 18 journalism students, mostly seniors, every spring semester. Students typically go to the statehouse once a week during the session, which runs from January through May. They end their coverage when the semester ends, not when the session ends. Washington Post editor Patricia Weems Gaston and focuses largely on day-to-day coverage with stories available to about 190 news outlets in Kansas. Students commute 30 minutes by car to Topeka and can either be a reporter or an editor depending on their career ambitions. 
Distribution, Each student has to do 18 features or dailies, and two enterprise pieces. Gaston, who is the bureau chief, edits and posts all stories on a private site that requires a sign-in and allows Kansas Press Association members to log in and download stories. In return, the KPA provides $5,000 per year for student’s gas/tolls as well as student awards. 
Looking forward, The program has also been collaborating on some coverage with the University of Missouri, its neighbor to the east, since 2024. For example, students from both schools worked together on a story about maternity deserts, which ran both on the Kansas program’s statehouse website and in the Columbia Missourian. 
Notable, Gaston typically doesn’t tell students what to cover because she wants them to learn about pitching and developing stories. Students receive a bonus depending on the quality of their work, ranging from $300 to $500. During the pandemic, like many programs, students continued to cover the legislature but through Zoom. ",,Kansas,-95.25106,38.96097,155317,,,https://www.uvm.edu/sites/default/files/Center-for-Community-News/pdfs/fact%20sheets/2/University_of_Kansas.pdf,Complete
University of Richmond,VA,"News Academic Partnership, 2024 or Earlier","Students take this course during the spring or fall and typically start getting assignments to cover local government issues, including the Virginia Statehouse, midway through the semester.",Richmond Capital News Service,"Students in the Public Affairs Reporting and Advanced News Writing and Reporting classes at the University of Richmond cover the Virginia General Assembly and local issues as part of the Richmond Capital News Service, a bureau of Virginia Commonwealth University’s Capital New Service. Advanced News Writing and Reporting students take this course during the spring or fall and typically start getting assignments to cover local government issues midway through the semester. In the spring, some also join Public Affairs students and take on legislative assignments.","Each Spring semester, 12 to 15 Public Affairs students provide daily coverage of the General Assembly for small news outlets in Virginia and distribute stories on the news service website and by direct request from publications. ","Mullen wants to formalize community coverage in the curriculum, including General Assembly coverage.",The journalism department launched a YouTube channel (@urjournalism) in the fall for live Election Night coverage and will keep the channel active during the 2025 General Assembly.,"Students Get Course Credit, Statehouse, ""Democracy, Governance & Elections"", Part of a Class",Department of Journalism,https://urcapitalnews.wordpress.com/2013/01/06/capital-news-service-university-of-richmond-bureau/,Richmond,"Private, Has any Journalism program, Population size less 5 thousands","""We had 13 students enrolled in the elections course and had five others (first- and second-years) help on Election Night.""","""By my count, my students published 41 stories either through the Richmond Capital News Service, The Henrico Citizen, The Richmonder and the Center for Community News.  I don’t always get a heads-up if other outlets use our stuff, and some of their websites are less than ideal in so many ways, so I’m not sure who else might have taken our pieces.""",3,"We asked about page views. He wrote, ""According to WordPress, our site had 2.3K visits during the fall term.""",,,N/A,2024 Faculty Champion,"Summary, Students in the Public Affairs Reporting and Advanced News Writing and Reporting classes at the University of Richmond cover the Virginia General Assembly and local issues as part of the Richmond Capital News Service, a bureau of Virginia Commonwealth University’s Capital New Service. Advanced News Writing and Reporting students take this course during the spring or fall and typically start getting assignments to cover local government issues midway through the semester. In the spring, some also join Public Affairs students and take on legislative assignments.
Distribution, Each Spring semester, 12 to 15 Public Affairs students provide daily coverage of the General Assembly for small news outlets in Virginia and distribute stories on the news service website and by direct request from publications. 
Looking forward, Mullen wants to formalize community coverage in the curriculum, including General Assembly coverage.
Notable, The journalism department launched a YouTube channel (@urjournalism) in the fall for live Election Night coverage and will keep the channel active during the 2025 General Assembly.",,Virginia,-77.54002,37.5736,233374,https://www.uvm.edu/news/ccn/university-richmond-community-journalism-goes-abroad,,,Complete
University of Richmond,VA,"News Academic Partnership, 2024 or Earlier","In this intro class for freshmen, 16 or so students take assignments from a local partnering news outlet, typically with a focus on coverage that is serving a minority community.",Civic Journalism and Social Justice Class,"The class is one of several options within a program known as Richmond Endeavor, which the university uses to facilitate smaller cohorts within the 850-something first-year students who enter every year. Students sign up for one of the classes based on their interests, and classes can range from anything such as computer science and music. The class also covers the basics of journalism, why it’s important, and how to cover issues important to a community. Stories were short and included a church profile, a coffee shop profile, as well as reports on schools and neighborhoods. ","In Mullen’s “Civic Journalism and Social Justice” course, a class of 16 or so students take assignments from a partnering news outlet to provide news to their community. For several years, the class has partnered with a local, Black-owned news outlet in Richmond serving the minority community. Mullen edits all the students’ work. ",Mullen said students who take this course are much more prepared for the intermediate statehouse coverage class later in their college career.,Mullen wants to keep the class simple to accommodate first-year students’ lack of experience but is interested in partnering with more outlets in the future.,"Students Get Course Credit, Part of a Class, Underserved Community Reporting",Department of Journalism,,Richmond,"Private, Has any Journalism program, Population size less 5 thousands",,,,,,,N/A,2024 Faculty Champion,"Summary, The class is one of several options within a program known as Richmond Endeavor, which the university uses to facilitate smaller cohorts within the 850-something first-year students who enter every year. Students sign up for one of the classes based on their interests, and classes can range from anything such as computer science and music. The class also covers the basics of journalism, why it’s important, and how to cover issues important to a community. Stories were short and included a church profile, a coffee shop profile, as well as reports on schools and neighborhoods. 
Distribution, In Mullen’s “Civic Journalism and Social Justice” course, a class of 16 or so students take assignments from a partnering news outlet to provide news to their community. For several years, the class has partnered with a local, Black-owned news outlet in Richmond serving the minority community. Mullen edits all the students’ work. 
Looking forward, Mullen said students who take this course are much more prepared for the intermediate statehouse coverage class later in their college career.
Notable, Mullen wants to keep the class simple to accommodate first-year students’ lack of experience but is interested in partnering with more outlets in the future.",,Virginia,,,,,,,Complete
Howard University,D.C.,"News Academic Partnership, 2024 or Earlier","Led by senior-level journalism majors under the supervision of professional journalists and professors, HUNS provides hyperlocal and national multimedia reporting to fill news gaps and offer more diverse news coverage. ",Howard University News Service,,,,,"Part of a Class, Students Get Course Credit","School of Communications; Department of Media, Journalism and Film",https://hunewsservice.com/,Washington,"Private, Minority-Serving Institution, Has any Journalism program, Population size 10-20 thousands",,,,,,,2001,2024 Faculty Champion,,,Washington D.C.,-77.01919216,38.9238918,131520,,,,Complete
University of Maryland-College Park,MD,"News Academic Partnership, 2024 or Earlier","This center, funded by the Scripps Howard Foundation, collaborates with professionals and students in Maryland and around the country -- including other universities -- to report investigative stories on topics such as sports, gambling and poverty.",The Howard Center for Investigative Journalism,,,,,"Investigations/Watchdog, Sports, Underserved Community Reporting",Philip Merrill College of Journalism,https://merrill.umd.edu/howard-center-for-investigative-journalism,College Park,"Public, Has any Journalism program, Population size is above 20 thosands",,,,,,,,,,,Maryland,-76.62088,39.28823,163286,,,,Complete
University of Southern California,CA,"News Academic Partnership, 2024 or Earlier","The Spanish-language reporting program Dímelo pushes out content on Snapchat, on Instagram and through podcasts, as well as on the Annenberg Media website.",Dímelo,"The Spanish-language reporting program Dímelo pushes out content on Snapchat, on Instagram and through podcasts, as well as on the Annenberg Media website. Annenberg Media is a public facing news outlet that is structured with student leadership as the main producers and editors but with faculty oversight. There is content across digital, social, television and radio. There also is content published across those platforms that was directly edited by faculty in the classroom, and submitted for approval and posting by the student editors and producers. This program includes two to three paid student editors, two faculty advisers, and one to two dozen volunteers. Content is also created through two classes, Social Media Storytelling for Latinx Audiences and Spanish Language News Production.","The program publishes content on various social media platforms,. including Snapchat, Instagram and through podcasts, as well as on the Annenberg Media website. Our outlet has current community news partnerships with ABC7 en Español, La Opinion, L.A. TACO. ",,,"Spanish Language Reporting, Multimedia/Social Media",Annenberg School for Communication and Journalism,https://www.uscannenbergmedia.com/,Los Angeles,"Private, Has any Journalism program, Population size is above 20 thosands",15,50,3,12,,,,,,,California,-118.2832,34.01892,123961,Annenberg Media Center at USC (2023),,,Complete
Boston University,MA,"News Academic Partnership, 2024 or Earlier","The 12-credit class coordinates up to 15 students per semester who are each assigned to work with an individual local digital news outlet in the state to cover state government and the Legislature, which is a 20-minute T-ride from campus.",Boston University Statehouse Program,"The Boston University Statehouse Program hosts up to 15 students per semester who are each assigned to work with an individual local digital news outlet in the state to cover state government and the Legislature, which is a 20-minute T-ride from campus. The 12-credit class, taught by former Massachusetts Statehouse reporter Jerry Berger, runs in the spring and fall and includes a 3- hour-per-week classroom session. The number of partner papers varies from 10-15 outlets. The class began in 2004 and is an optional capstone class for journalism students that runs in the spring and fall, but not the summer. Students use the statehouse as the base for the beat to report on public affairs-related issues. Students tend to be seniors and grad students, though some are juniors. Students are encouraged, but not required, to go to the statehouse in person.","Most stories are localized for a particular area, so stories are specific to the partner paper and a particular coverage area. Students are supposed to do weekly stories, as well as a group and final project at the end of the year, for a specific outlet.",,,"Part of a Class, Students Get Course Credit, Statehouse, ""Democracy, Governance & Elections""",College of Communication; Department of Journalism,https://www.bu.edu/com/campus-life/internships-opportunities/boston-statehouse-program/,Boston,"Private, Has any Journalism program, Population size is above 20 thosands",27,100-200,10-15,100-200,,,2004,No,"The Boston University Statehouse Program hosts up to 15 students per semester who are each assigned to work with an individual local digital news outlet in the state to cover state government and the Legislature, which is a 20-minute T-ride from campus. The 12-credit class, taught by former Massachusetts Statehouse reporter Jerry Berger, runs in the spring and fall and includes a 3- hour-per-week classroom session. The number of partner papers varies from 10-15 outlets. Most stories are localized for a particular area, so stories are specific to the partner paper and a particular coverage area. Students are supposed to do weekly stories, as well as a group and final project at the end of the year, which go out to every outlet. The class began in 2004 and is an optional capstone class for journalism students that runs in the spring and fall, but not the summer. Students use the statehouse as the base for the beat to report on public affairs-related issues. Students tend to be seniors and grad students, though some are juniors. Students are encouraged, but not required, to go to the statehouse in person.",,Massachusetts,,,,,,"BU, Statehouse Program",Complete
State University of New York at New Paltz,NY,"News Academic Partnership, 2024 or Earlier","SUNY New Paltz students report for the Legislative Gazette, an online media outlet that covers the New York Legislature.",Legislative Gazette,"For more than 45 years SUNY New Paltz has been running the Legislative Gazette, an online media outlet that reports on the New York Legislature. The program is funded through the University as well as grants from a number of organizations, including the Knight Foundation and the Ottaway Foundation. Each semester 10 to 15 students make the 70- mile-one-way commute to Albany from New Paltz. Editor and New Paltz professor James Gormley leads the class and students have the option to take between one and twelve credits during the semester. The Gazette currently has between 5,000 and 6,000 readers during their publication from September to May. The students produce a variety of media including news videos, social media content, and written articles.",,,,"Students Get Course Credit, Statehouse, ""Democracy, Governance & Elections"", Part of a Class",Digital Media and Journalism Department,https://legislativegazette.com/,New Paltz,"Public, Has any Journalism program,  Population size 5-10 thousands",,,,,,,,,"For more than 45 years SUNY New Paltz has been running the Legislative Gazette, an online media outlet that reports on the New York Legislature. The program is funded through the University as well as grants from a number of organizations, including the Knight Foundation and the Ottaway Foundation. Each semester 10 to 15 students make the 70- mile-one-way commute to Albany from New Paltz. Editor and New Paltz professor James Gormley leads the class and students have the option to take between one and twelve credits during the semester. The Gazette currently has between 5,000 and 6,000 readers during their publication from September to May. The students produce a variety of media including news videos, social media content, and written articles.",,New York,-74.08066,41.73949,196176,https://www.uvm.edu/ccn/news/45-years-covering-statehouse-suny-new-paltz,,https://www.uvm.edu/sites/default/files/Center-for-Community-News/pdfs/fact%20sheets/SUNY_New_Paltz_-_Edit.pdf,Complete
Tarleton State University,TX,"News Academic Partnership, 2024 or Earlier",Texan News Service stories are written by students in journalism and broadcasting classes and can be reprinted or reposted at no cost to partnering news outlets after they appear on www.texannews.net.,Texan News Service,,,,,"Students Get Course Credit, Part of a Class",College of Liberal and Fine Arts,"http,//www.texannews.net/",Stephenville,"Public, Has any Journalism program, Population size 10-20 thousands",,,,,,,,,,,Texas,-98.21560432,32.21616581,228529,,,,Complete
Tarleton State University,TX,"News Academic Partnership, 2024 or Earlier","Students in a capstone reporting class work with several community newspapers, which assign them beats so they can report stories through the spring semester.",Texas Center for Community Journalism,"Students in a capstone reporting class work with community newspapers to report stories. Students are assigned beats at their papers and pursue these stories through the spring semester. About six participating students per semester must complete three stories, but some complete six of more during the semester. Students have beats that they cover for community newspapers, some of which are hours from campus. Beats include education, sports and other community topics. Class works with instructor to co-edit stories before submitting them to the papers they're assigned to for the semester. The professor works with students in course to coach them through reporting and editing stories, and students also work with editors at their newspapers.",,,,"Students Get Course Credit, Part of a Class",College of Liberal and Fine Arts,https://tccjtsu.com/,Stephenville,"Public, Has any Journalism program, Population size 10-20 thousands",,,,,,,,,"Students in a capstone reporting class work with community newspapers to report stories. Students are assigned beats at their papers and pursue these stories through the spring semester. About six participating students per semester must complete three stories, but some complete six of more during the semester. Students have beats that they cover for community newspapers, some of which are hours from campus. Beats include education, sports and other community topics. Class works with instructor to co-edit stories before submitting them to the papers they're assigned to for the semester. The professor works with students in course to coach them through reporting and editing stories, and students also work with editors at their newspapers.",,Texas,-98.21452,32.21451,228529,https://www.uvm.edu/ccn/news/tarleton-universitys-texan-news-service,,"Tarleton State, Texas Center for Community Journalism",Complete
University of Florida,FL,"News Academic Partnership, 2024 or Earlier","The program runs two semesters per year and employs up
to 18 students per semester to cover the Florida Legislature and provides coverage for 80 outlets across the state.",Fresh Take Florida,"The University of Florida’s Fresh Take Florida runs two semesters per year and employs up to 18 students per semester to cover the Florida Legislature, which is 2.5 hours from their campus in Gainesville. The three-credit class started in 2019 and operates during both the spring and fall semesters. While students are not usually paid, the program covers travel, dorm stays at Florida State University’s campus in Tallahassee and access to public records thanks in part to donations via the University of Florida Foundation. While many students will choose to take the class for two semesters, single-semester students will typically opt to take the class in the spring because it coincides with the legislative session. Most students come from within the journalism program. Students must write and publish five stories for the semester, and some have gone beyond that number. One of the five stories has to focus on an underrepresented community","The program provides coverage for 80 outlets across the state including radio, TV and newspapers ranging from small dailies and weeklies to the Miami Herald, AP and CNN. The program specifically added outlets in the last academic year in rural news deserts that serve areas along Florida’s coasts that are affected by hurricanes, so that they can receive our storm coverage.",," Students in Fresh Take Florida led UF’s coverage of Hurricane Milton in October that won a regional Edward R. Murrow Award. A milestone was that on May 1 they published our 500th news article since we started the program in 2019, an expose revealing that the newly elected vice chairman of the Florida Republican Party had been convicted years earlier in a felony criminal investigation involving his relationship with a jail inmate when he was working as a guard.","Students Get Course Credit, Statehouse, ""Democracy, Governance & Elections"", Part of a Class, Investigations/Watchdog",College of Journalism and Communications,https://www.jou.ufl.edu/fresh-take-florida/,Gainesville,"Public, Has any Journalism program, Population size is above 20 thosands",38,76,113,"3,000",,,2019,No,"The University of Florida’s Fresh Take Florida runs two semesters per year and employs up to 18 students per semester to cover the Florida Legislature, which is 2.5 hours from their campus in Gainesville. The program provides coverage for 80 outlets across the state including radio, TV and newspapers ranging from small dailies and weeklies to the Miami Herald, AP and CNN. The three-credit class started in 2019 and operates during both the spring and fall semesters. While students are not usually paid, the program covers travel, dorm stays at Florida State University’s campus in Tallahassee and access to public records thanks in part to donations via the University of Florida Foundation. While many students will choose to take the class for two semesters, single-semester students will typically opt to take the class in the spring because it coincides with the legislative session. Most students come from within the journalism program. Students must write and publish five stories for the semester, and some have gone beyond that number. One of the five stories has to focus on an underrepresented community",,Florida,-82.34113,29.64973,134130,https://www.uvm.edu/ccn/news/university-floridas-fresh-take-florida-launches-journalism-careers,,https://www.uvm.edu/sites/default/files/Center-for-Community-News/pdfs/fact%20sheets/University_of_Florida_-_edits.pdf,Complete
University of Missouri-Columbia,MO,"News Academic Partnership, 2024 or Earlier","The program, which partners with the Missouri Press Association and the Missouri Broadcasters
Associatio, hosts about 20 to 30 students who work in shifts to cover the legislative session from January to May in Jefferson City.",State Government Reporting Program,"The University of Missouri’s State Government Reporting Program has had students working at the statehouse in Jefferson City for more than 40 years. About 20 to 30 students work in shifts to cover the legislative session from January to May under the direction of long-time government reporter and editor Fred Anklam. The university partners with the Missouri Press Association and the Missouri Broadcasters Association to distribute the students’ stories to small newspapers and radio and TV stations across the state. Mizzou’s statehouse audio coverage has even greater reach than print stories. Because of the demand for radio stories, students can get credit or payment for their audio work, and most opt for credit. The stories for print or online publications also go through the copy desk of the Columbia Missourian, the daily newspaper that serves as the hands-on “lab” for journalism majors in their junior and senior years.",,,,"Students Get Course Credit, Statehouse, ""Democracy, Governance & Elections"", Part of a Class",Missouri School of Journalism,https://journalism.missouri.edu/real-world-experiences/other-opportunities/missouri-statehouse-reporting-program/,Columbia,"Public, Has any Journalism program, Population size is above 20 thosands",,,,,,,,No,"The University of Missouri’s State Government Reporting Program has had students working at the statehouse in Jefferson City for more than 40 years. About 20 to 30 students work in shifts to cover the legislative session from January to May under the direction of long-time government reporter and editor Fred Anklam. The university partners with the Missouri Press Association and the Missouri Broadcasters Association to distribute the students’ stories to small newspapers and radio and TV stations across the state. Mizzou’s statehouse audio coverage has even greater reach than print stories. Because of the demand for radio stories, students can get credit or payment for their audio work, and most opt for credit. The stories for print or online publications also go through the copy desk of the Columbia Missourian, the daily newspaper that serves as the hands-on “lab” for journalism majors in their junior and senior years.",,Missouri,-92.29417,38.957,178396,https://www.uvm.edu/ccn/news/mizzou-statehouse-reporting-bureau,,https://www.uvm.edu/sites/default/files/Center-for-Community-News/pdfs/fact%20sheets/2/University_of_Missouri_statehouse.pdf,"Emailed, Waiting on Response"
University of Washington-Seattle Campus,WA,"News Academic Partnership, 2024 or Earlier","Every winter, the program pairs students with local and state outlets to cover news from the Capitol in Olympia during the legislative session.",State Government Communications Program,"The Department of Communication's Journalism and Public Interest Communication program every winter quarter pairs students with local and state outlets to cover news from the Capitol in Olympia during the legislative session. Starting in 2025, the department awards subsidies through a short application process to select small-budget independent and nonprofit news outlets seeking to participate in the program. Faculty member John Tomasic runs the program. Between three and five students produce at least 100 stories on the legislature per year – sometimes more – in the program. The University of Washington is housed in Seattle, about an hour and 15 minutes away from the capitol by car. Students in this program are housed together via a short-term rental near the capitol instead of commuting. The housing plan is paid for by a donation from alums, totaling about $5,000 a year, that the program gives as stipends to the students who use it to pay rent in Olympia during the ten-week winter quarter when the legislature every year is in session. Additionally, the students get paid by the outlets for which they’re interning – about $3,000 per outlet for ten weeks. The department now occasionally provides grants to hard-pressed non-profit and independent outlets to pay for an intern. ",,,,"Students Get Course Credit, Statehouse, ""Democracy, Governance & Elections"", Part of a Class, Students Relocate",Department of Communication,https://com.uw.edu/undergraduate/journalism-public-interest-communication-major/state-government-communication-program/,Seattle,"Public, Minority-Serving Institution, Has any Journalism program, Population size is above 20 thosands",,,,,,,,,"The Department of Communication's Journalism and Public Interest Communication program every winter quarter pairs students with local and state outlets to cover news from the Capitol in Olympia during the legislative session. Starting in 2025, the department awards subsidies through a short application process to select small-budget independent and nonprofit news outlets seeking to participate in the program. Faculty member John Tomasic runs the program. Between three and five students produce at least 100 stories on the legislature per year – sometimes more – in the program. The University of Washington is housed in Seattle, about an hour and 15 minutes away from the capitol by car. Students in this program are housed together via a short-term rental near the capitol instead of commuting. The housing plan is paid for by a donation from alums, totaling about $5,000 a year, that the program gives as stipends to the students who use it to pay rent in Olympia during the ten-week winter quarter when the legislature every year is in session. Additionally, the students get paid by the outlets for which they’re interning – about $3,000 per outlet for ten weeks. The department now occasionally provides grants to hard-pressed non-profit and independent outlets to pay for an intern. ",,Washington,-122.31209,47.65651,236948,https://www.uvm.edu/ccn/news/university-washington-journalism-program-places-students-newsrooms-olympia-and-around-world,,,"Emailed, Waiting on Response"
Virginia Commonwealth University,VA,"News Academic Partnership, 2024 or Earlier",The program has between eight to 15 students per semester registered in a six-credit reporting course to cover the Virginia Statehouse for more than 100 news outlets.,Capital News Service,"Virginia Commonwealth University launched their Capital News Service in 1994. The program has between eight to 15 students per semester registered in a six-credit reporting course. Many students will opt to take the course two times, using the fall semester as an introduction into political reporting and the legislative process, before jumping in during the spring semester once the Virginia Assembly convenes in January. The program is funded through the university. The students are taught by professor Alix Bryan-Campos, who took over in 2019 and launched the fall course. Bryan-Campos also serves as one of the editors for the student work. The program has launched an additional course called the CNS Copy Desk to teach students fact-checking, editing and AP Style by editing real stories in order to help support the editing work before it is ultimately handed over to Bryan-Campos, who meets one-on-one with the student. The program also has a newsroom director position to help ensure relevancy and accuracy of the student-reported articles, develop partnerships with new media clients, maintain the CNS listserv and website, organize a portfolio review, lead special collaborative projects, edit and be a liaison between journalism courses, Bryan-Campos said.","The articles produced by the program are distributed to more than 100 news outlets, with almost every article being reposted by an outside news outlet. The students are encouraged to reach out to local papers and communicate with news editors to get story ideas. ",,,"Students Get Course Credit, Statehouse, ""Democracy, Governance & Elections"", Part of a Class",College of Humanities and Sciences; Richard T. Robertson School of Communication,https://vcucns.com/,Richmond,"Public, Minority-Serving Institution, Has any Journalism program, Population size is above 20 thosands",27,95,70,475-650,,,1994,2024 Faculty Champion,"Virginia Commonwealth University launched their Capital News Service in 1994. The program has between eight to 15 students per semester registered in a six-credit reporting course. Many students will opt to take the course two times, using the fall semester as an introduction into political reporting and the legislative process, before jumping in during the spring semester once the Virginia Assembly convenes in January. The program is funded through the university. The students are taught by professor Alix Bryan-Campos, who took over in 2019 and launched the fall course. Bryan-Campos also serves as one of the editors for the student work. The articles produced by the program are distributed to more than 100 news outlets, with almost every article being reposted by an outside news outlet. The students are encouraged to reach out to local papers and communicate with news editors to get story ideas. The program has launched an additional course called the CNS Copy Desk to teach students fact-checking, editing and AP Style by editing real stories in order to help support the editing work before it is ultimately handed over to Bryan-Campos, who meets one-on-one with the student. The program also has a newsroom director position to help ensure relevancy and accuracy of the student-reported articles, develop partnerships with new media clients, maintain the CNS listserv and website, organize a portfolio review, lead special collaborative projects, edit and be a liaison between journalism courses, Bryan-Campos said.",,Virginia,-77.4518,37.55149,234030,https://www.uvm.edu/ccn/news/covering-state-house-virginia,,https://www.uvm.edu/sites/default/files/Center-for-Community-News/pdfs/fact%20sheets/Virginia_Commonwealth_University_.pdf,Complete
Florida Agricultural and Mechanical University,FL,"News Academic Partnership, 2024 or Earlier","***NOTE, As the lead faculty retires, it's unclear if they will continue this program going forward. ""An email to Mira Lowe ... might help answer some questions that I don't have the answers for.""... In this advanced reporting class, about 20 students per semester cover the Florida Legislature and state government which is less than a mile from the campus. ",SJGC Capital Bureau,"Florida A&M University coordinates a statehouse capital bureau through an advanced reporting class. About 20 students per semester cover the Florida Legislature and state government; the Capitol is less than a mile from their campus in Tallahassee. The three-credit class evolved out of a long-standing public affairs reporting course. It operates during both the spring and fall semesters. The class is a required course for the journalism majors at FAMU and is taught by Doug Blackburn, who spent more than 30 years as a reporter at multiple papers, including covering higher education and the Florida Legislature for the Tallahassee Democrat.
",The work is published on the student newspaper’s website and available to other outlets to republish.,"“Florida A&M, we probably have fewer resources at our disposal than any other institution that's part of this program. We just don't get funded the same way that the LSUs and UFs do. It's been an ongoing issue at HBCUs in general for generations.” One of their goals is to establish a physical space near the capitol where students can be heardquartered and can easily walk into the capitol; they have yet to identify the place, and they may lack the money to do so as well, but that would be one of the first goals if more money was identified. They have the luxury of being close to the capitol but not close enough to where they can just walk.","In spring 2023, the class added broadcast-quality video news reports to their written stories. ","Part of a Class, Students Get Course Credit, ""Democracy, Governance & Elections"", Statehouse",School of Journalism & Graphic Communication,"http,//www.thefamuanonline.com/",Tallahassee,"Public, Has any Journalism program, Minority-Serving Institution,  Population size 5-10 thousands",39,234,1,2,,,2022,2023 Faculty Champion,"Summary, Florida A&M University coordinates a statehouse capital bureau through an advanced reporting class. About 20 students per semester cover the Florida Legislature and state government; the Capitol is less than a mile from their campus in Tallahassee. The three-credit class evolved out of a long-standing public affairs reporting course.It operates during both the spring and fall semesters. The class Is a required course for the journalism majors at FAMU and is taught by Doug Blackburn, who spent more than 30 years as a reporter at multiple papers, including covering higher education and the Florida Legislature for the Tallahassee Democrat. 
Distribution, The work is published on the student newspaper’s website and available to other outlets to republish.
Looking forward, “Florida A&M, we probably have fewer resources at our disposal than any other institution that's part of this program. We just don't get funded the same way that the LSUs and UFs do. It's been an ongoing issue at HBCUs in general for generations.”
Notable, In spring 2023, the class added broadcast-quality video news reports to their written stories. ",,Florida,-84.29031,30.41684,133650,https://www.uvm.edu/ccn/news/famus-capital-bureau-class,,,Complete
Louisiana State University and Agricultural & Mechanical College,LA,"News Academic Partnership, 2024 or Earlier","This program servicing 95 news outlets in the state includes a prerequisite class in the fall, a spring class based at the Capitol, which is just a short drive from campus during the legislative session, and a paid summer program for a handful of students to cover the end of the session once the semester ends.",Manship School Statehouse Bureau,"The Louisiana State University Manship School Statehouse Bureau has been covering the statehouse in Baton Rouge since 2016. The program includes a prerequisite class in the fall, a spring class based at the Capitol, which is just a short drive from campus during the legislative session, and a paid summer program for a handful of students to cover the end of the session once the semester ends. The program is managed by faculty member Christopher Drew, who had a 40-year career as a journalist prior to starting in 2017. There are typically 10 to 12 students a semester. Students receive 3 credits and can take the class twice. Students are required to spend at least one day in the legislature. ","More than 95 publications, digital publications, newspapers, and radio/TV have run at least one of their stories and many take content on a regular basis. ","“I try to keep it consistently between 10 and 12 students. I don't really want to make it any bigger, because it's too hard to manage and keep up the quality. There may be some other news sites.”",Funding comes from the university and Drew’s endowed chair. ,"Part of a Class, Students Get Course Credit, Statehouse, ""Democracy, Governance & Elections"", Students Are Paid",Manship School of Mass Communication,https://manshipxgr.org/,Baton Rouge,"Public, Has any Journalism program, Population size is above 20 thosands",9,48,50,,,,2016,,"Summary, The Louisiana State University Manship School Statehouse Bureau has been covering the statehouse in Baton Rouge since 2016. The program includes a prerequisite class in the fall, a spring class based at the Capitol, which is just a short drive from campus during the legislative session, and a paid summer program for a handful of students to cover the end of the session once the semester ends. The program is managed by faculty member Christopher Drew, who had a 40-year career as a journalist prior to starting in 2017. There are typically 10 to 12 students a semester. Students receive 3 credits and can take the class twice. Students are required to spend at least one day in the legislature. 
Distribution, More than 95 publications, digital publications, newspapers, and radio/TV have run at least one of their stories and many take content on a regular basis. 
Looking forward, “I try to keep it consistently between 10 and 12 students. I don't really want to make it any bigger, because it's too hard to manage and keep up the quality. There may be some other news sites.”
Notable, Funding comes from the university and Drew’s endowed chair. ",,Louisiana,-91.17735,30.41579,159391,https://www.uvm.edu/ccn/news/lsu-statehouse-reporting-enterprise-stories,,https://www.uvm.edu/sites/default/files/Center-for-Community-News/pdfs/fact%20sheets/Louisiana_State_University_-_edits.pdf,"Emailed, Waiting on Response"
Ohio University,OH,"News Academic Partnership, 2024 or Earlier","The program places one to three interns in a local news bureau to cover the Columbus statehouse for an entire semester via print, broadcast or other media, depending on what newsroom they intern with. ",Statehouse News Bureau Fellowship,"Since 2011, Ohio University’s Scripps College of Communication has placed one to three interns in a local news bureau to cover the Columbus statehouse for an entire semester. Students can work in print, broadcast or other media when on this beat, depending on what newsroom they intern with. Students mainly take assignments from the bureau they are interning with, but the bureau is required to share their coverage with any competing news outlet in the state that also wishes to use it. OU’s campus in Athens is about an hour’s drive away from the state capitol in Columbus. Students typically live in the capitol city during their internship, often staying with their family. Students are paid about $6,900 as a stipend for the semester and required to work as an intern covering the statehouse for 200 hours that semester. All journalism students at OU are required to take some sort of semester-long internship, though not all opt to cover their legislature. The student salaries are funded by the Scripps Howard Fund and fellows' host news organizations. Students can opt to get 1 to 3 credits during the semester, but unlike a full internship, that requires them to pay tuition. Professionals at the newsroom housing the interns assign and edit their stories while faculty member Dr. Thomas Suddes provides simultaneous mentoring. Suddes, who has 30 years of statehouse reporting experience, also has professional connections with the local journalism market that helps students secure internships. Mostly journalism students have this internship, but some political science students have also participated.",,,,"Part of a Class, Students Get Course Credit, Statehouse, ""Democracy, Governance & Elections"", Broadcast",E.W. Scripps School of Journalism ,https://www.ohio.edu/scripps-college/journalism/undergraduate/statehouse-news-bureau-fellowship,Athens,"Public, Has any Journalism program, Population size is above 20 thosands",,,,,,,2011,,"Since 2011, Ohio University’s Scripps College of Communication has placed one to three interns in a local news bureau to cover the Columbus statehouse for an entire semester. Students can work in print, broadcast or other media when on this beat, depending on what newsroom they intern with. Students mainly take assignments from the bureau they are interning with, but the bureau is required to share their coverage with any competing news outlet in the state that also wishes to use it. OU’s campus in Athens is about an hour’s drive away from the state capitol in Columbus. Students typically live in the capitol city during their internship, often staying with their family. Students are paid about $6,900 as a stipend for the semester and required to work as an intern covering the statehouse for 200 hours that semester. All journalism students at OU are required to take some sort of semester-long internship, though not all opt to cover their legislature. The student salaries are funded by the Scripps Howard Fund and fellows' host news organizations. Students can opt to get 1 to 3 credits during the semester, but unlike a full internship, that requires them to pay tuition. Professionals at the newsroom housing the interns assign and edit their stories while faculty member Dr. Thomas Suddes provides simultaneous mentoring. Suddes, who has 30 years of statehouse reporting experience, also has professional connections with the local journalism market that helps students secure internships. Mostly journalism students have this internship, but some political science students have also participated.",,Ohio,-82.09666,39.32462,204796,,,,"Emailed, Waiting on Response"
Southern Illinois University,IL,"News Academic Partnership, 2024 or Earlier",Southern Illinois University’s Saluki Reporting Lab works with students at SIU who want to dive deep into community news stories beyond their class requirements and publish their reporting in local outlets.,Saluki Local Reporting Lab,"Southern Illinois University’s Saluki Reporting Lab, while not a class on its own, works with students at SIU who want to dive deep into community news stories beyond their class requirements and publish their reporting in local outlets. The program, launched in 2024, is headed by local ProPublica contributor Molly Parker and local photojournalist Julia Rendleman to help fill emerging gaps in local news. The program aims to examine how state policies affect real people through deep-dive enterprise reporting.","Their main partner is the nonprofit Capitol News Illinois, along with other local outlets such as a Black-owned newspaper called Urban Voices. ","The program’s ultimate goal is to add a visiting faculty or full-time staffer to assist with the lab so that students can produce more work. ""We'd like to make this more formal, but with limited editing capacity, we work with students on a case-by-case basis when their classroom or personal work rises to the level of regional or statewide distribution, and when they want to take on the extra workload.""",Students are compensated with pay depending on the time they commit to the story. ,"Statehouse, ""Democracy, Governance & Elections"", Students Are Paid",School of Journalism and Advertising,ctcommunitynews.org,Edwardsville,"Public, Has any Journalism program, Population size 10-20 thousands",4-5,4,3,At least 12,,,2024,,"Summary, Southern Illinois University’s Saluki Reporting Lab, while not a class on its own, works with students at SIU who want to dive deep into community news stories beyond their class requirements and publish their reporting in local outlets. The program, launched in 2024, is headed by local ProPublica contributor Molly Parker and local photojournalist Julia Rendleman to help fill emerging gaps in local news. The program aims to examine how state policies affect real people through deep-dive enterprise reporting.
Distribution, Their main partner is the nonprofit Capitol News Illinois, along with other local outlets such as a Black-owned newspaper called Urban Voices. 
Looking forward, The program’s ultimate goal is to add a visiting faculty or full-time staffer to assist with the lab so that students can produce more work.
Notable, Students are compensated with pay depending on the time they commit to the story. ",,Illinois,,,,,,,"Emailed, Waiting on Response"
The University of Montana (Statehouse Coverage),MT,"News Academic Partnership, 2024 or Earlier","Each legislative session, which happens every other year, two to three University of Montana journalism students move to the capital city of Helena to cover the legislative session for 150 print and broadcast partners in the state.",Legislative News Service,"The University of Montana Legislative News Service was started in 1993 in an attempt to fill the gaps in legislative coverage for the residents of Montana. The program is housed at the University of Montana and run by former legislative reporter Courtney Cowgill. Each legislative session, which happens every other year, two to three University of Montana journalism students move to the capital city of Helena to cover the session. While in the statehouse, the students are considered to be full members of the professional press corps covering the Legislature. ",The students produce written and broadcast reports of the daily events in the statehouse for more than 150 outlets across the state. ,"As nonprofit news outlets are gaining footing at the statehouse, Cowgill is strategizing ways that students can approach non-duplicative news stories for the community; this has meant going after more niche stories, such as the sale of lab-grown meat.","The program is funded through a partnership between the University of Montana, the Montana Newspaper Association, the Greater Montana Foundation, and the Montana Broadcasters Association. ","Students Get Course Credit, Statehouse, ""Democracy, Governance & Elections"", Part of a Class","College of the Arts and Media, School of Journalism",https://wakelet.com/@umlegnews,Missoula,"Public, Has any Journalism program,  Population size 5-10 thousands",,,,,,,1993,No,"Summary, The University of Montana Legislative News Service was started in 1993 in an attempt to fill the gaps in legislative coverage for the residents of Montana. The program is housed at the University of Montana and run by former legislative reporter Courtney Cowgill. Each legislative session, which happens every other year, two to three University of Montana journalism students move to the capital city of Helena to cover the session. While in the statehouse, the students are considered to be full members of the professional press corps covering the Legislature. 
Distribution, The students produce written and broadcast reports of the daily events in the statehouse for more than 150 outlets across the state. 
Looking forward, As nonprofit news outlets are gaining footing at the statehouse, Cowgill is strategizing ways that students can approach non-duplicative news stories for the community; this has meant going after more niche stories, such as the sale of lab-grown meat.
Notable, The program is funded through a partnership between the University of Montana, the Montana Newspaper Association, the Greater Montana Foundation, and the Montana Broadcasters Association. ",,Montana,-113.9829,46.86132,180489,https://www.uvm.edu/ccn/news/montana-statehouse-news-service,,https://www.uvm.edu/sites/default/files/Center-for-Community-News/pdfs/fact%20sheets/University_of_Montana_.pdf,"Emailed, Waiting on Response"
University of Texas at Austin,TX,"News Academic Partnership, 2024 or Earlier","The three-hour undergraduate class matches students with a news outlet, preferably from their hometown, working with that newsroom's editor and UT Austin faculty to cover the Texas statehouse and other parts of Texas government during non-legislative years.",Statehouse Reporting,"The University of Texas at Austin launched its undergraduate statehouse reporting class in the spring of 2023 and it continues this spring, as the Legislature begins its session in January. Students are matched with a news outlet, preferably from their hometown, but in reality, the value added is being in Austin because of the shrinking capitol bureaus. The students worked with their newsroom editor under the guidance of former New York Times editor Kathleen McElroy and former Dallas Morning News Capitol bureau chief Christy Hoppe. ","The three-hour undergraduate class is capped at 18 students for accreditation purposes and to ensure the students are matched with a professional news media outlet in the state. Most of the outlets are traditional print or online publications, ranging from large metro dailies to weeklies. Students, who get a modest stipend from their newsrooms and a Journalism endowment, are scheduled to produce at least five stories over the semester. ",The program is not looking to expand.,"The Capitol building is a 30-minute walk or an 8-minute drive from campus (with free parking!). The Texas Legislature only meets during odd-numbered years for 140 days, but special sessions have become the norm. Students cover plenty of state legislative news during off years, such as diving into a public policy issue.","Students Get Course Credit, Statehouse, ""Democracy, Governance & Elections"", Part of a Class","Moody College of Communication, School of Journalism and Media",,Austin,"Public, Minority-Serving Institution, Has any Journalism program, Population size is above 20 thosands",,,,,,,2023,,"Summary, The University of Texas at Austin launched its undergraduate statehouse reporting class in the spring of 2023 and it continues this spring, as the Legislature begins its session in January. Students are matched with a news outlet, preferably from their hometown, but in reality, the value added is being in Austin because of the shrinking capitol bureaus. The students worked with their newsroom editor under the guidance of former New York Times editor Kathleen McElroy and former Dallas Morning News Capitol bureau chief Christy Hoppe. 
Distribution, The three-hour undergraduate class is capped at 18 students for accreditation purposes and to ensure the students are matched with a professional news media outlet in the state. Most of the outlets are traditional print or online publications, ranging from large metro dailies to weeklies. Students, who get a modest stipend from their newsrooms and a Journalism endowment, are scheduled to produce at least five stories over the semester. 
Looking forward, The program is not looking to expand.
Notable, The Capitol building is a 30-minute walk or an 8-minute drive from campus (with free parking!). The Texas Legislature only meets during odd-numbered years for 140 days, but special sessions have become the norm. Students cover plenty of state legislative news during off years, such as diving into a public policy issue.",,Texas,-97.73354,30.28703,228778,https://www.uvm.edu/news/ccn/students-reporters-community-journalism-university-texas-austin,,https://www.uvm.edu/sites/default/files/Center-for-Community-News/pdfs/fact%20sheets/3/University_of_Texas_Austin.pdf,"Emailed, Waiting on Response"
University of Colorado Boulder,CO,"News Academic Partnership, 2024 or Earlier","In this now-paused program,  about 10 to 15 students covered the Colorado Statehouse
for the Colorado Student News Service during the 2024 spring semester serving 10 rural news outlets, providing them with print and multimedia content.",Statehouse Reporting (paused),"During the spring 2024 semester, about 10 to 15 students covered the Colorado Statehouse for the Colorado Student News Service. Beth Potter, who has about 30 years of journalism experience including 10 years overseas, taught the three-credit elective course as an adjunct professor. The class met twice a week, and students traveled to the statehouse twice over the entire semester. Students traveled from campus to the statehouse via a 30-minute bus ride, which is free for students. They shared space on the press row with professionals. Colorado’s legislature only meets in the spring. During the following fall semester, Potter aimed to continue political and legislative coverage by holding the class and having students work together to report a ballot initiative for the 2024 election concerning hunting mountain lions. Not all students’ work produced during the two semesters in which the class operated was published by partners. This year, she is pausing it indefinitely because she was promoted in her newsroom role outside of UC Boulder, along with other competing duties. Despite her pausing it, she said journalism students are still going to the Capitol voluntarily to pursue stories for student media, partly due to word of mouth on the success of the last two semesters.","The program served 10 rural news outlets, providing them with print and multimedia content. During the spring semester, a few stories were published among the dozen or so students in the class. During the fall semester, one major story jointly reported by the class was distributed across the state.",,,"Paused, Statehouse, ""Democracy, Governance & Elections"", Part of a Class, Students Get Course Credit","College of Media, Communication and Information",,Boulder,"Public, Has any Journalism program, Population size 10-20 thousands",20-25,10-50,10,50-75,,,2024,2023 Statehouse Faculty Champion,"During the spring 2024 semester, about 10 to 15 students covered the Colorado Statehouse for the Colorado Student News Service serving 10 rural news outlets, providing them with print and multimedia content. Beth Potter, who has about 30 years of journalism experience including 10 years overseas, taught the three-credit elective course as an adjunct professor. The class met twice a week, and students traveled to the statehouse twice over the entire semester. Students traveled from campus to the statehouse via a 30-minute bus ride, which is free for students. They shared space on the press row with professionals. Colorado’s legislature only meets in the spring. During the following fall semester, Potter aimed to continue political and legislative coverage by holding the class and having students work together to report a ballot initiative for the 2024 election concerning hunting mountain lions. Not all students’ work produced during the two semesters in which the class operated was published by partners. During the spring semester, a few stories were published among the dozen or so students in the class. During the fall semester, one major story jointly reported by the class was distributed across the state. This year, she is pausing it indefinitely because she was promoted in her newsroom role outside of UC Boulder, along with other competing duties. Despite her pausing it, she said journalism students are still going to the Capitol voluntarily to pursue stories for student media, partly due to word of mouth on the success of the last two semesters.",,Colorado,,,,,,,"Emailed, Waiting on Response"
University of Maryland-College Park,MD,"News Academic Partnership, 2024 or Earlier","This bureau is one of five managed by the journalism school, and produces news on the Maryland statehouse for dozens of clients for up to $200 per semester to fund student stipends and travel.",Capital News Service Annapolis Bureau,"The University of Maryland’s Capital News Service Annapolis Bureau is one of five news bureaus managed by The Philip Merrill College of Journalism. All journalism (M.J. not M.A.) graduate students are required to work in one of the news bureaus, whereas undergraduates have to apply for it as a capstone. (Graduate students apply for their preferred bureau, but do not always receive their top choice). Started in 1990, the bureau and the companion courses operate in the spring and fall. Graduate students get six credits for working four days per week. Undergraduate students get six credits for working two days a week or nine credits for working for days a week. The class size varies per semester, sometimes reaching as many as ten graduate and undergraduate students. The program is managed by long-time journalist and editor Martin Kaiser and Annapolis Bureau chief Christi Parsons. The statehouse is a 40 to 45-minute drive from campus.","The bureau has around 30 news organization clients and charges $100 or $200 per semester, depending on their size -- and also provides content to AP. The revenue goes toward student stipends for travel. The bureau produces from 25 to 75 stories per semester, depending on the number of students in the Annapolis Bureau. ","""I would like to grow the participation in my bureau. I have mostly have seniors and graduate students, but I would like to have younger students come and be part of the Bureau, to expand the staff. … Another thing is, I would like to recruit more students from the community college level.”","Funding comes from the University budget and pays for the faculty bureau chiefs and rent for the Annapolis office, which is a block away from the statehouse. ","Students Get Course Credit, Statehouse, ""Democracy, Governance & Elections"", Part of a Class",Philip Merrill College of Journalism,https://cnsmaryland.org/category/annapolis/,College Park,"Public, Has any Journalism program, Population size is above 20 thosands",,,,,,,1990,,"Summary, The University of Maryland’s Capital News Service Annapolis Bureau is one of five news bureaus managed by The Philip Merrill College of Journalism. All journalism (M.J. not M.A.) graduate students are required to work in one of the news bureaus, whereas undergraduates have to apply for it as a capstone. (Graduate students apply for their preferred bureau, but do not always receive their top choice). Started in 1990, the bureau and the companion courses operate in the spring and fall. Graduate students get six credits for working four days per week. Undergraduate students get six credits for working two days a week or nine credits for working for days a week. The class size varies per semester, sometimes reaching as many as ten graduate and undergraduate students. The program is managed by long-time journalist and editor Martin Kaiser and Annapolis Bureau chief Christi Parsons. The statehouse is a 40 to 45-minute drive from campus. 
Distribution, The bureau has around 30 news organization clients and charges $100 or $200 per semester, depending on their size -- and also provides content to AP. The revenue goes toward student stipends for travel. The bureau produces from 25 to 75 stories per semester, depending on the number of students in the Annapolis Bureau. 
Looking forward, “I would like to grow the participation in my bureau. I have mostly have seniors and graduate students, but I would like to have younger students come and be part of the Bureau, to expand the staff. … Another thing is, I would like to recruit more students from the community college level.”
Notable, Funding comes from the University budget and pays for the faculty bureau chiefs and rent for the Annapolis office, which is a block away from the statehouse. ",,Maryland,-76.62088,39.28823,163286,,,https://www.uvm.edu/sites/default/files/Center-for-Community-News/pdfs/fact%20sheets/2/University_of_Maryland.pdf,"Emailed, Waiting on Response"
University of Nebraska-Lincoln,NE,"News Academic Partnership, 2024 or Earlier","Students cover the statehouse, and the content is provided to about 100 outlets, some radio
and TV but mostly newspapers. ",Nebraska News Service,"The University of Nebraska’s Nebraska News Service has operated a statehouse bureau since 2011 and has since been merged with a newer program called the Experience Lab for different communications majors, and is also folded into a capstone course. Both the capstone and Experience Lab expand beyond statehouse coverage. The statehouse coverage class meets for 1 hour and 45 minutes every Monday and Wednesday, with each student only going to the statehouse one of those days. The campus is only a few blocks away from the statehouse. The class is one credit per semester, and students must take it three times for their degree. ","Professionals, many of whom are either retired or working in the industry hoping to hire students post-grad, offer mentoring and guidance such as line editing. Students cover the statehouse and the content is provided to about 90 to 100 outlets, some radio and TV but mostly newspapers. ","“I'm still trying to figure out how we expand it, because we have the Nebraska Examiner, which is relatively new, that's a States Newsroom [outlet], and they are really open to collaborating.”","Students also must be involved up to six hours per week as part of the Experience Lab, but it’s up to the students how much they want to devote to statehouse coverage. The senior capstone class averages 25 to 40 students. The university foundation has a Nebraska News Service fund to which anyone can donate, and Nebraska alums donate. That fund helps pay for travel expenses when needed. Typically only student leads, who work 10 hours a week, are paid $11.25 per hour to manage, support, and edit fellow students.","Students Get Course Credit, Statehouse, ""Democracy, Governance & Elections"", Part of a Class",College of Journalism and Mass Communications,https://nebraskanewsservice.net/,Lincoln,"Public, Population size is above 20 thosands, Has any Journalism program",,,,,,,2011,No,"Summary, The University of Nebraska’s Nebraska News Service has operated a statehouse bureau since 2011 and has since been merged with a newer program called the Experience Lab for different communications majors, and is also folded into a capstone course. Both the capstone and Experience Lab expand beyond statehouse coverage. The statehouse coverage class meets for 1 hour and 45 minutes every Monday and Wednesday, with each student only going to the statehouse one of those days. The campus is only a few blocks away from the statehouse. The class is one credit per semester, and students must take it three times for their degree. 
Distribution, Professionals, many of whom are either retired or working in the industry hoping to hire students post-grad, offer mentoring and guidance such as line editing. Students cover the statehouse and the content is provided to about 90 to 100 outlets, some radio and TV but mostly newspapers. 
Looking forward, “I'm still trying to figure out how we expand it, because we have the Nebraska Examiner, which is relatively new, that's a States Newsroom [outlet], and they are really open to collaborating.”
Notable, Students also must be involved up to six hours per week as part of the Experience Lab, but it’s up to the students how much they want to devote to statehouse coverage. The senior capstone class averages 25 to 40 students. The university foundation has a Nebraska News Service fund to which anyone can donate, and Nebraska alums donate. That fund helps pay for travel expenses when needed. Typically only student leads, who work 10 hours a week, are paid $11.25 per hour to manage, support, and edit fellow students.",,Nebraska,-96.69693,40.818198,181464,,,https://www.uvm.edu/sites/default/files/Center-for-Community-News/pdfs/fact%20sheets/2/University_of_Nebraska.pdf,"Emailed, Waiting on Response"
University of Oklahoma,OK,"News Academic Partnership, 2024 or Earlier","Students commute 40 minutes to the statehouse at least one day per week when the legislature is in session, either for the entire morning or afternoon, and produce at least 10 stories during the February to May session for more than 160 outlets.",Gaylord News,"The University of Oklahoma’s Gaylord News covers the Congress year-round and the legislative session during the spring semester. There are two parts to this, a Washington, D.C. component in which students are paid $10 per hour, plus housing and transportation, and a 1-credit in-state practicum in the spring that covers the legislative session. Students based in Washington typically will write 20 to 30 stories each during the semester. Students working in the state capitol are expected to be at the statehouse at least one day per week when the legislature is in session, either for the entire morning or afternoon and produce at least 10 stories during the February to May session. Students commute from campus, which is 20 miles from the state capital in a suburb of Oklahoma City – about a 40-minute drive. As of February 2025, Washington and legislative content is provided free via listserv emails and Google Drive. Faculty are exploring ways to grow via a more intensive, higher-credit legislative class in the fall and spring semesters.","All stories are edited by Gaylord College faculty and made available to 160 plus news outlets, including seven television stations and 10 Native American newspapers, across the state. ",,,"Students Get Course Credit, Statehouse, ""Democracy, Governance & Elections"", Part of a Class",Gaylord College of Journalism and Mass Communication,https://gaylordnews.net/,Stillwater,"Public, Has any Journalism program, Population size is above 20 thosands",5,15,"160, plus 10 Native and 7 TV outlests",60,,,,No,"The University of Oklahoma’s Gaylord News covers the Congress year-round and the legislative session during the spring semester. There are two parts to this, a Washington, D.C. component in which students are paid $10 per hour, plus housing and transportation, and a 1-credit in-state practicum in the spring that covers the legislative session. All stories are edited by Gaylord College faculty and made available to 160 plus news outlets, including seven television stations and 10 Native American newspapers, across the state. Students based in Washington typically will write 20 to 30 stories each during the semester. Students working in the state capitol are expected to be at the statehouse at least one day per week when the legislature is in session, either for the entire morning or afternoon and produce at least 10 stories during the February to May session. Students commute from campus, which is 20 miles from the state capital in a suburb of Oklahoma City – about a 40-minute drive. As of February 2025, Washington and legislative content is provided free via listserv emails and Google Drive. Faculty are exploring ways to grow via a more intensive, higher-credit legislative class in the fall and spring semesters.",,Oklahoma,-97.49343,35.48028,207388,https://www.uvm.edu/ccn/news/gaylord-news-brings-statewide-and-national-coverage-oklahomans,,https://www.uvm.edu/sites/default/files/Center-for-Community-News/pdfs/fact%20sheets/edits/NEW_University_of_Oklahoma.pdf,"Transcript Submitted, Waiting on Impact Survey"
University of South Carolina-Columbia,SC,"News Academic Partnership, 2024 or Earlier","About half a dozen seniors each year in the journalism program cover at least one story on politics in the state, incuding on the statehouse, for partnering outlets.",Senior Semester,"According to journalism instructor Brandon Shulleeta, the University of South Carolina's journalism Capstone program, known as senior semester, is divided into digital and broadcast sides. The digital side, comprising around a dozen students or more, contributes content to the school’s online publication, the Carolina News & Reporter. Digital students produce news articles, videos and visuals. The broadcast side partners with about 30 students. The program allows students to pitch stories, with up to half of multimedia students covering at least one story on politics, including the South Carolina statehouse.","One outlet that they partner with through Senior Semester, SCETV.",,,"Students Get Course Credit, Statehouse, ""Democracy, Governance & Elections"", Part of a Class",College of Information and Communications; School of Journalism and Mass Communications,https://carolinanewsandreporter.cic.sc.edu/,Columbia,"Public, Population size is above 20 thosands, Has any Journalism program",80,"1,000",1,20-25,,,,2023 Statehouse Faculty Champion,"According to journalism instructor Brandon Schulleeta, the University of South Carolina's journalism Capstone program, known as senior semester, is divided into digital and broadcast sides. The digital side, comprising around a dozen students or more, contributes content to the school’s online publication, the Carolina News & Reporter. Digital students produce news articles, videos and visuals. The broadcast side partners with about 30 students. The program allows students to pitch stories, with up to half of multimedia students covering at least one story on politics, including the South Carolina statehouse.",,South Carolina,-81.03375053,34.00108525,218663,https://www.uvm.edu/ccn/news/university-south-carolina-students-dive-investigative-journalism,https://www.uvm.edu/news/ccn/university-south-carolina-students-learn-investigative-journalism,,"Transcript Submitted, Waiting on Impact Survey"
Weber State University,UT,"News Academic Partnership, 2024 or Earlier","aculty recruit students who might be interested in working with the Amplify Utah collaborative via the student newspaper, The Signpost, which is a class, or intermediate reporting and investigative journalism classes.","Utah College Media Collaborative, Amplify Utah","Amplify Utah creates a bridge for student journalists to publish with The Salt Lake Tribune and other local media and elevate diverse perspectives while providing emerging storytellers professional exposure. Faculty recruit students who might be interested in working with the collaborative. The first opportunity goes to members of the student newspaper, The Signpost, which is a class. But if no one is interested, faculty recruit from other classes, such as intermediate reporting and investigative journalism classes.","Generally, Amplify Utah identifies a specific partner or two for each project for these collaboratives. Other Amplify Utah work is available to all partners, but for these special projects, specific partners get first dibs.",,"In 2024, our students did only social media posts for the spring collaborative and did not participate in the fall collaborative. So really, no stories were published by my students.",Statewide or Regional Collaborative,Department of Communication,https://www.sltrib.com/amplify-utah/,Ogden,"Public, Population size is above 20 thosands, Has any Journalism program",N/A,N/A,N/A,N/A,,,,,,,Utah,,,,,,,"Transcript Submitted, Waiting on Impact Survey"
University of Oklahoma,D.C.,"News Academic Partnership, 2024 or Earlier","For a semester, students move to Washington, D.C. and are paid $10 per hour, plus housing and transportation, to cover the U.S. Capitol and produce 20 to 30 stories each, edited by Gaylord College faculty and made available to 160 plus news outlets,
including seven television stations and 10 Native American newspapers, across Oklahoma.",Gaylord News Washington Bureau,"For a semester, students move to Washington, D.C. and are paid $10 per hour, plus housing and transportation, to cover the U.S. Capitol and produce 20 to 30 stories each, edited by Gaylord College faculty and made available to 160 plus news outlets,
including seven television stations and 10 Native American newspapers, across Oklahoma.","Stories are made available to 160 plus news outlets, including seven television stations and 10 Native American newspapers, across Oklahoma.",,,"Students Get Course Credit, ""Democracy, Governance & Elections"", Part of a Class, Students Are Paid, Students Relocate",Gaylord College of Journalism and Mass Communication,,Washington,"Public, Has any Journalism program, Population size is above 20 thosands",7,95,160,400,,,,,,,"Washington, D.C.",,,,,,,Complete
University of Maryland-College Park,,"News Academic Partnership, 2024 or Earlier","The Shirley Povich Center for Sports Journalism prepares students to be innovators and leaders in all facets of sports media. The center’s unique, experiential curriculum and public programs elevate and amplify discussion of race, gender, politics and the world.",The Shirley Povich Center for Sports Journalism,,"The program distributes its stories to local news organizations via Capital News Service, a student-powered news wire run by the Philip Merrill College of Journalism. For project-based stories, they also partner directly with local and national news organizations.",,,Sports,,,,,25,35,30,50,,,,,,,,,,,,,,"Transcript Submitted, Waiting on Impact Survey"
University of Maryland-College Park,D.C.,"News Academic Partnership, 2024 or Earlier","Located on Capitol Hill, the CNS Washington bureau has more reporters dedicated to covering the federal government’s impact on Maryland than any other news organization in the state.",Capital News Service Washington Bureau,"Located on Capitol Hill, the CNS Washington bureau has more reporters dedicated to covering the federal government’s impact on Maryland than any other news organization in the state.","The program distributes its stories to 25 news organizations via Capital News Service, a student-powered news wire run by the Philip Merrill College of Journalism. ",,,"""Democracy, Governance & Elections""",Philip Merrill College of Journalism,https://cnsmaryland.org/category/washington/,Washington,,20,85,25,300-350,,,,,,,,,,,,,,"Transcript Submitted, Waiting on Impact Survey"
University of Maryland-College Park,MD,"News Academic Partnership, 2024 or Earlier","Students in the Data & Graphics Bureau develop innovative data-driven web applications, interactive graphics and in-depth web projects. They serve as lead producers for CNS’ destination website and help test innovative new ideas to advance the practice of journalism.",Capital News Service Data & Graphics Bureau,,,,,Data and/or Web Operations,Philip Merrill College of Journalism,https://cnsmaryland.org/category/cns-data-lab/,College Park,,,,,,,,,,,,,,,,,,,Complete
University of Maryland-College Park,,"News Academic Partnership, 2024 or Earlier","The CNS Audience Engagement Bureau expands the reach of and engagement with Capital News Service journalism. Students manage various social accounts, produce and send newsletters, update the cnsmaryland.org website, analyze metrics to make data-driven decisions, and keep up with digital trends.",Capital News Service Audience Engagement Bureau,,,,,"Data and/or Web Operations, Multimedia/Social Media",Philip Merrill College of Journalism,,,,,,,,,,,,,,,,,,,,,"Transcript Submitted, Waiting on Impact Survey"
University of Maryland-College Park,,"News Academic Partnership, 2024 or Earlier","CNS-TV consists of reporters who cover news from across the state and Washington, D.C.  They create video packages and live shots on deadline which air in a live, half-hour newscast that is produced by a team of producers and a production crew.  The program airs on UMTV, the University’s television station,  and is distributed by Comcast Cable to subscriber households in Prince George’s and Montgomery Counties. It also streams live on several social media sites. ",Capital News Service Broadcast Bureau,,,,,"Broadcast, ""Democracy, Governance & Elections"", Multimedia/Social Media",Philip Merrill College of Journalism,https://cnsmaryland.org/category/cns-tv/,,,,,,,,,,,,,,,,,,,,"Transcript Submitted, Waiting on Impact Survey"
Colorado College,CO,"News Academic Partnership, 2024 or Earlier",The Journalism Institute is a freestanding program at Colorado College that prioritizes hands-on reporting experience and long-form journalism projects through partnerships with local news publications and other organizations.,Journalism Institute,"The Journalism Institute (JI) is a freestanding program at Colorado College (CC) that prioritizes hands-on reporting experience and long-form journalism projects through partnerships with local news publications and other organizations. While journalism has a long history at Colorado College, JI was launched in 2018 as a “hub” for its journalism minor in partnership with various media organizations. It is run as an experiential program focused on local news. Each JI course is three and a half weeks long–per Colorado College’s unique and intensive “Block Plan” class structure–and is taught either by a CC professor or a visiting faculty member, often from a prominent news publication. Around 45 to 50 journalism minors have graduated from the JI since its founding.","Student stories are published via rolling partnerships with professional news organizations, internships, the program’s practicum, and by pitching their stories to local outlets. In 2024, JI had about 50 students 2024, with 195 stories produced in 16 news outlets outside of campus publications, including in Colorado Public Radio, Denver Gazette, Rocky Mountain PBS, NPR, Denver Post, Axios Denver, and more.","JI will continue filling local news gaps and seeking more opportunities for community engagement through its various partnerships and student practicums. Most recently, the Institute identified a news desert in a rural Colorado county with no local newspaper and residents who relied on a Facebook page to get their local news. Students began filing open records requests with local governments, to publish directly onto that Facebook page as well as asking the community what they want to see now that their newspaper is gone. This is CC’s News Desert Project (informally).","The College does not have a journalism major. Its journalism minor allows for smaller classes and students from all different majors, making it more academically diverse. Students must take both an internship and a Capstone practicum to graduate with a minor in journalism, though sometimes these two can be combined if the student is producing news stories. JI promotes interdisciplinary partnerships, for example, offering a class on wildfire reporting that was funded by the National Science Foundation. Students are encouraged to pitch to various media outlets, and JI faculty members help students secure internships with local newspapers, radio stations, and other news outlets. 
The College itself provides minimal financial support, so JI operates primarily through grants and other fundraising/partnership opportunities outside CC. ",,N/A,https://www.coloradocollege.edu/other/journalism-institute/,Colorado Springs,"Private, Has any Journalism program, Population size less 5 thousands",50,195,16,,,,2018,2025 Faculty Champion,"Summary, The Journalism Institute (JI) is a freestanding program at Colorado College (CC) that prioritizes hands-on reporting experience and long-form journalism projects through partnerships with local news publications and other organizations. While journalism has a long history at Colorado College, JI was launched in 2018 as a “hub” for its journalism minor in partnership with various media organizations. It is run as an experiential program focused on local news. Each JI course is three and a half weeks long–per Colorado College’s unique and intensive “Block Plan” class structure–and is taught either by a CC professor or a visiting faculty member, often from a prominent news publication. Around 45 to 50 journalism minors have graduated from the JI since its founding.
Distribution, Student stories are published via rolling partnerships with professional news organizations, internships, the program’s practicum, and by pitching their stories to local outlets. In 2024, JI had about 50 students 2024, with 195 stories produced in 16 news outlets outside of campus publications, including in Colorado Public Radio, Denver Gazette, Rocky Mountain PBS, NPR, Denver Post, Axios Denver, and more.
Looking forward, JI will continue filling local news gaps and seeking more opportunities for community engagement through its various partnerships and student practicums. Most recently, the Institute identified a news desert in a rural Colorado county with no local newspaper and residents who relied on a Facebook page to get their local news. Students began filing open records requests with local governments, to publish directly onto that Facebook page as well as asking the community what they want to see now that their newspaper is gone. This is CC’s News Desert Project (informally).
Notable, The College does not have a journalism major. Its journalism minor allows for smaller classes and students from all different majors, making it more academically diverse. Students must take both an internship and a Capstone practicum to graduate with a minor in journalism, though sometimes these two can be combined if the student is producing news stories. JI promotes interdisciplinary partnerships, for example, offering a class on wildfire reporting that was funded by the National Science Foundation. Students are encouraged to pitch to various media outlets, and JI faculty members help students secure internships with local newspapers, radio stations, and other news outlets. 
The College itself provides minimal financial support, so JI operates primarily through grants and other fundraising/partnership opportunities outside CC. 
",,Colorado,-104.82367,38.84659,126678,https://www.uvm.edu/ccn/news/local-news-sustainability-colorado-college,,https://www.uvm.edu/sites/default/files/Center-for-Community-News/pdfs/fact%20sheets/may%2011%20fact%20sheets/Colorado_College.pdf,"Transcript Submitted, Waiting on Impact Survey"
Chapman University,CA,"News Academic Partnership, 2024 or Earlier","The Collegiate News Program is a collaboration
between the universities' journalism program
and local nonprofit news service Voice of OC, in an effort to expand and improve civic accountability news in Orange County.",Collegiate News Service,"The Collegiate News Program is a collaboration between Chapman University journalism program and local nonprofit news service Voice of OC. Orange County has 34 cities and students work to provide coverage to ""news deserts"" in this region. Students publish in a series of courses beginning with basic news coverage and civic reporting. Students are assigned to cover the same cities as they move from introductory reporting into upperlevel undergraduate advanced reporting coursework, finally completing a two-course senior seminar sequence, during which they report and write more complex enterprise and investigative projects. Students work with faculty members Paterno and Jolly, as well as Santana, to report stories, which are then edited by faculty or staff.",,,,"""Democracy, Governance & Elections"", Open to Non-Journalism Majors/Minors, Part of a Class, Students Get Course Credit",Dodge College of Flim & Media Arts,https://voiceofoc.org/category/news/collegiate-news-service/,Orange,"Private, Has any Journalism program,  Population size 5-10 thousands",,,,,,,,,"The Collegiate News Program is a collaboration between Chapman University journalism program and local nonprofit news service Voice of OC. Orange County has 34 cities and students work to provide coverage to ""news deserts"" in this region. Students publish in a series of courses beginning with basic news coverage and civic reporting. Students are assigned to cover the same cities as they move from introductory reporting into upperlevel undergraduate advanced reporting coursework, finally completing a two-course senior seminar sequence, during which they report and write more complex enterprise and investigative projects. Students work with faculty members Paterno and Jolly, as well as Santana, to report stories, which are then edited by faculty or staff.",,California,-117.85027,33.79346,111948,https://www.uvm.edu/ccn/news/university-program-focuses-civic-reporting,,"Chapman University, Collegiate News Service","Transcript Submitted, Waiting on Impact Survey"
University of Southern California,CA,"News Academic Partnership, 2024 or Earlier",Crosstown is a news website using public data collected by municipal entities/government agencies around Los Angeles and analyzed by computer science students at USC.,Crosstown,"Crosstown is a news website using public data collected by municipal entities/government agencies around Los Angeles and analyzed by computer science students at USC. Two to three students participate in the partnership per semester and produce about three stories at a time, along with a weekly newsletter tailored to individual neighborhoods covered. Students work with an editor hired for Crosstown.",,,,"Data and/or Web Operations, Open to Non-Journalism Majors/Minors",Annenberg School for Communication and Journalism,https://xtown.la/,Los Angeles,"Private, Has any Journalism program, Population size is above 20 thosands",6,10,6,12,,,,,"Crosstown is a news website using public data collected by municipal entities/government agencies around Los Angeles and analyzed by computer science students at USC. Two to three students participate in the partnership per semester and produce about three stories at a time, along with a weekly newsletter tailored to individual neighborhoods covered. Students work with an editor hired for Crosstown.",,California,-118.2832,34.01892,123961,https://www.uvm.edu/ccn/news/reporting-highway-traffic-university-southern-california,,"USC, Crosstown",
"California State University, Los Angeles",CA,"News Academic Partnership, 2024 or Earlier","While The University Times has been around for 75 years, UT Community News was launched in 2018 to expand coverage for underserved communities and urban news deserts in South LA and the Eastside. ",University Times,"While The University Times has been around for 75 years, UT Community News was launched in 2018 to expand coverage for underserved communities and urban news deserts in South LA and the Eastside. The UT class has a rotating instructor for each semester, Julie Liss, Cal State’s Associate Professor of Journalism and Head of Journalism, teaches the fall semester class, and the Los Angeles Times’ Eastside reporter teaches the spring semester. The journalism program prioritizes community engagement and reporting. Students are expected to produce five stories for UT per semester, which provides the newspaper with regular coverage, as well as a reliable and consistent source of news for the local community.","UT produces over 150 stories per year, about a dozen of which get cross-published in local news outlets. Liss said the program has a good success rate with placing students in newsrooms, “Anecdotally, I cannot think of a local newsroom where we don't have an alum working there, or doing a fellowship there, or interning there,” she said. ","Liss wants to expand the investigative arm of the University’s journalism program, Cal State offers another class that is still connected to UT Community News but with a focus on long-form watchdog reporting. Each semester, students partner with local news outlets, such as KnockLA and LA Public Press, to produce investigative series. “I think if we had…funding or other resources to expand that [UT Community News], that could create a really great local watchdog center,” Liss said.",,"Underserved Community Reporting, Part of a Class, Students Get Course Credit","College of Arts & Letters; Department of Television, Film & Media",https://csulauniversitytimes.com/category/community-news/,Los Angeles,"Public, Minority-Serving Institution, Has any Journalism program, Population size is above 20 thosands",,,,,,,2018,,"Summary, While The University Times has been around for 75 years, UT Community News was launched in 2018 to expand coverage for underserved communities and urban news deserts in South LA and the Eastside. The UT class has a rotating instructor for each semester, Julie Liss, Cal State’s Associate Professor of Journalism and Head of Journalism, teaches the fall semester class, and the Los Angeles Times’ Eastside reporter teaches the spring semester. The journalism program prioritizes community engagement and reporting. Students are expected to produce five stories for UT per semester, which provides the newspaper with regular coverage, as well as a reliable and consistent source of news for the local community.
Distribution, UT produces over 150 stories per year, about a dozen of which get cross-published in local news outlets. Liss said the program has a good success rate with placing students in newsrooms, “Anecdotally, I cannot think of a local newsroom where we don't have an alum working there, or doing a fellowship there, or interning there,” she said. 
Looking forward, Liss wants to expand the investigative arm of the University’s journalism program, Cal State offers another class that is still connected to UT Community News but with a focus on long-form watchdog reporting. Each semester, students partner with local news outlets, such as KnockLA and LA Public Press, to produce investigative series. “I think if we had…funding or other resources to expand that [UT Community News], that could create a really great local watchdog center,” Liss said.",,California,-118.17159,34.06233,110592,,,,
Pepperdine University,CA,"News Academic Partnership, 2024 or Earlier","While there is no consistent newsroom partnership in place, student work is published through formal partnerships, live shots, and other occasional reporting opportunities.",Journalism Program,"Pepperdine University is a private Christian research university affiliated with the Churches of Christ in Los Angeles County. Pepperdine Graphic Media (PGM) is the University’s student-led digital-first newsroom attached to the journalism program, which lives in the University’s Communication Division. PGM includes The Graphic, a student-run (now online) newspaper that has covered Malibu and surrounding communities since 1937, and Currents Magazine, produced once per semester. About 75 to 90 students participate in PGM yearly, on average. PGM is co-curricular, whereby it doesn’t operate as a class, but students can earn academic credit. Journalism majors and minors are required to participate in student reporting efforts. In addition to PGM, NewsWaves is the University’s student-led television news show.","Student work is published through formal partnerships, live shots, and other occasional reporting opportunities. There isn’t a consistent newsroom partnership in place. PGM students partnered with Malibu Times to support a long-form state land project, and that series was published. Students have also covered breaking news for broadcast networks like CNN. And when breaking news hits, traffic on The Graphic’s website can increase by thousands of viewers, a testament to its reputation as a source of news in the community. “Students are definitely known in the community,” Smith said. “It’s not surprising when they show up to a council meeting.”","Pepperdine is opening its second undergraduate college in the fall of 2025, The College of Health Science. Currently, Seaver College is Pepperdine’s only undergraduate college. This could provide additional opportunities to partner with another major (Smith said the journalism program hasn’t yet done so officially).",,"Student Media, Students Get Course Credit",Seaver College ,https://seaver.pepperdine.edu/communication/undergraduate/journalism/,Malibu,"Private, Has any Journalism program, Faith-Based,  Population size 5-10 thousands",,,,,,,1937,,"Summary, Pepperdine University is a private Christian research university affiliated with the Churches of Christ in Los Angeles County. Pepperdine Graphic Media (PGM) is the University’s student-led digital-first newsroom attached to the journalism program, which lives in the University’s Communication Division. PGM includes The Graphic, a student-run (now online) newspaper that has covered Malibu and surrounding communities since 1937, and Currents Magazine, produced once per semester. About 75 to 90 students participate in PGM yearly, on average. PGM is co-curricular, whereby it doesn’t operate as a class, but students can earn academic credit. Journalism majors and minors are required to participate in student reporting efforts. In addition to PGM, NewsWaves is the University’s student-led television news show.
Distribution, Student work is published through formal partnerships, live shots, and other occasional reporting opportunities. There isn’t a consistent newsroom partnership in place. PGM students partnered with Malibu Times to support a long-form state land project, and that series was published. Students have also covered breaking news for broadcast networks like CNN. And when breaking news hits, traffic on The Graphic’s website can increase by thousands of viewers, a testament to its reputation as a source of news in the community. “Students are definitely known in the community,” Smith said. “It’s not surprising when they show up to a council meeting.”
Looking forward, Pepperdine is opening its second undergraduate college in the fall of 2025, The College of Health Science. Currently, Seaver College is Pepperdine’s only undergraduate college. This could provide additional opportunities to partner with another major (Smith said the journalism program hasn’t yet done so officially).",,California,-118.70828,34.04106,121150,,,,
University of California-Berkeley,CA,"News Academic Partnership, 2024 or Earlier","These two news sites have a total of five classes devoted to them, three for Oakland North and two for Richmond Confidential producing student stories for publication.",Oakland North and Richmond Confidential,"UC Berkeley Graduate School of Journalism has two community news sites, Richmond Confidential and Oakland North, both of which are housed within the School’s Investigative Reporting Program. These news sites have a total of five classes devoted to them, three for Oakland North and two for Richmond Confidential. About 60 graduate students write for these two sites in the fall via those classes. Come January, when those classes end, news reporting on those sites decreases. Spring semester offers a Local News Enterprise class, whereby about a dozen students work on longer form projects, about one story per month. These stories are not always publishable as they have to reach a certain bar. In the summer, the program has two paid interns, one per news site and who each publish stories at least twice weekly. ","In addition to Berkeley’s two news sites, students also produce stories for local news organizations. The program works with two consistent daily news sites where student work gets published in, The Oaklandside and Richmondside, both community newsrooms launched by a Bay Area nonprofit called CitySide. The program is part of several external collaborative initiatives, including the California Local News Fellowship and the California Reporting Project, which tasked students to investigate police excessive force records and cases across the state in collaboration with local newsrooms. Major investigative projects like this are in outlets like the Dallas Morning News, LA Times, Grist, and the San Francisco Chronicle. The program also developed a project funded by the SCAN Foundation called “Aging in America.” Paid interns will report on aging issues, such as rural transportation. So far, 40 Aging in America stories have been published in the New York Times, local NPR stations, the Oregonian, and other outlets. While the grant funds only go so far (not every student gets to travel), they can fund student travel expenses. ","The program just launched a program called The Stakes, a UC Berkeley Journalism project looking at the Trump administration’s executive orders and its effect on California communities, including various cuts in federal funding and suspension of grants. Here’s an example.","What makes student publication at Berkeley unique is that students hold the copyrights to their stories, so Berkeley cannot offer them to other publications without the student’s permission.","Part of a Class, Students Get Course Credit",Berkeley Graduate School of Journalism,https://oaklandnorth.net/ ; https://richmondconfidential.org/,Berkeley,"Public, Minority-Serving Institution, Has any Journalism program, Population size is above 20 thosands",,,,,,,2006,,"Summary, UC Berkeley Graduate School of Journalism has two community news sites, Richmond Confidential and Oakland North, both of which are housed within the School’s Investigative Reporting Program. These news sites have a total of five classes devoted to them, three for Oakland North and two for Richmond Confidential. About 60 graduate students write for these two sites in the fall via those classes. Come January, when those classes end, news reporting on those sites decreases. Spring semester offers a Local News Enterprise class, whereby about a dozen students work on longer form projects, about one story per month. These stories are not always publishable as they have to reach a certain bar. In the summer, the program has two paid interns, one per news site and who each publish stories at least twice weekly. 
Distribution, In addition to Berkeley’s two news sites, students also produce stories for local news organizations. The program works with two consistent daily news sites where student work gets published in, The Oaklandside and Richmondside, both community newsrooms launched by a Bay Area nonprofit called CitySide. The program is part of several external collaborative initiatives, including the California Local News Fellowship and the California Reporting Project, which tasked students to investigate police excessive force records and cases across the state in collaboration with local newsrooms. Major investigative projects like this are in outlets like the Dallas Morning News, LA Times, Grist, and the San Francisco Chronicle. The program also developed a project funded by the SCAN Foundation called “Aging in America.” Paid interns will report on aging issues, such as rural transportation. So far, 40 Aging in America stories have been published in the New York Times, local NPR stations, the Oregonian, and other outlets. While the grant funds only go so far (not every student gets to travel), they can fund student travel expenses. 
Looking forward, The program just launched a program called The Stakes, a UC Berkeley Journalism project looking at the Trump administration’s executive orders and its effect on California communities, including various cuts in federal funding and suspension of grants. Here’s an example.
Notable, What makes student publication at Berkeley unique is that students hold the copyrights to their stories, so Berkeley cannot offer them to other publications without the student’s permission.",,California,-122.25929,37.86948,110635,,,,
Roger Williams University,RI,"News Academic Partnership, New & Emerging (2025 or Later)","As of September 2025, the department has ""just put the final touches in developing"" the collaborative, starting with eight local newsrooms. ",Rhode Island News Collaborative (RINC),,,,,,Department of Media + Design + Communication,,Bristol,,,,,,,,,,,,,,,,,,,
Roger Williams University,RI,"News Academic Partnership, New & Emerging (2025 or Later)","During the 2025-26 school year, students will participate in the Solutions Journalism Network's Student Media Challenge covering mental health solutions for incarcerated and foster care youth. The resulting stories will be shared with the program's radio show ",SJN Student Media Challenge (2025-26 school year),,,,,,Department of Media + Design + Communication,,Bristol,,,,,,,,,,,,,,,,,,,
Roger Williams University,RI,"News Academic Partnership, New & Emerging (2025 or Later)",The program is launching a two-hour weekly radio show later in September which will also bring together academics and journalists.,Communities of Hope Civic Media,"Communities of Hope Civic Media ""provides local communities, in particular those communities that have been marginalized, erased, forgotten or harmed by mainstream media, with civic information and education and connect them to services in their communities,"" according to its website. In the 2025-26 schoolyear, 32 students across disciplines are doing legal and historical research, investigative journalism, building databases and apps, graphic design for stories and their website, social media, running campaigns to help other students and community members, producing and editing audio, etc. They also have a segment of the radio show that is produced almost independently as a podcast called ""Queer on Campus."" Last year they also co-produced the New England First Amendment Coalition's (NEFAC) podcast ""The NEFAC Report."" ",,,,,Department of Media + Design + Communication,https://www.communitydrivennews.org/home,Bristol,,,,,,,,,,,,,,,,,,,
Temple University,,"News Academic Partnership, New & Emerging (2025 or Later)","Masters students will work with a partner in the Philadelphia Journalism Collaborative over the course of  two semesters, likely focusing on engagement.",Engagement Course with Philadelphia Journalism Collaborative,"For the 2025-26 school year, Temple University is going to try out a new collaboration model of having its master's students work with a partner in the Philadelphia Journalism Collaborative over the course of two semesters, likely focusing on engagement. The collaboration has recently transitioned to being part of our Center for Community-Engaged Media lead by Letrell Crittenden, while Gene Sonn is director of the PJC itself. For Wenzel's class (Fall semester) and her colleague Tara Pixley's class (spring semester), they will be matching teams of masters students to collaborate with PJC news outlets over the course of two semesters. They may focus on engagement, information needs assessment, etc. based on the partners interests. The first assignment will be to make MOUs. ",,"According to faculty member Andrea Wenzel, the PJC is likely to collaborate with multiple Temple classes, and Gene and Letrell may co-teach a collaborative journalism class where Temple students do reporting with PJC in the Spring. ",,,,,,,,,,,,,,,,,,,,,,,,Complete
Murray State University,KY,"News Academic Partnership, New & Emerging (2025 or Later)","Murray state has several new initiatives this fall, including student reporting in a partnership with WKMS, the NPR affiliate on campus and working with a capstone class called 270 Stories to produce local and regional stories for local publications.",270 Stories and WKMS,,,,,Independent Public Radio Housed on Campus,Department of Journalism and Mass Communications,https://270stories.mymurraystate.com/,Murray,"Public, Has any Journalism program,  Population size 5-10 thousands",,,,,,,,2025 Faculty Champion,,,Kentucky,-88.32052951,36.61642751,157401,Students in the field at Murray State University (2023),,,"Emailed, Waiting on Response"
California State University at Northridge,CA,"News Academic Partnership, New & Emerging (2025 or Later)","Set to start in fall 2025, the 818 Beat will be a news site where top student work from courses at Cal State Northridge will be published. These could vary from profiles of community members to local politics coverage. A faculty member acts as editor. They are also planning to make all of their content available for reproduction to other professional outlets in the area, because it's a very under-covered community",N/A,,,,,,"Department of Journalism, Mike Curb College of Arts, Media and Communication","http,//818beat.com/",Northridge,,,,,,,,Fall 2025,2024 Faculty Champion,,,California,,,,,,,"Emailed, Waiting on Response"
SUNY Broome Community College,NY,"News Academic Partnership, New & Emerging (2025 or Later)",SUNY Broome Community College is working with the Institute for Local News at SUNY to support local media partnerships.,N/A,SUNY Broome Community College is working with the Institute for Local News at SUNY to support local media partnerships.,,,,,,,Broome,"Community College, Public,  Population size 5-10 thousands, No Journalism",n/a,n/a,n/a,n/a,,,-,2024 Faculty Champion,,,New York,,,,,,,"Transcript Submitted, Waiting on Impact Survey"
SUNY Cortland,NY,"News Academic Partnership, New & Emerging (2025 or Later)",SUNY Cortland students report and write local news articles that are published by local media partners under a partnership launched in 2025. ,Local Reporting Partnership,SUNY Cortland students report and write local news articles that are published by local media partners under a partnership launched in 2025. ,Local media outlets,,,"""Democracy, Governance & Elections"", Part of a Class, Students Get Course Credit",Communication and Media Studies Department,,Cortland,"Public, No Journalism ,  Population size 5-10 thousands","18 [This figure reflects activities prior to the 2025 start of a local media partnership. They reflect students and their articles produced in reporting classes with a local news topic. The articles were published on the university newspaper website, but not through a news partnership outlet.]","90 [This figure reflects activities prior to the 2025 start of a local media partnership. It reflects students and their articles produced in reporting classes with a local news topic. The articles were published on the university newspaper website, but not through a news partnership outlet.]",0,"90 [This figure reflects activities prior to the 2025 start of a local media partnership. It reflects students and their articles produced in reporting classes with a local news topic. The articles were published on the university newspaper website, but not through a news partnership outlet.]",Written,"Web, Print",2025,2024 Faculty Champion,,,New York,-76.10891679,42.63090823,196149,,,,"Transcript Submitted, Waiting on Impact Survey"
SUNY Old Westbury,NY,"News Academic Partnership, New & Emerging (2025 or Later)",The university is developing plans for programs that would involve students reporting for local media organizations and expanding campus media off-campus reporting. ,N/A,The university is developing plans for programs that would involve students reporting for local media organizations and expanding campus media off-campus reporting. ,n/a,,,,American Studies Department,,Old Westbury,"Public, Has any Journalism program, Minority-Serving Institution, Population size less 5 thousands",12,3,1,1,,,2025,2024 Faculty Champion,,,New York,,,,,,,"Transcript Submitted, Waiting on Impact Survey"
SUNY Polytechnic Institute,NY,"News Academic Partnership, New & Emerging (2025 or Later)",Students in an audio production class will cover community issues in the greater Utica area. Student stories will be published to a class website and made available to regional NPR affiliates.,Community News,Students in an audio production class will cover community issues in the greater Utica area. Student stories will be published to a class website and made available to regional NPR affiliates.,Local media outlets,,,Documentary or Podcast,College of Arts and Sciences,,Utica,"Public,  Population size 5-10 thousands, No Journalism",n/a,n/a,n/a,n/a,Audio,,2025,2025 Faculty Champion,,,New York,,,,,,,"Emailed, Waiting on Response"
University of Buffalo,NY,"News Academic Partnership, New & Emerging (2025 or Later)","The university plans to launch a Community Reporting course in fall 2025 designed to function like a working newsroom; students will work with local media partners to report on community issues in the greater Buffalo region.
",Community Reporting,"The university plans to launch a Community Reporting course in fall 2025 designed to function like a working newsroom; students will work with local media partners to report on community issues in the greater Buffalo region.
",Local news outlets,,,"""Democracy, Governance & Elections"", Part of a Class, Students Get Course Credit, Science/Environment",College of Arts and Sciences; Department of English,,Buffalo,"Public, Has any Journalism program, Population size is above 20 thosands",n/a,n/a,n/a,n/a,Written,"Web, Print",2025,2024 Faculty Champion,,,New York,,,,,,,"Transcript Submitted, Waiting on Impact Survey"
SUNY Brockport,NY,"News Academic Partnership, New & Emerging (2025 or Later)",Student reporters with the Canal Side Chronicles website are creating new partnerships to include local community papers for publishing content.,The Canal Side Chronicles,Student reporters with the Canal Side Chronicles website are creating new partnerships to include local community papers for publishing content.,Dedicated website,,,,"Department of Journalism, Broadcasting & Public Relations","http,//canalsidechronicles.com",Brockport,"Public, Has any Journalism program,  Population size 5-10 thousands",,,,,,,,2025 Faculty Champion,,,New York,,,,,,,Complete
SUNY Oneonta,NY,"News Academic Partnership, New & Emerging (2025 or Later)","Students in an advanced audio production class cover local government, events, arts and entertainment news and other topics for WSKG, a local NPR member station.
",WSKG partnership,"Students in an advanced audio production class cover local government, events, arts and entertainment news and other topics for WSKG-FM, a local NPR member station.
",NPR member station WSKG-FM,,,"""Democracy, Governance & Elections"", Public Media, Part of a Class, Students Get Course Credit",Department of Communication & Media,,Oneonta,"Public, Has any Journalism program,  Population size 5-10 thousands",,,,,"Written, Audio","Web, Broadcast radio",2025,2024 Faculty Champion,,,New York,,,,,,,Complete
California Polytechnic State University,CA,"News Academic Partnership, New & Emerging (2025 or Later)","Student reporters are working with the local NPR affiliate, KCBX, to have students cover local government bodies and provide the station with audio files and stories. ",N/A,,,,,"Broadcast, ""Democracy, Governance & Elections""","Journalism Department, College of Liberal Arts",,San Luis Obispo,"Public, Has any Journalism program, Population size is above 20 thosands",,,,,,,2025,"Spanish-Language Cohort, 2025 Faculty Champion",,,California,,,,,,,Complete
University of Mississippi,MS,"News Academic Partnership, New & Emerging (2025 or Later)","The University of Mississippi, following a $4 million private donation to create the Jordan Center for Journalism, Innovation and Advocacy is launching the Mississippi NewsLab this fall where student reporters will report on area communities.",Mississippi Media Lab,"The University of Mississippi, following a $4 million private donation to create the Jordan Center for Journalism, Innovation and Advocacy, as of March is in the process of searching for a director. ",,"Bill Cassidy, the school’s journalism chair, said the school is still in the process of figuring out its vision for its journalism program and major. He expressed interest in community-centered work.",Cassidy said the communications school is the fourth largest unit at Ole Miss and appears to be well-resourced and supported by administrators. ,,School of Journalism and New Media ,,Oxford,"Public, Has any Journalism program, Population size is above 20 thosands",,,,,,,N/A,No,"Summary, The University of Mississippi, following a $4 million private donation to create the Jordan Center for Journalism, Innovation and Advocacy, as of March is in the process of searching for a director. 
Looking forward, Bill Cassidy, the school’s journalism chair, said the school is still in the process of figuring out its vision for its journalism program and major. He expressed interest in community-centered work.
Notable, Cassidy said the communications school is the fourth largest unit at Ole Miss and appears to be well-resourced and supported by administrators. ",,Mississippi,-89.53733034,34.36641301,176017,https://www.uvm.edu/ccn/news/engaging-communities-political-process-through-university-mississippis-democracy-dashboard,,,Complete
Eastern Connecticut State University,CT,"News Academic Partnership, New & Emerging (2025 or Later)","Through the statewide Connecticut Student Journalism Collaborative (CTSJC), students submit stories that are shared across the state to fill the gaps in local coverage.",Connecticut Student Journalism Collaborative,,,,,Statewide or Regional Collaborative,"Communication, Film, and Theatre Department",https://ctcommunitynews.org/,Willimantic,"Public, Has any Journalism program, Population size less 5 thousands",,,,,,,,2024 Faculty Champion,,,Connecticut,,,,,,,Complete
Loyola University Maryland,MD,"News Academic Partnership, New & Emerging (2025 or Later)",Community reporting takes place in a course related to the Greyhound student newspaper and is shared with the Baltimore Fishbowl local news platform. ,Collaboration with the Baltimore Fishbowl,,,,,,Communication and Media Department,,Baltimore,"Private, Has any Journalism program, Faith-Based, Population size less 5 thousands",,,,,,,,2024 Faculty Champion,,,Maryland,,,,,,,"Emailed, Waiting on Response"
University of Rhode Island,RI,"News Academic Partnership, New & Emerging (2025 or Later)","The Community News Lab partners with media outlets to publish edited student content, for example in spring 2025, the CNL partnered with EcoRI, an environmental and social justice news outlet, to create aquaculture story maps using arcGIS.",Community News Lab,,,,,Science/Environment,"Harrington School of Communication, Journalism",,South Kingston,"Public, Has any Journalism program, Population size 10-20 thousands",,,,,,,2025,,,,Rhode Island,,,,,,,"Transcript Submitted, Waiting on Impact Survey"
University of Rhode Island,RI,"News Academic Partnership, New & Emerging (2025 or Later)","Special topics course will partner with local outlets to increase news coverage throughout the state. Potential partners include Ocean State Stories, RI Suburban Newspapers, EcoRI, RI PBS/The Public's Radio and The Providence Eye.",Community News Lab,,,,,"Part of a Class, Students Get Course Credit","Harrington School of Communication, Journalism",,South Kingston,"Public, Has any Journalism program, Population size 10-20 thousands",,,,,,,2025,,,,Rhode Island,,,,,,,Complete
Youngstown State University,OH,"News Academic Partnership, New & Emerging (2025 or Later)",Students in a Magazine Editing and Production class work with several local community news partners to publish the students work.,Magazine Editing Collaboration,,,,,"Part of a Class, Students Get Course Credit",Department of Communication,,Youngstown,"Public, Has any Journalism program, Population size 10-20 thousands",,,,,,,,,,,Ohio,,,,,,,Complete
California State Fullerton,CA,"News Academic Partnership, New & Emerging (2025 or Later)",Students in public affairs and other classes publish faculty reviewed content on the Voice of Orange County media platform.,Partnership with Voice of Orange County,,,,,"""Democracy, Governance & Elections""",Department of Communications,,Fullerton,"Public, Has any Journalism program, Population size is above 20 thosands, Minority-Serving Institution",,,,,,,,,,,California,,,,,,,"Emailed, Waiting on Response"
Worcester State University,MA,"News Academic Partnership, New & Emerging (2025 or Later)","Student-reported multi-media stories are edited and shared with The Guardian and a new, non-profit media platform.",N/A,,,,,,School of Humanities & Social Sciences; English Department,,Worcester,"Public, Has any Journalism program,  Population size 5-10 thousands",,,,,,,,2025 Faculty Champion,,,Massachusetts,,,,,,,"Emailed, Waiting on Response"
Clark University,MA,"News Academic Partnership, New & Emerging (2025 or Later)",Student reported urban city stories are edited and shared with the Worcester Telegram and Gazette.,Clark Urban Community Journalism Class Blog,,,,,,Department of Visual and Performing Arts,https://clarkcommunityjournalism.wordpress.com/,Worcester,"Private, Has any Journalism program, Population size less 5 thousands",,,,,,,,,,,Massachusetts,-71.82410895,42.25220601,165334,,,,"Emailed, Waiting on Response"
Boston University,MA,"News Academic Partnership, New & Emerging (2025 or Later)",Six-credit capstone class partners 15-20 students with more than 15 local news outlets and all work is edited and reviewed and vetted by BU teachers and editors,The BU Newsroom,"They have a course-based with experiential learning opportunities. The Newsroom, Multimedia class requires students to produce three stories in partnership with the Needham Observer and BU News Service. The Visual Storytelling class (graduate and undergraduate) introduces visual journalism concepts and allows students to submit stories to BU News Service. BU News Service itself is a student-run newsroom, originally a graduate thesis project, now expanding with a full-time editor. They have a news-academic partnership and actively developing more partnerships with others. At present they have collaborations with Needham Observer for community reporting. Faculty advisor is working to fully integrate student reporting with community news outlets for mutual benefit. The contents are mainly focus on community journalism (local news coverage with Needham Observer and other partners), Political journalism (students covered the New Hampshire Primaries), Sports coverage (students covered the 2024 Boston Marathon), Multimedia and visual storytelling (reporting integrates photo, video, and graphics), Journalism business models (students conducted SWOT analyses on partner organizations).",,,,"Part of a Class, Students Get Course Credit",College of Communication; Department of Journalism,,Boston,"Private, Has any Journalism program, Population size is above 20 thosands",,,,,,,2025,,"They have a course-based with experiential learning opportunities. The Newsroom, Multimedia class requires students to produce three stories in partnership with the Needham Observer and BU News Service. The Visual Storytelling class (graduate and undergraduate) introduces visual journalism concepts and allows students to submit stories to BU News Service. BU News Service itself is a student-run newsroom, originally a graduate thesis project, now expanding with a full-time editor. They have a news-academic partnership and actively developing more partnerships with others. At present they have collaborations with Needham Observer for community reporting. Faculty advisor is working to fully integrate student reporting with community news outlets for mutual benefit. The contents are mainly focus on community journalism (local news coverage with Needham Observer and other partners), Political journalism (students covered the New Hampshire Primaries), Sports coverage (students covered the 2024 Boston Marathon), Multimedia and visual storytelling (reporting integrates photo, video, and graphics), Journalism business models (students conducted SWOT analyses on partner organizations).",,Massachusetts,-71.09887,42.35021,164988,https://www.uvm.edu/ccn/news/boston-university-statehouse-program-provides-localized-coverage-outlets-across-state,,,"Emailed, Waiting on Response"
Sam Houston State University,TX,"News Academic Partnership, New & Emerging (2025 or Later)","Student-reported local stories are reviewed, edited and made available on a selective basis to local media partners and in collaboration with the student paper, the Houstonian.",Community News & The Houstonian,,,,,,Mass Communication Department,https://thehoustoniannews.com/,Huntsville,"Public, Minority-Serving Institution, Has any Journalism program, Population size is above 20 thosands",,,,,,,2025,,,,Texas,,,,,,,"Emailed, Waiting on Response"
Wesleyan College,GA,"News Academic Partnership, New & Emerging (2025 or Later)",A field course where students report on local communities and content is made directly available to community partners.,Community News,,,,,"Part of a Class, Students Get Course Credit",,,Macon,"Private, Faith-Based, No Journalism , Population size less 5 thousands",,,,,,,,,,,Georgia,,,,,,,Interview Scheduled
University of Michigan-Flint,MI,"News Academic Partnership, New & Emerging (2025 or Later)","Student reporters through classes partner with community news outlets to create an interactive learning experience, giving students the opportunity to publish their work with partnering newsrooms and/or the student newspaper.",N/A,,,,,,"College of Arts, Sciences and Education; Department of Language and Communication",,Flint,"Public,  Population size 5-10 thousands, Has any Journalism program",,,,,,,,,,,Michigan,,,,,,,Interviewed
University of Northern Iowa,IA,"News Academic Partnership, New & Emerging (2025 or Later)",Student reporters cover community issues in a collaboration with the Cedar Falls News Hub.,Cedar Falls News Hub,,,,,,College of Humanities Arts and Sciences,https://cedarfallsnewshub.com/,Cedar Falls,"Public, Has any Journalism program,  Population size 5-10 thousands",,,,,,,,,,,Iowa,,,,,,,No Interview needed; no program yet
Bowie State University,MD,"News Academic Partnership, New & Emerging (2025 or Later)",Pilot partnership with local access television to provide student reporting on local communities.,Bowie State News Network,,,,,Broadcast,Department of Communications,https://bowiesun.com/,Bowie,"Public, Minority-Serving Institution, Has any Journalism program,  Population size 5-10 thousands",,,,,,,,2025 Faculty Champion,,,Maryland,,,,,,,"Transcript Submitted, Waiting on Impact Survey"
Morgan State University,MD,"News Academic Partnership, New & Emerging (2025 or Later)","This program publishes culturally relevant student-reported and edited sports journalism in The Bowie Sun, a digital newspaper covering the racially diverse city of Bowie, Maryland.",Sports Reporting with the Bowie Sun,,,,,Sports,Department of Multimedia Journalism; Center for the Study of Race & Culture in Sports,https://www.morgan.edu/sgjc/centers/csrcs,Baltimore,"Population size 10-20 thousands, Public, Minority-Serving Institution, Has any Journalism program",,,,,,,,,,,Maryland,,,,,,,"Transcript Submitted, Waiting on Impact Survey"
Quinnipiac University,CT,"News Academic Partnership, New & Emerging (2025 or Later)","Through the statewide Connecticut Student Journalism Collaborative (CTSJC), students submit stories that are shared across the state to fill the gaps in local coverage.",Connecticut Student Journalism Collaborative,,,,,Statewide or Regional Collaborative,School of Communications; Journalism Program,https://ctcommunitynews.org/,Hamden,"Private, Has any Journalism program,  Population size 5-10 thousands",,,,,,,,,,,Connecticut,,,,,,,"Transcript Submitted, Waiting on Impact Survey"
Saint Michael's College,VT,"News Academic Partnership, New & Emerging (2025 or Later)",Students in a news reporting class produce stories for local news outlet the Winooski News under the direction and editing of the faculty leader.,News Reporting ,,,,,,Digital Media and Communications,,Colchester,"Private, Has any Journalism program, Population size less 5 thousands, Faith-Based",,,,,,,,,,,Vermont,,,,,,,
Southern Utah University,UT,"News Academic Partnership, New & Emerging (2025 or Later)",Amplify Utah creates a bridge for student journalists to publish with The Salt Lake Tribune and other local media and elevate diverse perspectives while providing emerging storytellers professional exposure.,"Utah College Media Collaborative, Amplify Utah",,,,,Statewide or Regional Collaborative,Department of Communication,https://www.sltrib.com/amplify-utah/,Cedar City,"Public, Population size 10-20 thousands, Has any Journalism program",,,,,,,,,,,Utah,,,,,,,
University of Houston,TX,"News Academic Partnership, New & Emerging (2025 or Later)",Student reported multimedia stories are shared from a capstone class in partnership with local media as part of an emerging news bureau that will potentially be called the Valenti News Bureau.,Valenti News Bureau,,,,,"Part of a Class, Students Get Course Credit",Jack J. Valenti School of Communication,,Houston,"Public, Minority-Serving Institution, Has any Journalism program, Population size is above 20 thosands",,,,,,,2025,,,,Texas,-95.34204851,29.72138835,225511,https://www.uvm.edu/news/ccn/data-journalism-class-university-houston-partners-community-impact,,,
Tarrant County College,TX,"News Academic Partnership, New & Emerging (2025 or Later)","Students in a summer course cover the community of Hurst, Texas, and publish their stories to a website and collaborate with a local media outlet.",The Collegian,,,,,"Part of a Class, Students Get Course Credit",Journalism/Communications Program,"http,//collegian.tccd.edu/",Hurst,"Public, Has any Journalism program, Community College, Population size is above 20 thosands",,,,,,,,,,,Texas,,,,,,,
Truckee Meadows Community College,NV,"News Academic Partnership, New & Emerging (2025 or Later)",Students in an introductory journalism course produce stories that are published on two local Reno news sites; ThisisReno.com and the Reno News and Review.,Truckee Meadows Community College NewsLab,,,,,"Part of a Class, Students Get Course Credit",English Department,,Reno,"Public, Minority-Serving Institution, Population size 10-20 thousands, Has any Journalism program, Community College",,,,,,,2025,,,,Nevada,,,,,,,
University of Nevada-Reno,NV,"News Academic Partnership, New & Emerging (2025 or Later)",Three students in a required practicum course cover local stories in Lake Tahoe and aired on KUNR – a public radio station housed in the Reynolds School of Journalism,Lake Tahoe News Bureau,,,,,"Independent Public Radio Housed on Campus, Part of a Class, Students Get Course Credit",Reynolds School of Journalism,,Lake Tahoe,"Public, Has any Journalism program, Population size is above 20 thosands",,,,,,,,,,,Nevada,,,,,,,
University of Tulsa,OK,"News Academic Partnership, New & Emerging (2025 or Later)","Edited student reported stories from TU student media (newspaper, TV, podcasting & digital) are published in partnership with a new local nonprofit news group, the Tulsa Local News Initiative.",Associated Student Media @ TU,,,,,Student Media,Media Studies,https://utulsa.edu/academics/arts/academics/departments/media-studies/,Tulsa,"Private, Population size less 5 thousands, Has any Journalism program",,,,,,,2025,2025 Faculty Champion,,,Oklahoma,,,,,,,
Drake University,IA,"News Academic Partnership, New & Emerging (2025 or Later)","For five weeks during a semester-long, three-credit public affairs reporting class, about 15 upper-level students from majors such as digital, multimedia, public relations, and strategic political communication will operate as a statehouse newsroom.",Public Affairs Reporting,"Drake University plans to enhance its statehouse reporting coverage in 2025 in its Statehouse and Public Affairs Reporting course. The department has routinely integrated legislative coverage into advanced writing classes, but this is the first year where students will be asked to contribute statehouse reporting to a network, potentially through the Iowa Newspaper Association. The initiative is overseen by faculty member Amy McCoy, who also teaches public relations and political communications classes. For five weeks during the semester-long, three-credit public affairs reporting class, about 15 upper-level students from majors such as digital, multimedia, public relations, and strategic political communication will operate as a statehouse newsroom. Exercises will include full interviews and stories, as well as analyses of how they would approach stories and get contact information. They’ll also cover open records and public meetings and have guest speakers and lectures. The program seeks to balance classroom learning with real-world experience, with potential for future expansion and capstone opportunities, McCoy said. She plans to work with other professors in advanced reporting classes in case they touch on legislative work and want student reporting published. Drake University is about three and a half miles from the Iowa State Capitol, and students can take the bus there for free. They won’t be required to go to the statehouse in person, since legislative debates in Iowa are live-streamed, but opportunities will be offered to report from there. McCoy wrote for The Associated Press for 13 years before becoming a public information officer for Iowa’s human services agency followed by serving as legislative liaison for the state’s public health department during the pandemic. She will be editing student stories and working to place them.",,,,"Statehouse, ""Democracy, Governance & Elections"", Part of a Class, Students Get Course Credit, Open to Non-Journalism Majors/Minors",School of Journalism & Mass Communication,https://substack.com/@drakebulldogdispatch,Des Moines,"Private, Has any Journalism program, Population size less 5 thousands",N/A,N/A,N/A,N/A,,,2025,,"Drake University plans to enhance its statehouse reporting coverage in 2025 in its Statehouse and Public Affairs Reporting course. The department has routinely integrated legislative coverage into advanced writing classes, but this is the first year where students will be asked to contribute statehouse reporting to a network, potentially through the Iowa Newspaper Association. The initiative is overseen by faculty member Amy McCoy, who also teaches public relations and political communications classes. For five weeks during the semester-long, three-credit public affairs reporting class, about 15 upper-level students from majors such as digital, multimedia, public relations, and strategic political communication will operate as a statehouse newsroom. Exercises will include full interviews and stories, as well as analyses of how they would approach stories and get contact information. They’ll also cover open records and public meetings and have guest speakers and lectures. The program seeks to balance classroom learning with real-world experience, with potential for future expansion and capstone opportunities, McCoy said. She plans to work with other professors in advanced reporting classes in case they touch on legislative work and want student reporting published. Drake University is about three and a half miles from the Iowa State Capitol, and students can take the bus there for free. They won’t be required to go to the statehouse in person, since legislative debates in Iowa are live-streamed, but opportunities will be offered to report from there. McCoy wrote for The Associated Press for 13 years before becoming a public information officer for Iowa’s human services agency followed by serving as legislative liaison for the state’s public health department during the pandemic. She will be editing student stories and working to place them.",,Iowa,-93.6546,41.6031,153269,https://www.uvm.edu/ccn/news/drake-university-develops-course-fill-gap-created-decline-local-reporting,,,
Princeton University,NJ,"News Academic Partnership, New & Emerging (2025 or Later)","The multi-school program, which covers New Jersey government year-round for more than 100 outlets, in the next five years aims to increase intern numbers from the current five to 10-12 per semester, with additional recent graduate fellows working 10 months at a time.",New Jersey State House News Service,"Launched in the summer of 2023, the New Jersey Statehouse News Service is a collaborative nonprofit involving Rowan University, The College of New Jersey, and Rutgers University, with potential future involvement from other universities. The program in the next five years aims to increase intern numbers from the current five to 10-12 per semester, with additional recent graduate fellows working 10 months at a time and a professional staff of three, a managing editor, a director, and a multimedia editor. Currently, they have two part-time professional editors and five interns. There’s no age or major requirement, but typically the students are juniors and seniors (usually, they prefer seniors) with a journalism background. The College of New Jersey is about five miles from the capital and is the closest of the three schools participating. The other two schools are about 40 miles – a one-hour drive – away. No faculty members besides Howlett are working on this program.","The service currently partners with 22 organizations comprising more than 100 news outlets. Howlett is exploring new sustainable funding sources, such as through Report for America, and wider media partnerships to cover more of the 400-plus media outlets in New Jersey. The program offers interns class credit and mileage reimbursements, and are otherwise unpaid; in the future, Howlett also wants to give students stipends of around $2,500. The Statehouse News Service is entirely a wire service and, as of now, doesn’t publish anything itself. They are starting with $100,000 in funding from the New Jersey Civic Information Consortium; this money has been used to hire additional part-time staff.","For the first time in the summer of 2025, Princeton University will participate by paying for and coordinating students to work for the news service at the statehouse during the summer months while the legislature is still in session; this will help fill gaps when students working during the school year finish their internship with the end of the spring semester. ","The number of hours students work for the program varies by school. They’re all asked to write one to two weekly stories, a straight news story and a more ambitious enterprise story. The program is not strict about meeting a quota.","Statewide or Regional Collaborative, Statehouse, ""Democracy, Governance & Elections"", Students Get Course Credit",,,Princeton,"Private,  Population size 5-10 thousands, Has any Journalism program",7,"""we are trying to track these specificially but so far we have 18 confirmed""
",7,,,,,2023 Statehouse Faculty Champion,,"""I don’t know we dont ask our partners to track and we have no way of tracking.
One caveat to all of this is that we ask our partners to give us a heads up when they run us, but they dont necessarily do that every time. And google alerts are lame.  One of the goals this year is to build a digital infrastructure that can allow us to automatically distribute stories and track the ultimate dispostion.""
",New Jersey,,,,,,,
University of Minnesota-Twin Cities,MN,"News Academic Partnership, New & Emerging (2025 or Later)",Five interns in the program's first year will cover the Minnesota legislature and help fill news gaps across the state under the guidance of partnering professionals and newsrooms.,Report for Minnesota Legislative Project,"In 2025, the program totals five interns. Two of the five interns will work with the prominent local news outlet owner Forum Communications, providing news content for its 15 newsrooms in Minnesota. The other three interns will work directly out of the Capitol with Mike Mulcahy, a longtime political editor at Minnesota Public Radio with years of experience in the Minnesota Legislature, who is receiving a stipend to help tailor their work for publication in other news organizations. The program aims to fill news coverage gaps for smaller outlets. Minnesota’s legislative project is one of several Report for Minnesota initiatives. Golden was previously a reporter at the Dallas Morning News and was a regular reporting contributor to the New York Times. She’s been teaching at the University of Minnesota for over 20 years.","So far, six news organizations with distribution in 17 communities in the state have agreed to partner. Mulcahy will communicate with editors on what kind of coverage they are looking for, and that will guide what his interns cover. Mulcahy’s students will produce stories weekly, and each student will aim to produce at least one story per week. ","Select students also spend summer internships in rural news organizations, and Golden is considering a project to partner with news organizations based on reporting projects that grow from the legislative work this spring. ","Students won’t have a travel stipend, but UMN students have free use of public transportation from campus to the statehouse. All statehouse interns, including those at Forum, are getting a $2,700 stipend for 12 weeks, which adds up to roughly $15 per hour, paid by the university's Hubbard School of Journalism and Mass Communication. ","Students Get Course Credit, ""Democracy, Governance & Elections"", Statehouse, Students Are Paid",Hubbard School of Journalism & Mass Communication; College of Liberal Arts,https://reportformn.umn.edu/programs/legislative-reporting-project,Minneapolis,"Public, Minority-Serving Institution, Has any Journalism program, Population size is above 20 thosands",5,N/A,43 (28 for Mulcahey and 15 for Forum),N/A,,,2025,2024 Faculty Champion,"Summary, In 2025, the program totals five interns. Two of the five interns will work with the prominent local news outlet owner Forum Communications, providing news content for its 15 newsrooms in Minnesota. The other three interns will work directly out of the Capitol with Mike Mulcahy, a longtime political editor at Minnesota Public Radio with years of experience in the Minnesota Legislature, who is receiving a stipend to help tailor their work for publication in other news organizations. The program aims to fill news coverage gaps for smaller outlets. Minnesota’s legislative project is one of several Report for Minnesota initiatives. Golden was previously a reporter at the Dallas Morning News and was a regular reporting contributor to the New York Times. She’s been teaching at the University of Minnesota for over 20 years.
Distribution, So far, six news organizations with distribution in 17 communities in the state have agreed to partner. Mulcahy will communicate with editors on what kind of coverage they are looking for, and that will guide what his interns cover. Mulcahy’s students will produce stories weekly, and each student will aim to produce at least one story per week. 
Looking forward, Select students also spend summer internships in rural news organizations, and Golden is considering a project to partner with news organizations based on reporting projects that grow from the legislative work this spring. 
Notable, Students won’t have a travel stipend, but UMN students have free use of public transportation from campus to the statehouse. All statehouse interns, including those at Forum, are getting a $2,700 stipend for 12 weeks, which adds up to roughly $15 per hour, paid by the university's Hubbard School of Journalism and Mass Communication. ",,Minnesota,,,,,,,
Dillard University,LA,"News Academic Partnership, New & Emerging (2025 or Later)","In this statewide collaborative, eight universities including four HBCUs are partnering together to provide community news through paid student reporting year-round, Louisiana State University and Agricultural & Mechanical College; Grambling University (HBCU), Dillard University (HBCU), Xavier University (HBCU), Southern University (HBCU), Nicholls State University, Northwestern State University and Southeastern University.",Louisiana Collegiate News Collaborative,"The Louisiana Collegiate News Collaborative appears to be the first of its kind in the U.S. Louisiana State University, which is leading the collaborative, is working with seven other higher education institutions in Louisiana to work with faculty and news outlets to produce student-reported community news across the state. Those schools are, Grambling University (HBCU), Dillard University (HBCU), Xavier University (HBCU), Southern University (HBCU), Nicholls State University, Northwestern State University and Southeastern University. The collaborative will be headed by two faculty at LSU, student media advisor Jeff Gauger and professional-in-residence Lisa Page, who graduated from Dillard University before working at the Times-Picayune and Washington Post. As of mid-February, Gauger sends out a weekly email to the network of participating faculty and editors. He is also forming a website for the collaboration. Each school will have initially two to four students who will get paid $12 an hour for up to 10 hours of work a week during the fall and spring semesters. Additionally, each school will host one full-time summer internship where the student will be paid $12 an hour to write stories for their local community outlets. To encourage more stories out of classrooms, students reporting for a class can earn a $100 stipend for any publishable story at any of these schools. Individual schools can decide whether students can also earn credit by participating this program.","Reporting can include print, digital, broadcast and social media. ","Ideally, this collaboration will grow to include more schools in Louisiana and serve as an emulatable model for other states.",Funding comes from the MacArthur Foundation and the Henry Luce Foundation. ,"Statewide or Regional Collaborative, Underserved Community Reporting, Students Are Paid",School of Humanities,,New Orleans,"Private, Has any Journalism program, Faith-Based, Population size less 5 thousands",,,,,,,,,"Summary, The Louisiana Collegiate News Collaborative appears to be the first of its kind in the U.S. Louisiana State University, which is leading the collaborative, is working with seven other higher education institutions in Louisiana to work with faculty and news outlets to produce student-reported community news across the state. Those schools are, Grambling University (HBCU), Dillard University (HBCU), Xavier University (HBCU), Southern University (HBCU), Nicholls State University, Northwestern State University and Southeastern University. The collaborative will be headed by two faculty at LSU, student media advisor Jeff Gauger and professional-in-residence Lisa Page, who graduated from Dillard University before working at the Times-Picayune and Washington Post. 
Distribution, As of mid-February, Gauger sends out a weekly email to the network of participating faculty and editors. He is also forming a website for the collaboration. Each school will have initially two to four students who will get paid $12 an hour for up to 10 hours of work a week during the fall and spring semesters. Additionally, each school will host one full-time summer internship where the student will be paid $12 an hour to write stories for their local community outlets. Reporting can include print, digital, broadcast and social media. To encourage more stories out of classrooms, students reporting for a class can earn a $100 stipend for any publishable story at any of these schools. Individual schools can decide whether students can also earn credit by participating this program.
Looking forward, Ideally, this collaboration will grow to include more schools in Louisiana and serve as an emulatable model for other states.
Notable, Funding comes from the MacArthur Foundation and the Henry Luce Foundation. ",,Louisiana,,,,,,,
Grambling State University,LA,"News Academic Partnership, New & Emerging (2025 or Later)","In this statewide collaborative, eight universities including four HBCUs are partnering together to provide community news through paid student reporting year-round, Louisiana State University and Agricultural & Mechanical College; Grambling University (HBCU), Dillard University (HBCU), Xavier University (HBCU), Southern University (HBCU), Nicholls State University, Northwestern State University and Southeastern University.",Louisiana Collegiate News Collaborative,"The Louisiana Collegiate News Collaborative appears to be the first of its kind in the U.S. Louisiana State University, which is leading the collaborative, is working with seven other higher education institutions in Louisiana to work with faculty and news outlets to produce student-reported community news across the state. Those schools are, Grambling University (HBCU), Dillard University (HBCU), Xavier University (HBCU), Southern University (HBCU), Nicholls State University, Northwestern State University and Southeastern University. The collaborative will be headed by two faculty at LSU, student media advisor Jeff Gauger and professional-in-residence Lisa Page, who graduated from Dillard University before working at the Times-Picayune and Washington Post. As of mid-February, Gauger sends out a weekly email to the network of participating faculty and editors. He is also forming a website for the collaboration. Each school will have initially two to four students who will get paid $12 an hour for up to 10 hours of work a week during the fall and spring semesters. Additionally, each school will host one full-time summer internship where the student will be paid $12 an hour to write stories for their local community outlets. To encourage more stories out of classrooms, students reporting for a class can earn a $100 stipend for any publishable story at any of these schools. Individual schools can decide whether students can also earn credit by participating this program.","Reporting can include print, digital, broadcast and social media. ","Ideally, this collaboration will grow to include more schools in Louisiana and serve as an emulatable model for other states.",Funding comes from the MacArthur Foundation and the Henry Luce Foundation. ,"Statewide or Regional Collaborative, Underserved Community Reporting, Students Are Paid",College of Professional Studies; School of Social Work; Department of Mass Communication,,Grambling,"Public, Has any Journalism program, Minority-Serving Institution, Population size less 5 thousands",,,,,,,,,"Summary, The Louisiana Collegiate News Collaborative appears to be the first of its kind in the U.S. Louisiana State University, which is leading the collaborative, is working with seven other higher education institutions in Louisiana to work with faculty and news outlets to produce student-reported community news across the state. Those schools are, Grambling University (HBCU), Dillard University (HBCU), Xavier University (HBCU), Southern University (HBCU), Nicholls State University, Northwestern State University and Southeastern University. The collaborative will be headed by two faculty at LSU, student media advisor Jeff Gauger and professional-in-residence Lisa Page, who graduated from Dillard University before working at the Times-Picayune and Washington Post. 
Distribution, As of mid-February, Gauger sends out a weekly email to the network of participating faculty and editors. He is also forming a website for the collaboration. Each school will have initially two to four students who will get paid $12 an hour for up to 10 hours of work a week during the fall and spring semesters. Additionally, each school will host one full-time summer internship where the student will be paid $12 an hour to write stories for their local community outlets. Reporting can include print, digital, broadcast and social media. To encourage more stories out of classrooms, students reporting for a class can earn a $100 stipend for any publishable story at any of these schools. Individual schools can decide whether students can also earn credit by participating this program.
Looking forward, Ideally, this collaboration will grow to include more schools in Louisiana and serve as an emulatable model for other states.
Notable, Funding comes from the MacArthur Foundation and the Henry Luce Foundation. ",,Louisiana,,,,,,,
Nicholls State University,LA,"News Academic Partnership, New & Emerging (2025 or Later)","In this statewide collaborative, eight universities including four HBCUs are partnering together to provide community news through paid student reporting year-round, Louisiana State University and Agricultural & Mechanical College; Grambling University (HBCU), Dillard University (HBCU), Xavier University (HBCU), Southern University (HBCU), Nicholls State University, Northwestern State University and Southeastern University.",Louisiana Collegiate News Collaborative,"The Louisiana Collegiate News Collaborative appears to be the first of its kind in the U.S. Louisiana State University, which is leading the collaborative, is working with seven other higher education institutions in Louisiana to work with faculty and news outlets to produce student-reported community news across the state. Those schools are, Grambling University (HBCU), Dillard University (HBCU), Xavier University (HBCU), Southern University (HBCU), Nicholls State University, Northwestern State University and Southeastern University. The collaborative will be headed by two faculty at LSU, student media advisor Jeff Gauger and professional-in-residence Lisa Page, who graduated from Dillard University before working at the Times-Picayune and Washington Post. As of mid-February, Gauger sends out a weekly email to the network of participating faculty and editors. He is also forming a website for the collaboration. Each school will have initially two to four students who will get paid $12 an hour for up to 10 hours of work a week during the fall and spring semesters. Additionally, each school will host one full-time summer internship where the student will be paid $12 an hour to write stories for their local community outlets. To encourage more stories out of classrooms, students reporting for a class can earn a $100 stipend for any publishable story at any of these schools. Individual schools can decide whether students can also earn credit by participating this program.","Reporting can include print, digital, broadcast and social media. ","Ideally, this collaboration will grow to include more schools in Louisiana and serve as an emulatable model for other states.",Funding comes from the MacArthur Foundation and the Henry Luce Foundation. ,"Statewide or Regional Collaborative, Underserved Community Reporting, Students Are Paid",Department of Mass Communication,,Thibodaux,"Public, Has any Journalism program,  Population size 5-10 thousands",,,,,,,2025,,"Summary, The Louisiana Collegiate News Collaborative appears to be the first of its kind in the U.S. Louisiana State University, which is leading the collaborative, is working with seven other higher education institutions in Louisiana to work with faculty and news outlets to produce student-reported community news across the state. Those schools are, Grambling University (HBCU), Dillard University (HBCU), Xavier University (HBCU), Southern University (HBCU), Nicholls State University, Northwestern State University and Southeastern University. The collaborative will be headed by two faculty at LSU, student media advisor Jeff Gauger and professional-in-residence Lisa Page, who graduated from Dillard University before working at the Times-Picayune and Washington Post. 
Distribution, As of mid-February, Gauger sends out a weekly email to the network of participating faculty and editors. He is also forming a website for the collaboration. Each school will have initially two to four students who will get paid $12 an hour for up to 10 hours of work a week during the fall and spring semesters. Additionally, each school will host one full-time summer internship where the student will be paid $12 an hour to write stories for their local community outlets. Reporting can include print, digital, broadcast and social media. To encourage more stories out of classrooms, students reporting for a class can earn a $100 stipend for any publishable story at any of these schools. Individual schools can decide whether students can also earn credit by participating this program.
Looking forward, Ideally, this collaboration will grow to include more schools in Louisiana and serve as an emulatable model for other states.
Notable, Funding comes from the MacArthur Foundation and the Henry Luce Foundation. ",,Louisiana,,,,,,,Complete
Northwestern State University,LA,"News Academic Partnership, New & Emerging (2025 or Later)","In this statewide collaborative, eight universities including four HBCUs are partnering together to provide community news through paid student reporting year-round, Louisiana State University and Agricultural & Mechanical College; Grambling University (HBCU), Dillard University (HBCU), Xavier University (HBCU), Southern University (HBCU), Nicholls State University, Northwestern State University and Southeastern University.",Louisiana Collegiate News Collaborative,"The Louisiana Collegiate News Collaborative appears to be the first of its kind in the U.S. Louisiana State University, which is leading the collaborative, is working with seven other higher education institutions in Louisiana to work with faculty and news outlets to produce student-reported community news across the state. Those schools are, Grambling University (HBCU), Dillard University (HBCU), Xavier University (HBCU), Southern University (HBCU), Nicholls State University, Northwestern State University and Southeastern University. The collaborative will be headed by two faculty at LSU, student media advisor Jeff Gauger and professional-in-residence Lisa Page, who graduated from Dillard University before working at the Times-Picayune and Washington Post. As of mid-February, Gauger sends out a weekly email to the network of participating faculty and editors. He is also forming a website for the collaboration. Each school will have initially two to four students who will get paid $12 an hour for up to 10 hours of work a week during the fall and spring semesters. Additionally, each school will host one full-time summer internship where the student will be paid $12 an hour to write stories for their local community outlets. To encourage more stories out of classrooms, students reporting for a class can earn a $100 stipend for any publishable story at any of these schools. Individual schools can decide whether students can also earn credit by participating this program.","Reporting can include print, digital, broadcast and social media. ","Ideally, this collaboration will grow to include more schools in Louisiana and serve as an emulatable model for other states.",Funding comes from the MacArthur Foundation and the Henry Luce Foundation. ,"Statewide or Regional Collaborative, Underserved Community Reporting, Students Are Paid","Department of New Media, Journalism, and Communication Arts",,Natchitoches,"Public, Has any Journalism program,  Population size 5-10 thousands",,,,,,,2025,,"Summary, The Louisiana Collegiate News Collaborative appears to be the first of its kind in the U.S. Louisiana State University, which is leading the collaborative, is working with seven other higher education institutions in Louisiana to work with faculty and news outlets to produce student-reported community news across the state. Those schools are, Grambling University (HBCU), Dillard University (HBCU), Xavier University (HBCU), Southern University (HBCU), Nicholls State University, Northwestern State University and Southeastern University. The collaborative will be headed by two faculty at LSU, student media advisor Jeff Gauger and professional-in-residence Lisa Page, who graduated from Dillard University before working at the Times-Picayune and Washington Post. 
Distribution, As of mid-February, Gauger sends out a weekly email to the network of participating faculty and editors. He is also forming a website for the collaboration. Each school will have initially two to four students who will get paid $12 an hour for up to 10 hours of work a week during the fall and spring semesters. Additionally, each school will host one full-time summer internship where the student will be paid $12 an hour to write stories for their local community outlets. Reporting can include print, digital, broadcast and social media. To encourage more stories out of classrooms, students reporting for a class can earn a $100 stipend for any publishable story at any of these schools. Individual schools can decide whether students can also earn credit by participating this program.
Looking forward, Ideally, this collaboration will grow to include more schools in Louisiana and serve as an emulatable model for other states.
Notable, Funding comes from the MacArthur Foundation and the Henry Luce Foundation. ",,Louisiana,,,,,,,Complete
Southern University,LA,"News Academic Partnership, New & Emerging (2025 or Later)","In this statewide collaborative, eight universities including four HBCUs are partnering together to provide community news through paid student reporting year-round, Louisiana State University and Agricultural & Mechanical College; Grambling University (HBCU), Dillard University (HBCU), Xavier University (HBCU), Southern University (HBCU), Nicholls State University, Northwestern State University and Southeastern University.",Louisiana Collegiate News Collaborative,"The Louisiana Collegiate News Collaborative appears to be the first of its kind in the U.S. Louisiana State University, which is leading the collaborative, is working with seven other higher education institutions in Louisiana to work with faculty and news outlets to produce student-reported community news across the state. Those schools are, Grambling University (HBCU), Dillard University (HBCU), Xavier University (HBCU), Southern University (HBCU), Nicholls State University, Northwestern State University and Southeastern University. The collaborative will be headed by two faculty at LSU, student media advisor Jeff Gauger and professional-in-residence Lisa Page, who graduated from Dillard University before working at the Times-Picayune and Washington Post. As of mid-February, Gauger sends out a weekly email to the network of participating faculty and editors. He is also forming a website for the collaboration. Each school will have initially two to four students who will get paid $12 an hour for up to 10 hours of work a week during the fall and spring semesters. Additionally, each school will host one full-time summer internship where the student will be paid $12 an hour to write stories for their local community outlets. To encourage more stories out of classrooms, students reporting for a class can earn a $100 stipend for any publishable story at any of these schools. Individual schools can decide whether students can also earn credit by participating this program.","Reporting can include print, digital, broadcast and social media. ","Ideally, this collaboration will grow to include more schools in Louisiana and serve as an emulatable model for other states.",Funding comes from the MacArthur Foundation and the Henry Luce Foundation. ,"Statewide or Regional Collaborative, Underserved Community Reporting, Students Are Paid",College of Humanities and Interdisciplinary Studies; Department of Mass Communication,,Baton Rouge,"Public,  Population size 5-10 thousands, Has any Journalism program",,,,,,,,,"Summary, The Louisiana Collegiate News Collaborative appears to be the first of its kind in the U.S. Louisiana State University, which is leading the collaborative, is working with seven other higher education institutions in Louisiana to work with faculty and news outlets to produce student-reported community news across the state. Those schools are, Grambling University (HBCU), Dillard University (HBCU), Xavier University (HBCU), Southern University (HBCU), Nicholls State University, Northwestern State University and Southeastern University. The collaborative will be headed by two faculty at LSU, student media advisor Jeff Gauger and professional-in-residence Lisa Page, who graduated from Dillard University before working at the Times-Picayune and Washington Post. 
Distribution, As of mid-February, Gauger sends out a weekly email to the network of participating faculty and editors. He is also forming a website for the collaboration. Each school will have initially two to four students who will get paid $12 an hour for up to 10 hours of work a week during the fall and spring semesters. Additionally, each school will host one full-time summer internship where the student will be paid $12 an hour to write stories for their local community outlets. Reporting can include print, digital, broadcast and social media. To encourage more stories out of classrooms, students reporting for a class can earn a $100 stipend for any publishable story at any of these schools. Individual schools can decide whether students can also earn credit by participating this program.
Looking forward, Ideally, this collaboration will grow to include more schools in Louisiana and serve as an emulatable model for other states.
Notable, Funding comes from the MacArthur Foundation and the Henry Luce Foundation. ",,Louisiana,,,,,,,Complete
Xavier University,LA,"News Academic Partnership, New & Emerging (2025 or Later)","In this statewide collaborative, eight universities including four HBCUs are partnering together to provide community news through paid student reporting year-round, Louisiana State University and Agricultural & Mechanical College; Grambling University (HBCU), Dillard University (HBCU), Xavier University (HBCU), Southern University (HBCU), Nicholls State University, Northwestern State University and Southeastern University.",Louisiana Collegiate News Collaborative,"The Louisiana Collegiate News Collaborative appears to be the first of its kind in the U.S. Louisiana State University, which is leading the collaborative, is working with seven other higher education institutions in Louisiana to work with faculty and news outlets to produce student-reported community news across the state. Those schools are, Grambling University (HBCU), Dillard University (HBCU), Xavier University (HBCU), Southern University (HBCU), Nicholls State University, Northwestern State University and Southeastern University. The collaborative will be headed by two faculty at LSU, student media advisor Jeff Gauger and professional-in-residence Lisa Page, who graduated from Dillard University before working at the Times-Picayune and Washington Post. As of mid-February, Gauger sends out a weekly email to the network of participating faculty and editors. He is also forming a website for the collaboration. Each school will have initially two to four students who will get paid $12 an hour for up to 10 hours of work a week during the fall and spring semesters. Additionally, each school will host one full-time summer internship where the student will be paid $12 an hour to write stories for their local community outlets. To encourage more stories out of classrooms, students reporting for a class can earn a $100 stipend for any publishable story at any of these schools. Individual schools can decide whether students can also earn credit by participating this program.","Reporting can include print, digital, broadcast and social media. ","Ideally, this collaboration will grow to include more schools in Louisiana and serve as an emulatable model for other states.",Funding comes from the MacArthur Foundation and the Henry Luce Foundation. ,"Statewide or Regional Collaborative, Underserved Community Reporting, Students Are Paid",College of Arts and Sciences; Department of Communication,,New Orleans,"Private, Has any Journalism program, Faith-Based,  Population size 5-10 thousands",,,,,,,,,"Summary, The Louisiana Collegiate News Collaborative appears to be the first of its kind in the U.S. Louisiana State University, which is leading the collaborative, is working with seven other higher education institutions in Louisiana to work with faculty and news outlets to produce student-reported community news across the state. Those schools are, Grambling University (HBCU), Dillard University (HBCU), Xavier University (HBCU), Southern University (HBCU), Nicholls State University, Northwestern State University and Southeastern University. The collaborative will be headed by two faculty at LSU, student media advisor Jeff Gauger and professional-in-residence Lisa Page, who graduated from Dillard University before working at the Times-Picayune and Washington Post. 
Distribution, As of mid-February, Gauger sends out a weekly email to the network of participating faculty and editors. He is also forming a website for the collaboration. Each school will have initially two to four students who will get paid $12 an hour for up to 10 hours of work a week during the fall and spring semesters. Additionally, each school will host one full-time summer internship where the student will be paid $12 an hour to write stories for their local community outlets. Reporting can include print, digital, broadcast and social media. To encourage more stories out of classrooms, students reporting for a class can earn a $100 stipend for any publishable story at any of these schools. Individual schools can decide whether students can also earn credit by participating this program.
Looking forward, Ideally, this collaboration will grow to include more schools in Louisiana and serve as an emulatable model for other states.
Notable, Funding comes from the MacArthur Foundation and the Henry Luce Foundation. ",,Louisiana,,,,,,,Complete
Louisiana State University and Agricultural & Mechanical College,LA,"News Academic Partnership, New & Emerging (2025 or Later)","In this statewide collaborative, eight universities including four HBCUs are partnering together to provide community news through paid student reporting year-round, Louisiana State University and Agricultural & Mechanical College; Grambling University (HBCU), Dillard University (HBCU), Xavier University (HBCU), Southern University (HBCU), Nicholls State University, Northwestern State University and Southeastern University.",Louisiana Collegiate News Collaborative,"The Louisiana Collegiate News Collaborative appears to be the first of its kind in the U.S. Louisiana State University, which is leading the collaborative, is working with seven other higher education institutions in Louisiana to work with faculty and news outlets to produce student-reported community news across the state. Those schools are, Grambling University (HBCU), Dillard University (HBCU), Xavier University (HBCU), Southern University (HBCU), Nicholls State University, Northwestern State University and Southeastern University. The collaborative will be headed by two faculty at LSU, student media advisor Jeff Gauger and professional-in-residence Lisa Page, who graduated from Dillard University before working at the Times-Picayune and Washington Post. As of mid-February, Gauger sends out a weekly email to the network of participating faculty and editors. He is also forming a website for the collaboration. Each school will have initially two to four students who will get paid $12 an hour for up to 10 hours of work a week during the fall and spring semesters. Additionally, each school will host one full-time summer internship where the student will be paid $12 an hour to write stories for their local community outlets. To encourage more stories out of classrooms, students reporting for a class can earn a $100 stipend for any publishable story at any of these schools. Individual schools can decide whether students can also earn credit by participating this program.","Reporting can include print, digital, broadcast and social media. ","Ideally, this collaboration will grow to include more schools in Louisiana and serve as an emulatable model for other states.",Funding comes from the MacArthur Foundation and the Henry Luce Foundation. ,"Statewide or Regional Collaborative, Underserved Community Reporting, Students Are Paid",Manship School of Mass Communication,,Baton Rouge,"Public, Has any Journalism program, Population size is above 20 thosands",,,,,,,2025,,"Summary, The Louisiana Collegiate News Collaborative appears to be the first of its kind in the U.S. Louisiana State University, which is leading the collaborative, is working with seven other higher education institutions in Louisiana to work with faculty and news outlets to produce student-reported community news across the state. Those schools are, Grambling University (HBCU), Dillard University (HBCU), Xavier University (HBCU), Southern University (HBCU), Nicholls State University, Northwestern State University and Southeastern University. The collaborative will be headed by two faculty at LSU, student media advisor Jeff Gauger and professional-in-residence Lisa Page, who graduated from Dillard University before working at the Times-Picayune and Washington Post. 
Distribution, As of mid-February, Gauger sends out a weekly email to the network of participating faculty and editors. He is also forming a website for the collaboration. Each school will have initially two to four students who will get paid $12 an hour for up to 10 hours of work a week during the fall and spring semesters. Additionally, each school will host one full-time summer internship where the student will be paid $12 an hour to write stories for their local community outlets. Reporting can include print, digital, broadcast and social media. To encourage more stories out of classrooms, students reporting for a class can earn a $100 stipend for any publishable story at any of these schools. Individual schools can decide whether students can also earn credit by participating this program.
Looking forward, Ideally, this collaboration will grow to include more schools in Louisiana and serve as an emulatable model for other states.
Notable, Funding comes from the MacArthur Foundation and the Henry Luce Foundation. ",,Louisiana,-91.17735,30.41579,159391,https://www.uvm.edu/ccn/news/lsu-statehouse-reporting-enterprise-stories,,,Complete
Southeastern University,LA,"News Academic Partnership, New & Emerging (2025 or Later)","In this statewide collaborative, eight universities including four HBCUs are partnering together to provide community news through paid student reporting year-round, Louisiana State University and Agricultural & Mechanical College; Grambling University (HBCU), Dillard University (HBCU), Xavier University (HBCU), Southern University (HBCU), Nicholls State University, Northwestern State University and Southeastern University.",Louisiana Collegiate News Collaborative,"The Louisiana Collegiate News Collaborative appears to be the first of its kind in the U.S. Louisiana State University, which is leading the collaborative, is working with seven other higher education institutions in Louisiana to work with faculty and news outlets to produce student-reported community news across the state. Those schools are, Grambling University (HBCU), Dillard University (HBCU), Xavier University (HBCU), Southern University (HBCU), Nicholls State University, Northwestern State University and Southeastern University. The collaborative will be headed by two faculty at LSU, student media advisor Jeff Gauger and professional-in-residence Lisa Page, who graduated from Dillard University before working at the Times-Picayune and Washington Post. As of mid-February, Gauger sends out a weekly email to the network of participating faculty and editors. He is also forming a website for the collaboration. Each school will have initially two to four students who will get paid $12 an hour for up to 10 hours of work a week during the fall and spring semesters. Additionally, each school will host one full-time summer internship where the student will be paid $12 an hour to write stories for their local community outlets. To encourage more stories out of classrooms, students reporting for a class can earn a $100 stipend for any publishable story at any of these schools. Individual schools can decide whether students can also earn credit by participating this program.","Reporting can include print, digital, broadcast and social media. ","Ideally, this collaboration will grow to include more schools in Louisiana and serve as an emulatable model for other states.",Funding comes from the MacArthur Foundation and the Henry Luce Foundation. ,"Statewide or Regional Collaborative, Underserved Community Reporting, Students Are Paid","College of Arts, Humanities & Social Sciences; Department of Communication and Media Studies",,Hammond,"Private, Has any Journalism program, Population size 10-20 thousands",,,,,,,2025,,"Summary, The Louisiana Collegiate News Collaborative appears to be the first of its kind in the U.S. Louisiana State University, which is leading the collaborative, is working with seven other higher education institutions in Louisiana to work with faculty and news outlets to produce student-reported community news across the state. Those schools are, Grambling University (HBCU), Dillard University (HBCU), Xavier University (HBCU), Southern University (HBCU), Nicholls State University, Northwestern State University and Southeastern University. The collaborative will be headed by two faculty at LSU, student media advisor Jeff Gauger and professional-in-residence Lisa Page, who graduated from Dillard University before working at the Times-Picayune and Washington Post. 
Distribution, As of mid-February, Gauger sends out a weekly email to the network of participating faculty and editors. He is also forming a website for the collaboration. Each school will have initially two to four students who will get paid $12 an hour for up to 10 hours of work a week during the fall and spring semesters. Additionally, each school will host one full-time summer internship where the student will be paid $12 an hour to write stories for their local community outlets. Reporting can include print, digital, broadcast and social media. To encourage more stories out of classrooms, students reporting for a class can earn a $100 stipend for any publishable story at any of these schools. Individual schools can decide whether students can also earn credit by participating this program.
Looking forward, Ideally, this collaboration will grow to include more schools in Louisiana and serve as an emulatable model for other states.
Notable, Funding comes from the MacArthur Foundation and the Henry Luce Foundation. ",,Louisiana,-91.17735,30.41579,159391,https://www.uvm.edu/ccn/news/lsu-statehouse-reporting-enterprise-stories,,,Complete
St. Edward's University,,"News Academic Partnership, New & Emerging (2025 or Later)",,Austin Common Partnership,"Students at St. Edwards make their own content, which is published on Austin Common's social media, newsletter and website, to Austin readers. About 25 students in the class, juniors and seniors, participate in the upper-level course. Not all student work is published. The program aims to combine providing local news with civic education for young residents. St. Edward's launched the program in January 2025, first covering the state legislature. Later, they plan to cover city council and local boards and commissions during off-years when the legislature isn't in session.",,,,,,,,,,,,,,,,,,,,,,,,,,Complete
Belmont University,TN,"News Academic Partnership, New & Emerging (2025 or Later)","This multimedia class of five students collaborates with the Nashville Banner to cover the Nashville statehouse and fill local news gaps, tackling community-focused, hyper-localized stories such as immigration, education and other key issues.",Political Reporting,"This program launched in January 2025, aims to fill local news gaps, tackling communityfocused, hyper-localized stories such as immigration, education and other key issues, according to Jennifer Duck, a tenured Associate Professor who has been teaching at Belmont since 2016. The multimedia class, which fulfills a degree requirement, includes five students and will collaborate with The Nashville Banner and the newly launched national Statehouse Network headed by Mark Horvit at the University of Missouri. Guest lecturers from the Associated Press, The New York Times, and The Tennessee Journal will also join the class. The editor of The Nashville Banner, a Belmont alum, will mentor students. The class will be offered every spring semester while the legislature is in session. The students – all juniors and seniors majoring in journalism – will have opportunities to meet at the statehouse during class time and are encouraged to go up to Capitol Hill outside of class hours. The campus is about 10 minutes from the statehouse, and the students will have to navigate downtown parking. They will also attend the Tennessee Press Association Winter Conference, which features lessons in leadership around rural journalism and community issues, as well as investigative reporting. After an initial introduction to the statehouse, each student has been asked to come up with 10 pitches to inform future projects throughout the semester. They will focus on evergreen stories over daily news; students will produce a feature story and several other pieces. Duck has 20 years of local and national journalism experience, including working for ABC News as a White House reporter and producer during the George W. Bush administration, as well as the 2007 presidential campaigns of President Barrack Obama and U.S. Sen. John McCain. Additionally, she was a producer with Anderson Cooper covering politics from 2013 to 2018. Funding includes $500 for parking at the statehouse, Tennessee Press Association winter conference fees, and potentially phone-pairing microphones for broadcast reporting. The program seeks to expand by engaging more students and would be open to collaborating with other institutions like Vanderbilt University",,,,"Part of a Class, Students Get Course Credit, ""Democracy, Governance & Elections"", Statehouse, Broadcast",Mike Curb College of Entertainment & Music Business,https://nashvillebanner.com/,Nashville,"Private, Has any Journalism program, Faith-Based,  Population size 5-10 thousands",,,,,,,2025,2023 Statehouse Faculty Champion,"This program launched in January 2025, aims to fill local news gaps, tackling communityfocused, hyper-localized stories such as immigration, education and other key issues, according to Jennifer Duck, a tenured Associate Professor who has been teaching at Belmont since 2016. The multimedia class, which fulfills a degree requirement, includes five students and will collaborate with The Nashville Banner and the newly launched national Statehouse Network headed by Mark Horvit at the University of Missouri. Guest lecturers from the Associated Press, The New York Times, and The Tennessee Journal will also join the class. The editor of The Nashville Banner, a Belmont alum, will mentor students. The class will be offered every spring semester while the legislature is in session. The students – all juniors and seniors majoring in journalism – will have opportunities to meet at the statehouse during class time and are encouraged to go up to Capitol Hill outside of class hours. The campus is about 10 minutes from the statehouse, and the students will have to navigate downtown parking. They will also attend the Tennessee Press Association Winter Conference, which features lessons in leadership around rural journalism and community issues, as well as investigative reporting. After an initial introduction to the statehouse, each student has been asked to come up with 10 pitches to inform future projects throughout the semester. They will focus on evergreen stories over daily news; students will produce a feature story and several other pieces. Duck has 20 years of local and national journalism experience, including working for ABC News as a White House reporter and producer during the George W. Bush administration, as well as the 2007 presidential campaigns of President Barrack Obama and U.S. Sen. John McCain. Additionally, she was a producer with Anderson Cooper covering politics from 2013 to 2018. Funding includes $500 for parking at the statehouse, Tennessee Press Association winter conference fees, and potentially phone-pairing microphones for broadcast reporting. The program seeks to expand by engaging more students and would be open to collaborating with other institutions like Vanderbilt University",,Tennessee,-86.79408942,36.14021625,219709,,,,Complete
University of Delaware,DE,"News Academic Partnership, New & Emerging (2025 or Later)",The University of Delaware in the spring of 2026 will launch a six-credit fellowship to cover the statehouse in Dover from January to June.,Legislative Reporting Fellowship,"The University of Delaware in the spring of 2026 will launch a six-credit fellowship from January to June. Students will get one credit in January, three credits during the school semester, and two more credits for continuing into June. The fellowship will be offered for four to two students and is open to students majoring or minoring in public policy, political science, political communications, journalism, or other communications. The fellowship will fulfill a capstone degree requirement for any arts and sciences student participating at the 400 level. It also fulfills electives for the journalism minor. Nancy Karibjanian, Director of the Journalism Program at the University of Delaware who will be running the program, hopes to limit the fellowship to juniors to avoid making a senior commit to the June portion of the program. UD’s campus in Newark is about 50 minutes away by car from the state capitol in Dover. Every student will also be asked to follow one bill, with Karibjanian’s approval for newsworthiness. ","The program will mix broadcast and digital print reporting. The outlet’s editor will edit the students’ work, and Karibjanian plans to use a Listserv to distribute stories to partnering organizations. Students can take assignments from local radio or news outlets at any point during the semester. Karibjanian will review any assignments from the outlets to approve the story concept for its legitimacy and relevance for a student journalist.","It’s unclear if transportation can be arranged or if students will have to drive themselves. Karibjanian said students may have to start by listening to the live stream of floor debates as a backup, in case they can’t transport themselves to the statehouse in person. ",Karibjanian wants the students to cover stories other outlets are not covering; she is still working out partnerships with local outlets beyond Delaware Public Media and is exploring partnerships with other local radio and broadcast stations. ,"Part of a Class, Students Get Course Credit, ""Democracy, Governance & Elections"", Statehouse",College of Arts & Sciences ,,Newark,"Public, Has any Journalism program, Population size is above 20 thosands",N/A,N/A,N/A,N/A,,,2026,2023 Statehouse Faculty Champion,"Summary, The University of Delaware in the spring of 2026 will launch a six-credit fellowship from January to June. Students will get one credit in January, three credits during the school semester, and two more credits for continuing into June. The fellowship will be offered for four to two students and is open to students majoring or minoring in public policy, political science, political communications, journalism, or other communications. The fellowship will fulfill a capstone degree requirement for any arts and sciences student participating at the 400 level. It also fulfills electives for the journalism minor. Nancy Karibjanian, Director of the Journalism Program at the University of Delaware who will be running the program, hopes to limit the fellowship to juniors to avoid making a senior commit to the June portion of the program. UD’s campus in Newark is about 50 minutes away by car from the state capitol in Dover. Every student will also be asked to follow one bill, with Karibjanian’s approval for newsworthiness. 
Distribution, The program will mix broadcast and digital print reporting. The outlet’s editor will edit the students’ work, and Karibjanian plans to use a Listserv to distribute stories to partnering organizations. Students can take assignments from local radio or news outlets at any point during the semester. Karibjanian will review any assignments from the outlets to approve the story concept for its legitimacy and relevance for a student journalist.
Looking forward, It’s unclear if transportation can be arranged or if students will have to drive themselves. Karibjanian said students may have to start by listening to the live stream of floor debates as a backup, in case they can’t transport themselves to the statehouse in person. 
Notable, Karibjanian wants the students to cover stories other outlets are not covering; she is still working out partnerships with local outlets beyond Delaware Public Media and is exploring partnerships with other local radio and broadcast stations. ",,Delaware,-75.75276,39.66689,130943,,,,Complete
Utah State University,UT,"News Academic Partnership, New & Emerging (2025 or Later)","A seven-week course at USU will produce a series of stories including statehouse reporting distributed through regional collaboratives and, ideally, the Salt Lake Tribune.",N/A,"Sheri Quinn, news director at USU-based Utah Public Radio, is exploring student-produced statehouse coverage at Utah State University. The UPR news department, amply staffed by student interns, produces professional statewide news and occasionally multistate and national content. A seven-week course at USU led by Quinn aims to produce a series of stories distributed through regional collaboratives and, ideally, the Salt Lake Tribune. Part of their coverage will include statehouse reporting, and Quinn wants that to be a focus. Students can either be paid $11 per hour or get course credit for the work. (Typically, they opt for the former.) Quinn willl have anywhere from six to 12 interns producing news throughout the semester.",,,,"""Democracy, Governance & Elections"", Statehouse, Part of a Class, Students Get Course Credit",College of Humanities And Social Sciences; Journalism & Communication,,Logan,"Public, Population size is above 20 thosands, Has any Journalism program",9-10,About 200,4,,,,,2024 Faculty Champion,"Sheri Quinn, news director at USU-based Utah Public Radio, is exploring student-produced statehouse coverage at Utah State University. The UPR news department, amply staffed by student interns, produces professional statewide news and occasionally multistate and national content. A seven-week course at USU led by Quinn aims to produce a series of stories distributed through regional collaboratives and, ideally, the Salt Lake Tribune. Part of their coverage will include statehouse reporting, and Quinn wants that to be a focus. Students can either be paid $11 per hour or get course credit for the work. (Typically, they opt for the former.) Quinn willl have anywhere from six to 12 interns producing news throughout the semester.","""with more than 100
stories, this would take a while to get""",Utah,,,,,,,Complete
Utah Tech University,UT,"News Academic Partnership, New & Emerging (2025 or Later)",Amplify Utah creates a bridge for student journalists to publish with The Salt Lake Tribune and other local media and elevate diverse perspectives while providing emerging storytellers professional exposure.,"Utah College Media Collaborative, Amplify Utah",,,,,Statewide or Regional Collaborative,College of Humanities & Social Sciences; Communication Department,https://www.sltrib.com/amplify-utah/,St. George,"Public, Population size 10-20 thousands, Has any Journalism program",,,,,,,,,,,Utah,,,,,,,Complete
