domain,publication,stories,lat,lon,institution,state,match,match_source
nsunews.com,www.nsunews.com - RSS Results of type article,1184,35.921141,-94.965904,Northeastern State University,OK,domain,student-media-outlets.csv
cowleycollegemedia.com,www.cowleycollegemedia.com - RSS Results of type article,1178,37.061329,-97.0419074,Cowley College,KS,domain,student-media-outlets.csv
ninertimes.com,www.ninertimes.com - RSS Results of type article,1161,35.3074169,-80.7352122,University of North Carolina at Charlotte,NC,domain,student-media-outlets.csv
raiderstudentmedia.com,www.raiderstudentmedia.com - RSS Results of type article,1154,40.9039033,-81.110238,University of Mount Union,OH,domain,student-media-outlets.csv
idsnews.com,Indiana Daily Student,877,39.1682449,-86.5230073,Indiana University Bloomington,IN,domain,student-media-outlets.csv
lsureveille.com,Reveille,761,30.4102406,-91.1857059,Louisiana State University,LA,domain,student-media-outlets.csv
easternprogress.com,www.easternprogress.com - RSS Results,718,37.7386943,-84.2999687,Eastern Kentucky University,KY,domain,student-media-outlets.csv
iowastatedaily.com,Iowa State Daily,647,42.0266573,-93.6464516,Iowa State University,IA,domain,student-media-outlets.csv
psucollegian.com,The Daily Collegian,630,40.7982133,-77.8599084,Penn State University,PA,domain,student-media-outlets.csv
thedailytexan.com,The Daily Texan,625,30.28703,-97.73354,University of Texas at Austin,TX,override-institution,ccn_nap_master.csv
dailyiowan.com,The Daily Iowan,619,41.6627078,-91.5549771,University of Iowa,IA,domain,student-media-outlets.csv
michigandaily.com,The Michigan Daily,616,42.277145,-83.7382071,University of Michigan,MI,domain,student-media-outlets.csv
dailyorange.com,The Daily Orange,583,43.0494832,-76.1473977,Syracuse University,NY,domain,student-media-outlets.csv
digitalcollections.dordt.edu,Dordt Digital Collections,549,43.0824829,-96.1663608,Dordt University,IA,domain,student-media-outlets.csv
dailycal.org,www.dailycal.org - RSS Results,545,37.8712141,-122.255463,University of California-Berkeley,CA,domain,student-media-outlets.csv
dailynorthwestern.com,The Daily Northwestern,503,42.0564594,-87.675267,Northwestern University,IL,domain,student-media-outlets.csv
thenewshouse.com,The NewsHouse,493,43.0494832,-76.1473977,Syracuse University,NY,override-institution,student-media-outlets.csv
dailytrojan.com,Daily Trojan,492,34.0223519,-118.285117,University of Southern California,CA,domain,student-media-outlets.csv
cornellsun.com,The Cornell Daily Sun,463,42.4534492,-76.4735027,Cornell University,NY,domain,student-media-outlets.csv
statenews.com,The State News,423,42.7250725,-84.4790827,Michigan State University,MI,domain,student-media-outlets.csv
thedaonline.com,www.thedaonline.com - RSS Results of type article,416,39.6480359,-79.9697147,West Virginia University,WV,domain,student-media-outlets.csv
thedp.com,The Daily Pennsylvanian,392,39.9515013,-75.1910161,University of Pennsylvania,PA,domain,student-media-outlets.csv
ntdaily.com,www.ntdaily.com - RSS Results,392,33.2090389,-97.153439,University of North Texas,TX,domain,student-media-outlets.csv
caplinnews.fiu.edu,Caplin News,384,25.75643974,-80.37547573,Florida International University,FL,domain,ccn_nap_master.csv
baylorlariat.com,The Baylor Lariat,363,31.5500848,-97.11354,Baylor University,TX,domain,student-media-outlets.csv
purdueexponent.org,The Purdue Exponent,355,40.4237054,-86.9211946,Purdue University,IN,domain,student-media-outlets.csv
thehoya.com,The Hoya,330,38.9076089,-77.0722585,Georgetown University,"Washington, DC",domain,student-media-outlets.csv
dbknews.com,The Diamondback,322,39.2892118,-76.6236815,University of Maryland,MD,domain,student-media-outlets.csv
dailynebraskan.com,The Daily Nebraskan,321,40.8201966,-96.7004763,University of Nebraska,NE,domain,student-media-outlets.csv
thestatehousefile.com,www.thestatehousefile.com - RSS Results,319,39.47969,-86.04808,Franklin College,IN,domain,ccn_nap_master.csv
dailyillini.com,The Daily Illini,319,40.0985023,-88.2290783,University of Illinois-Urbana-Champaign,IL,domain,student-media-outlets.csv
kykernel.com,Kentucky Kernel,316,38.0306511,-84.5039697,University of Kentucky,KY,domain,student-media-outlets.csv
thecrimsonwhite.com,The Crimson White,313,33.2114385,-87.5401002,University of Alabama,AL,domain,student-media-outlets.csv
dailycardinal.com,The Daily Cardinal,313,43.0755143,-89.4154526,University of Wisconsin-Madison,WI,override-institution,student-media-outlets.csv
northernstar.info,Northern Star,300,41.934194,-88.7738783,Northern Illinois University,IL,domain,student-media-outlets.csv
videtteonline.com,www.videtteonline.com - RSS Results,291,40.5121009,-88.994763,Illinois State University,IL,domain,student-media-outlets.csv
thelantern.com,The Lantern,289,39.9993865,-83.0227103,The Ohio State University,OH,domain,student-media-outlets.csv
themiamihurricane.com,The Miami Hurricane,275,25.7169568,-80.2798198,University of Miami,FL,domain,student-media-outlets.csv
thebatt.com,The Battalion,270,30.6186625,-96.3364251,Texas A&M University,TX,domain,student-media-outlets.csv
dailytitan.com,dailytitan.com - RSS Results,264,33.8823476,-117.8851033,California State University-Fullerton,CA,domain,student-media-outlets.csv
dailyemerald.com,Daily Emerald,261,44.0448302,-123.0726055,University of Oregon,OR,domain,student-media-outlets.csv
uatrav.com,www.uatrav.com - RSS Results,259,36.0686895,-94.1748471,University of Arkansas,AR,domain,student-media-outlets.csv
dailycampus.com,The Daily Campus,256,41.8135415,-72.2452715,University of Connecticut,CT,domain,student-media-outlets.csv
wkuherald.com,WKUHerald.com,249,36.9847167,-86.456,Western Kentucky University,KY,domain,student-media-outlets.csv
thesunflower.com,The Sunflower,245,37.7190782,-97.291526,Wichita State University,KS,domain,student-media-outlets.csv
bgfalconmedia.com,BG Falcon Media,244,41.3796927,-83.6300592,Bowling Green State University,OH,domain,student-media-outlets.csv
stanforddaily.com,The Stanford Daily,241,37.42766,-122.17006,Stanford University,CA,domain,student-media-outlets.csv
dailyevergreen.com,The Daily Evergreen,239,46.7288927,-117.1468351,Washington State University,WA,domain,student-media-outlets.csv
thedmonline.com,The Daily Mississippian,239,34.3662492,-89.5379687,University of Mississippi,MS,domain,student-media-outlets.csv
fordhamobserver.com,The Observer,231,40.7710298,-73.9850963,Fordham University Lincoln Center,NY,domain,student-media-outlets.csv
utdailybeacon.com,The Daily Beacon,227,35.9489531,-83.9374226,University of Tennessee-Knoxville,TN,domain,student-media-outlets.csv
digitalcommons.andrews.edu,Digital Commons @ Andrews University,220,41.9647534,-86.359918,Andrews University,MI,domain,student-media-outlets.csv
bupipedream.com,Pipe Dream,214,42.0971204,-75.9116546,Binghamton University,NY,domain,student-media-outlets.csv
jhunewsletter.com,The Johns Hopkins News-Letter,212,39.3299013,-76.6205177,Johns Hopkins University,MD,domain,student-media-outlets.csv
collegian.com,The Rocky Mountain Collegian,210,40.5729432,-105.0848391,Colorado State University,CO,domain,student-media-outlets.csv
columbiachronicle.com,The Columbia Chronicle,209,41.8742327,-87.6248338,Columbia College Chicago,IL,domain,student-media-outlets.csv
lvcampustimes.org,Campus Times,205,34.1002277,-117.7715774,University of La Verne,CA,domain,student-media-outlets.csv
thedartmouth.com,The Dartmouth,195,43.7044406,-72.2886934,Dartmouth College,NH,domain,student-media-outlets.csv
cnsmaryland.org,CNS Maryland,194,39.28823,-76.62088,University of Maryland-College Park,MD,domain,ccn_nap_master.csv
vanderbilthustler.com,The Vanderbilt Hustler,194,36.1447034,-86.8026551,Vanderbilt University,TN,domain,student-media-outlets.csv
oudaily.com,The Oklahoma Daily,193,35.1987162,-97.4448963,University of Oklahoma,OK,override-institution,student-media-outlets.csv
technicianonline.com,Technician,193,35.7850744,-78.6812824,North Carolina State University,NC,domain,student-media-outlets.csv
thedailycougar.com,The Cougar,189,29.7204627,-95.3429319,University of Houston,TX,domain,student-media-outlets.csv
thereportingproject.org,"The Reporting Project – Covering Licking County, Ohio",185,40.0735236,-82.5227273,Denison University,OH,override-institution,student-media-outlets.csv
tropnews.com,trop,185,31.8025926,-85.9571615,Troy University,AL,domain,student-media-outlets.csv
bcheights.com,The Heights,183,42.3355488,-71.1684945,Boston College,MA,domain,student-media-outlets.csv
dailyfreepress.com,The Daily Free Press,182,42.3504997,-71.1053991,Boston University,MA,domain,student-media-outlets.csv
mndaily.com,The Minnesota Daily,180,44.9753541,-93.2330739,University of Minnesota,MN,domain,student-media-outlets.csv
mtsusidelines.com,MTSU Sidelines,173,35.8486229,-86.3669155,Middle Tennessee State University,TN,domain,student-media-outlets.csv
theithacan.org,The Ithacan,173,42.4199229,-76.4969344,Ithaca College,NY,domain,student-media-outlets.csv
laloyolan.com,www.laloyolan.com - RSS Results,173,33.9691953,-118.4188984,Loyola Marymount University,CA,domain,student-media-outlets.csv
tulanehullabaloo.com,The Tulane Hullabaloo,171,29.9407282,-90.1203167,Tulane University,LA,domain,student-media-outlets.csv
mustangnews.net,Mustang News,166,35.302696,-120.666565,California Polytechnic State University ,CA,domain,student-media-outlets.csv
gradynewsource.uga.edu,Grady Newsource,166,33.9572,-83.37406,University of Georgia,GA,domain,ccn_nap_master.csv
dailyutahchronicle.com,The Daily Utah Chronicle,159,40.7649368,-111.8421021,University of Utah,UT,domain,student-media-outlets.csv
themaneater.com,The Maneater,158,38.9403808,-92.3277375,University of Missouri,MO,domain,student-media-outlets.csv
nebraskanewsservice.net,www.nebraskanewsservice.net - RSS Results,157,40.818198,-96.69693,University of Nebraska-Lincoln,NE,domain,ccn_nap_master.csv
badgerherald.com,The Badger Herald,154,43.0755143,-89.4154526,University of Wisconsin-Madison,WI,domain,student-media-outlets.csv
wpubeacon.com,The Beacon,151,40.9476318,-74.1967795,William Paterson University,NJ,domain,student-media-outlets.csv
universitystar.com,The University Star,149,29.888411,-97.938351,Texas State University,TX,domain,student-media-outlets.csv
kentstater.com,KentStater,148,41.1438917,-81.3365012,Kent State University,OH,domain,student-media-outlets.csv
uiargonaut.com,The Argonaut,147,46.7288124,-117.0126084,University of Idaho,ID,domain,student-media-outlets.csv
dailyeasternnews.com,The Daily Eastern News,146,39.4835612,-88.1752184,Eastern Illinois University,IL,domain,student-media-outlets.csv
thecolgatemaroonnews.com,The Colgate Maroon-News,145,42.8155894,-75.5407355,Colgate University,NY,domain,student-media-outlets.csv
thebrownandwhite.com,All the Lehigh University News First - The Brown and White,143,40.6054003,-75.3771764,Lehigh University,PA,domain,student-media-outlets.csv
eudoratimes.com,The Eudora Times,142,38.96097,-95.25106,University of Kansas,KS,domain,ccn_nap_master.csv
westernherald.com,www.westernherald.com - RSS Results of type article,140,42.2831778,-85.6152186,Western Michigan University,MI,domain,student-media-outlets.csv
tigersroar.com,www.tigersroar.com - RSS Results,139,32.0241968,-81.0625787,Savannah State University,GA,domain,student-media-outlets.csv
kstatecollegian.com,Kansas State Collegian,138,39.1974437,-96.5847249,Kansas State University,KS,domain,student-media-outlets.csv
southeastarrow.com,The Arrow Latest News,137,37.3148783,-89.5280438,Southeast Missouri State University,MO,domain,student-media-outlets.csv
newmexiconewsport.com,New Mexico News Port,137,35.08343,-106.61975,University of New Mexico,NM,domain,student-media-outlets.csv
cronkitenews.azpbs.org,Cronkite News,136,33.42192,-111.93494,Arizona State University,AZ,domain,ccn_nap_master.csv
merrimacknewspaper.com,The Beacon,136,42.6673814,-71.1234527,Merrimack College,MA,domain,student-media-outlets.csv
gwhatchet.com,The GW Hatchet,135,38.8997145,-77.0485992,The George Washington University,D.C.,domain,student-media-outlets.csv
trinitonian.com,Trinitonian,134,29.4618769,-98.4833382,Trinity University,TX,domain,student-media-outlets.csv
thetigercu.com,The Tiger,131,34.6834382,-82.8373654,Clemson University,SC,domain,student-media-outlets.csv
thesignpostwsu.com,The Signpost,129,41.1913012,-111.9440467,Weber State University,UT,domain,student-media-outlets.csv
temple-news.com,The Temple News,128,39.9811911,-75.1553563,Temple University,PA,domain,student-media-outlets.csv
marquettewire.org,Marquette Wire,126,43.0386955,-87.931014,Marquette University,WI,domain,student-media-outlets.csv
thebutlercollegian.com,The Butler Collegian,125,39.8399145,-86.1726021,Butler University,IN,domain,student-media-outlets.csv
wcuquad.com,The Quad: Student News Service of WCU,124,39.9523671,-75.5981257,West Chester University of Pennsylvania,PA,domain,student-media-outlets.csv
studlife.com,Student Life,124,38.6487895,-90.3107962,Washington University in St. Louis,MO,domain,student-media-outlets.csv
theechonews.com,The Echo,122,40.456052,-85.4987912,Taylor University,IN,domain,student-media-outlets.csv
macon-newsroom.com,The Macon Newsroom,121,32.83161,-83.64818,Mercer University,GA,domain,ccn_nap_master.csv
theoglethorpeecho.com,The Oglethorpe Echo,120,33.9572,-83.37406,University of Georgia,GA,domain,ccn_nap_master.csv
quchronicle.com,The Quinnipiac Chronicle,120,41.4189262,-72.8936493,Quinnipiac University,CT,domain,student-media-outlets.csv
dailygamecock.com,The Daily Gamecock,116,33.9937575,-81.0299186,University of South Carolina,SC,domain,student-media-outlets.csv
valpotorch.com,www.valpotorch.com - RSS Results of type article,114,41.4639394,-87.0438893,Valparaiso University,IN,domain,student-media-outlets.csv
fscollegian.com,The Collegian,113,36.8136777,-119.7461767,California State University-Fresno,CA,domain,student-media-outlets.csv
amplifyutah.org,Amplify Utah - The Story Room,113,40.672139,-111.9427925,Salt Lake Community College,UT,override-institution,student-media-outlets.csv
thegeorgeanne.com,The George-Anne Media Group,113,32.4206845,-81.7869734,Georgia Southern University,GA,domain,student-media-outlets.csv
statehornet.com,The State Hornet,113,38.560824,-121.423993,California State University-Sacramento,CA,domain,student-media-outlets.csv
thedailyaztec.com,The Daily Aztec,112,32.7764121,-117.0719191,San Diego State University,CA,domain,student-media-outlets.csv
thecatalystnews.com,The Catalyst,112,38.8491957,-104.8254254,Colorado College,CO,domain,student-media-outlets.csv
hwsherald.com,The Herald,111,42.8581453,-76.9866497,Hobart and William Smith Colleges,NY,domain,student-media-outlets.csv
nevadasagebrush.com,The Nevada Sagebrush,111,39.5485651,-119.8156924,University of Nevada-Reno,NV,domain,student-media-outlets.csv
thelumberjack.org,The Lumberjack,111,40.8747332,-124.0789268,Humboldt State University,CA,domain,student-media-outlets.csv
wfuogb.com,Old Gold & Black,111,36.1354887,-80.2792887,Wake Forest University,NC,domain,student-media-outlets.csv
thewhitonline.com,The Whit,110,39.7099689,-75.1191932,Rowan University,NJ,domain,student-media-outlets.csv
lbcurrent.com,Long Beach Current,110,33.7838235,-118.1140904,California State University-Long Beach,CA,domain,student-media-outlets.csv
sjclimate.news,South Jersey Climate News,109,39.71,-75.1192,Rowan University,NJ,domain,ccn_nap_master.csv
vtcommunitynews.org,Community News Service,109,43.61027,-73.17841,Castleton University,VT,domain,ccn_nap_master.csv
arbiteronline.com,The Arbiter,109,43.6023364,-116.2009765,Boise State University,ID,domain,student-media-outlets.csv
dailycollegian.com,Massachusetts Daily Collegian,109,42.3865581,-72.5314278,University of Massachusetts Amherst,MA,domain,student-media-outlets.csv
outlook.monmouth.edu,The Outlook,109,40.2802758,-74.0054114,Monmouth University,NJ,domain,student-media-outlets.csv
sm2media.com,SM2,106,31.325997,-89.3320146,The University of Southern Mississippi,MS,domain,student-media-outlets.csv
loyolamaroon.com,The Maroon,106,29.9345703,-90.1215417,Loyola University New Orleans,LA,domain,student-media-outlets.csv
pepperdine-graphic.com,Pepperdine Graphic,106,34.0415037,-118.709596,Pepperdine University,CA,domain,student-media-outlets.csv
theheraldtimes.com,The Herald Times,106,40.0808639,-108.7898101,Colorado Northwestern Community College,CO,domain,student-media-outlets.csv
amherststudent.com,The Amherst Student,106,42.3709104,-72.5170028,Amherst College,MA,domain,student-media-outlets.csv
villanovan.com,The Villanovan,105,40.0368926,-75.3425785,Villanova University,PA,domain,student-media-outlets.csv
thecrite.com,The Criterion,105,39.0804917,-108.5534074,Colorado Mesa University,CO,domain,student-media-outlets.csv
paisano-online.com,The Paisano,104,29.5830733,-98.6198779,The University of Texas at San Antonio,TX,domain,student-media-outlets.csv
dailyegyptian.com,The Daily Egyptian,104,37.7079717,-89.2229983,Southern Illinois University,IL,domain,student-media-outlets.csv
huntnewsnu.com,The Huntington News,103,42.3398067,-71.0891717,Northeastern University,MA,domain,student-media-outlets.csv
acuoptimist.com,The Optimist,102,32.4700922,-99.7080103,Abilene Christian University,TX,domain,student-media-outlets.csv
therunneronline.com,The Runner,101,35.3486641,-119.1033448,California State University-Bakersfield,CA,domain,student-media-outlets.csv
ucanews.live,Bear Media,101,35.0780939,-92.4578916,University of Central Arkansas,AR,domain,student-media-outlets.csv
tcu360.com,TCU 360,101,32.7078531,-97.3628041,Texas Christian University,TX,domain,student-media-outlets.csv
jackcentral.org,www.jackcentral.org - RSS Results of type article,100,35.1802684,-111.6540336,Northern Arizona University,AZ,domain,student-media-outlets.csv
gettysburgian.com,The Gettysburgian.,99,39.8356744,-77.2366796,Gettysburg College,PA,domain,student-media-outlets.csv
annenberg.usc.edu,USC Annenberg,99,34.0223519,-118.285117,University of Southern California,CA,override-institution,student-media-outlets.csv
wesleyanargus.com,The Wesleyan Argus,98,41.5567587,-72.6568336,Wesleyan University,CT,domain,student-media-outlets.csv
thehoustoniannews.com,The Houstonian,98,30.7151799,-95.5466174,Sam Houston State University,TX,domain,student-media-outlets.csv
chargerbulletin.com,The Charger Bulletin,96,41.291297,-72.9617874,University of New Haven,CT,domain,student-media-outlets.csv
greatlakesecho.org,Great Lakes Echo,96,42.72946,-84.48041,Michigan State University,MI,domain,ccn_nap_master.csv
sundial.csun.edu,Daily Sundial,95,34.2406756,-118.5300196,California State University-Northridge,CA,domain,student-media-outlets.csv
thehofstrachronicle.com,The Hofstra Chronicle,94,40.7168988,-73.5990378,Hofstra University,NY,domain,student-media-outlets.csv
tigermedianet.com,Tiger Media Network,93,38.8714463,-99.3444887,Fort Hays State University,KS,domain,student-media-outlets.csv
rmusentrymedia.com,RMU Sentry Media,93,40.5213461,-80.2127179,Robert Morris University,PA,domain,student-media-outlets.csv
berkeleybeacon.com,The Berkeley Beacon,93,42.352123,-71.065877,Emerson College,MA,domain,student-media-outlets.csv
sdsucollegian.com,The Collegian,92,44.3191071,-96.7835182,South Dakota State University,SD,domain,student-media-outlets.csv
thenortherner.com,The Northerner,91,39.0312035,-84.4625345,Northern Kentucky University,KY,domain,student-media-outlets.csv
aubellringer.com,The Bell Ringer,91,33.4709094,-81.9898848,Augusta University,GA,domain,student-media-outlets.csv
usforacle.com,The Oracle,90,28.0622334,-82.4135057,University of South Florida,FL,domain,student-media-outlets.csv
southern-accent.org,The Southern Accent,90,35.0482015,-85.0519507,Southern Adventist University,TN,domain,student-media-outlets.csv
purplemedianetwork.com,Purple Media Network,90,31.7489726,-93.097876,Northwestern State University,LA,domain,student-media-outlets.csv
sunnewsdaily.com,Sun News Daily,89,37.1028746,-113.56541,Utah Tech University,UT,domain,student-media-outlets.csv
oberlinreview.org,The Oberlin Review,89,41.2958696,-82.221089,Oberlin College,OH,domain,student-media-outlets.csv
louisvillecardinal.com,The Louisville Cardinal,89,38.2157954,-85.7614322,University of Louisville,KY,domain,student-media-outlets.csv
northerniowan.com,Northern Iowan,88,42.5121517,-92.4646469,University of Northern Iowa,IA,domain,student-media-outlets.csv
lafayettestudentnews.com,The Lafayette,88,40.6984713,-75.2101079,Lafayette College,PA,domain,student-media-outlets.csv
collegiatetimes.com,www.collegiatetimes.com - RSS Results of type article,88,37.2283843,-80.4234167,Virginia Polytechnic Institute,VA,domain,student-media-outlets.csv
bradleyscout.com,The Bradley Scout,87,40.6977743,-89.6153484,Bradley University,IL,domain,student-media-outlets.csv
theorion.com,The Orion,87,39.7296653,-121.8478871,California State University-Chico,CA,domain,student-media-outlets.csv
globeslcc.com,The Globe,87,40.672139,-111.9427925,Salt Lake Community College,UT,domain,student-media-outlets.csv
nmsuroundup.com,NMSU Round Up,86,32.2792887,-106.7491391,New Mexico State University,NM,domain,student-media-outlets.csv
depauliaonline.com,The DePaulia,86,41.9241868,-87.6541655,DePaul University,IL,domain,student-media-outlets.csv
lanthorn.com,Grand Valley Lanthorn,86,42.9641221,-85.8890404,Grand Valley State University,MI,domain,student-media-outlets.csv
duquesneduke.org,The Duquesne Duke,85,40.4369485,-79.9902576,Duquesne University,PA,domain,student-media-outlets.csv
wildcat.arizona.edu,The Daily Wildcat,85,32.2318981,-110.9535407,The University of Arizona,AZ,domain,student-media-outlets.csv
advancetitan.com,The Advance-Titan,85,44.0262958,-88.5506715,University of Wisconsin-Oshkosh,WI,domain,student-media-outlets.csv
usustatesman.com,The Utah Statesman,84,41.745161,-111.8097425,Utah State University,UT,domain,student-media-outlets.csv
thewesterncarolinajournalist.com,The Western Carolina Journalist,84,35.3090108,-83.1863612,Western Carolina University,NC,override-institution,student-media-outlets.csv
fsutorch.com,The Torch,84,43.6839617,-85.4852488,Ferris State University,MI,domain,student-media-outlets.csv
miscellanynews.org,The Miscellany News,83,41.6851687,-73.8918897,Vassar College,NY,domain,student-media-outlets.csv
thenorthwindonline.com,The North Wind,83,46.5601965,-87.4076051,Northern Michigan University,MI,domain,student-media-outlets.csv
smudailycampus.com,The Daily Campus,82,32.8412178,-96.7845175,Southern Methodist University,TX,domain,student-media-outlets.csv
udreview.com,The Review,82,39.6809151,-75.7523313,University of Delaware,DE,domain,student-media-outlets.csv
thewaynestater.com,The Wayne Stater,82,42.2399046,-97.0131156,Wayne State College,NE,domain,student-media-outlets.csv
usmfreepress.org,The Free Press,81,43.6619019,-70.2757206,University of Southern Maine,ME,domain,student-media-outlets.csv
astatetheherald.com,THE HERALD,81,35.8428473,-90.6770179,Arkansas State University,AR,domain,student-media-outlets.csv
poly.rpi.edu,The Rensselaer Polytechnic,81,42.7297628,-73.6788884,Rensselaer Polytechnic Institute,NY,domain,student-media-outlets.csv
gannonknight.com,THE GANNON KNIGHT,81,42.1275517,-80.0896332,Gannon University,PA,domain,student-media-outlets.csv
collegian.tccd.edu,The Collegian,80,32.8481076,-97.1907383,Tarrant County College,TX,domain,student-media-outlets.csv
easttennessean.com,East Tennessean,80,36.3023954,-82.369853,East Tennessee State University,TN,domain,student-media-outlets.csv
thepolypost.com,The Poly Post,80,34.0585684,-117.8200304,California Polytechnic State University Pomona,CA,domain,student-media-outlets.csv
alligator.org,The Independent Florida Alligator,80,29.6465428,-82.3533266,University of Florida,FL,domain,student-media-outlets.csv
royalpurplenews.com,Royal Purple,80,42.8417557,-88.7423149,University of Wisconsin-Whitewater,WI,domain,student-media-outlets.csv
thetech.com,The MIT Tech,80,42.360091,-71.09416,Massachusetts Institute of Technology,MA,domain,student-media-outlets.csv
observer.case.edu,The Observer,80,41.5043413,-81.6083838,Case Western Reserve University,OH,domain,student-media-outlets.csv
ulmhawkeyeonline.com,The Hawkeye,79,32.5313471,-92.068744,University of Louisiana at Monroe,LA,domain,student-media-outlets.csv
utrgvrider.com,The Rider Newspaper,79,26.3081983,-98.1740158,University of Texas Rio Grande Valley,TX,domain,student-media-outlets.csv
panthernow.com,PantherNOW,79,25.7562465,-80.3755401,Florida International University,FL,domain,student-media-outlets.csv
thetriangle.org,The Triangle,79,39.9566127,-75.1899441,Drexel University,PA,domain,student-media-outlets.csv
tucollegian.org,The Collegian,79,36.1520526,-95.9460753,University of Tulsa,OK,domain,student-media-outlets.csv
fsugatepost.com,The Gatepost,78,42.298308,-71.4370588,Framingham State University,MA,domain,student-media-outlets.csv
hunewsservice.com,Howard University News Service,78,38.9238918,-77.01919216,Howard University,D.C.,domain,ccn_nap_master.csv
lipscombmedia.com,Herd Media,77,36.1046846,-86.7988728,Lipscomb University,TN,domain,student-media-outlets.csv
liberty.edu,"Liberty alumnus leads security efforts in fight against drugs, illegal weapons, and trafficking in Caribbean nation | Liberty News",77,37.3520604,-79.1753844,Liberty University,VA,domain,student-media-outlets.csv
theridernews.com,The Rider News,77,40.2811583,-74.7407633,Rider University,NJ,domain,student-media-outlets.csv
flathatnews.com,Flat Hat News,77,37.2709753,-76.7162467,William & Mary,VA,domain,student-media-outlets.csv
csulauniversitytimes.com,University Times,77,34.0663797,-118.1684782,California State University-Los Angeles,CA,domain,student-media-outlets.csv
eaglenews.org,Eagle Media,77,26.4588273,-81.7622951,Florida Gulf Coast University,FL,domain,student-media-outlets.csv
thefordhamram.com,The Fordham Ram,77,40.861215,-73.8892579,Fordham University Rose Hill,NY,domain,student-media-outlets.csv
kcroonews.com,Roo News,77,39.0333035,-94.577545,University of Missouri-Kansas City,MO,domain,student-media-outlets.csv
berrycollegestudentmedia.com,Berry College Student Media,76,,,,,unresolved,
arizonasonorannews.com,Arizona Sonoran News,75,32.2318981,-110.9535407,The University of Arizona,AZ,override-institution,student-media-outlets.csv
pcccourier.com,PCC Courier,75,34.1439461,-118.118761,Pasadena City College,CA,domain,student-media-outlets.csv
oaklandpostonline.com,The Oakland Post,75,42.6678782,-83.2082347,Oakland University,MI,domain,student-media-outlets.csv
creightonian.com,Creightonian,75,41.2655521,-95.9462807,Creighton University,NE,domain,student-media-outlets.csv
9thstreetjournal.org,9th Street Journal,75,36.00009,-78.93065,Duke University,NC,domain,ccn_nap_master.csv
the-tartan.org,The Tartan,74,40.4432027,-79.9428499,Carnegie Mellon University,PA,domain,student-media-outlets.csv
timesdelphic.com,The Times-Delphic,73,41.6030995,-93.6546481,Drake University,IA,domain,student-media-outlets.csv
ppuglobe.com,Point Park Globe,73,40.4384916,-80.0017987,Point Park University,PA,domain,student-media-outlets.csv
viewpointsonline.org,Viewpoints,73,33.9711925,-117.3811035,Riverside City College,CA,domain,student-media-outlets.csv
upressonline.com,FAU University Press,72,26.3737473,-80.1019023,Florida Atlantic University,FL,domain,student-media-outlets.csv
thewellesleynews.com,The Wellesley News,72,42.2935733,-71.3059277,Wellesley College,MA,domain,student-media-outlets.csv
uwmpost.com,UWM Post,72,43.078263,-87.8819686,University of Wisconsin-Milwaukee,WI,domain,student-media-outlets.csv
thejambar.com,The Jambar,72,41.1066413,-80.6480952,Youngstown State University,OH,domain,student-media-outlets.csv
thebluebanner.net,The Blue Banner,72,35.6170787,-82.5665332,University of North Carolina Asheville,NC,domain,student-media-outlets.csv
richlandstudentmedia.com,Richland Student Media,72,32.9211773,-96.7284623,Dallas College - Richland Campus,TX,domain,student-media-outlets.csv
eastoncourier.news,Easton Courier,72,41.21672793,-73.25254533,Sacred Heart University,CT,domain,ccn_nap_master.csv
pineneedle.news,The Pine Needle,72,34.6899339,-79.2005823,University of North Carolina at Pembroke,NC,domain,student-media-outlets.csv
theskylineview.com,The Skyline View,71,37.6301616,-122.468515,Skyline College,CA,domain,student-media-outlets.csv
dailybaro.orangemedianetwork.com,The Daily Barometer,71,44.5618097,-123.2822671,Oregon State University,OR,domain,student-media-outlets.csv
mtulode.com,The Lode,71,47.1167589,-88.5460115,Michigan Technological University,MI,domain,student-media-outlets.csv
fairfieldmirror.com,The Fairfield Mirror,71,41.1598949,-73.2575513,Fairfield University,CT,domain,student-media-outlets.csv
chicagomaroon.com,Chicago Maroon,71,41.7904484,-87.6003953,University of Chicago,IL,domain,student-media-outlets.csv
pulse.findlay.edu,The Pulse,71,41.0545606,-83.6549481,The University of Findlay,OH,domain,student-media-outlets.csv
alleghenycampus.com,The Campus,70,41.6484557,-80.1455328,Allegheny College,PA,domain,student-media-outlets.csv
mcquad.org,The Quadrangle,70,40.889733,-73.9028372,Manhattan College,NY,domain,student-media-outlets.csv
gaylordnews.net,Gaylord News,70,35.48028,-97.49343,University of Oklahoma,OK,domain,ccn_nap_master.csv
etownian.com,The Etownian,70,40.1493299,-76.5896835,Elizabethtown College,PA,domain,student-media-outlets.csv
carrollnews.org,The Carroll News,70,41.4905602,-81.5297689,John Carroll University,OH,domain,student-media-outlets.csv
theticker.org,The Ticker,69,40.7404315,-73.9832252,CUNY Baruch College,NY,domain,student-media-outlets.csv
thepinelog.com,www.thepinelog.com - RSS Results of type article,69,31.6218702,-94.644305,Stephen F. Austin State University,TX,domain,student-media-outlets.csv
unkantelope.com,The Antelope,69,40.7011879,-99.1014292,University of Nebraska-Kearney,NE,domain,student-media-outlets.csv
thesandb.com,The Scarlet & Black,68,41.749223,-92.7201302,Grinnell College,IA,domain,student-media-outlets.csv
marshallparthenon.com,The Parthenon,68,38.4236597,-82.4247198,Marshall University,WV,domain,student-media-outlets.csv
usishield.com,The Shield,67,37.9617632,-87.6774647,University of Southern Indiana,IN,domain,student-media-outlets.csv
hcspire.com,The Spire,67,42.2392391,-71.8079608,College of the Holy Cross,MA,domain,student-media-outlets.csv
thedavidsonian.news,Davidsonian,67,35.5015528,-80.8423248,Davidson College,NC,domain,student-media-outlets.csv
decaturian.com,The Decaturian,67,39.8430777,-88.974894,Millikin University,IL,domain,student-media-outlets.csv
ashland-collegian.com,The Collegian,67,40.8617571,-82.3231533,Ashland University,OH,domain,student-media-outlets.csv
ungvanguard.org,Vanguard,66,34.5277912,-83.9842645,University of North Georgia,GA,domain,student-media-outlets.csv
torchonline.com,The Torch,66,40.7201737,-73.7978908,St. John's University,NY,domain,student-media-outlets.csv
talonmarks.com,Talon Marks,66,33.886564,-118.0991837,Cerritos College,CA,domain,student-media-outlets.csv
themetropolitan.metrostate.edu,https://themetropolitan.metrostate.edu/feed/,66,44.9574512,-93.0745329,Metropolitan State University,MN,domain,student-media-outlets.csv
cuestonian.com,The Cuestonian,65,35.3292499,-120.7400729,Cuesta College,CA,domain,student-media-outlets.csv
esubulletin.com,The Bulletin,65,38.4162018,-96.1792715,Emporia State University,KS,domain,student-media-outlets.csv
reflector-online.com,The Reflector,65,33.4555279,-88.7903868,Mississippi State University,MS,domain,student-media-outlets.csv
thesojourn.online,The Sojourn,65,40.5180214,-85.6625813,Indiana Wesleyan University,IN,domain,student-media-outlets.csv
tejanotribune.com,Tejano Tribune,65,31.886595,-106.438272,El Paso Community College,TX,domain,student-media-outlets.csv
browndailyherald.com,The Brown Daily Herald: Top Stories,65,41.8267718,-71.4025482,Brown University,RI,domain,student-media-outlets.csv
murraystatenews.org,The Murray State News,64,36.616251,-88.3209372,Murray State University,KY,domain,student-media-outlets.csv
thebakerorange.com,The Baker Orange,64,38.7790521,-95.1893687,Baker University,AS,domain,student-media-outlets.csv
northwesternnews.rangerpulse.com,Northwestern News,64,36.7966974,-98.6682949,Northwestern Oklahoma State University,OK,domain,student-media-outlets.csv
belmontvision.com,Belmont Vision,64,36.1329081,-86.7941702,Belmont University,TN,domain,student-media-outlets.csv
newuniversity.org,New University | UC Irvine,64,33.6429785,-117.8411678,University of California-Irvine,CA,domain,student-media-outlets.csv
thelutrinae.com,The Lutrinae,64,36.653712,-121.7989787,California State University-Monterey Bay,CA,domain,student-media-outlets.csv
thesouthernnews.org,Southern News,64,41.3317662,-72.9483416,Southern Connecticut State University,CT,domain,student-media-outlets.csv
bowdoinorient.com,The Bowdoin Orient,64,43.9076929,-69.9639971,Bowdoin College,ME,domain,student-media-outlets.csv
psucollegio.com,The Collegio,63,37.390414,-94.691094,Pittsburg State University,KS,domain,student-media-outlets.csv
theprospectordaily.com,The Prospector,63,31.7731979,-106.5047208,The University of Texas at El Paso,TX,domain,student-media-outlets.csv
digitalcommons.csp.edu,DigitalCommons@CSP,63,44.9490802,-93.156483,Concordia University- St. Paul,MN,domain,student-media-outlets.csv
tsl.news,The Student Life,62,34.1006868,-117.7065073,Claremont McKenna College,CA,domain,student-media-outlets.csv
thecollegiatelive.com,The Collegiate Live,62,42.9668968,-85.6667224,Grand Rapids Community College,MI,domain,student-media-outlets.csv
doaneline.com,Doaneline,62,40.622954,-96.950967,Doane University,NE,domain,student-media-outlets.csv
theallstate.org,The All State,62,36.53498,-87.3548855,Austin Peay State University,TN,domain,student-media-outlets.csv
theonlineclarion.com,The Clarion,61,43.1214364,-89.3285439,Madison Area Technical College,WI,domain,student-media-outlets.csv
ucsdguardian.org,The UCSD Guardian,61,32.881168,-117.2343605,University of California-San Diego,CA,domain,student-media-outlets.csv
hsuoracle.com,HSU Oracle - Marketing IA,60,34.1299174,-93.0602573,Henderson State University,AR,domain,student-media-outlets.csv
thevermilion.net,The Vermilion,60,30.211991,-92.019914,University of Louisiana at Lafayette,LA,domain,student-media-outlets.csv
shuspectrum.com,The Spectrum Newspaper,60,41.220562,-73.2423947,Sacred Heart University,CT,domain,student-media-outlets.csv
washburnreview.org,The Washburn Review,60,39.0334683,-95.7018738,Washburn University,KS,domain,student-media-outlets.csv
bucknellian.net,The Bucknellian,60,40.9547722,-76.8850759,Bucknell University,PA,domain,student-media-outlets.csv
kenyoncollegian.com,The Kenyon Collegian,60,40.376152,-82.3957933,Kenyon College,OH,domain,student-media-outlets.csv
cuindependent.org,CU Independent,59,40.0073499,-105.2659871,University of Colorado-Boulder,CO,domain,student-media-outlets.csv
digitalcommons.lesley.edu,DigitalCommons@Lesley,59,42.3811689,-71.1175668,Lesley University,MA,domain,student-media-outlets.csv
thebcroadrunner.com,THE ROADRUNNER,59,39.6485275,-121.6449417,Butte College,CA,domain,student-media-outlets.csv
theusdvista.com,The USD Vista,59,32.8577324,-117.2054294,University of San Diego,CA,domain,student-media-outlets.csv
fnewsmagazine.com,F Newsmagazine,59,41.8809789,-87.6266205,The School of the Art Institute of Chicago,IL,domain,student-media-outlets.csv
theoakleafnews.com,The Oak Leaf,59,38.4552325,-122.7212677,Santa Rosa Junior College,CA,domain,student-media-outlets.csv
uwfvoyager.com,The Voyager,58,30.5467587,-87.2174369,University of West Florida,FL,domain,student-media-outlets.csv
manshipxgr.org,LSU Manship School Statehouse Bureau,58,30.41579,-91.17735,Louisiana State University and Agricultural & Mechanical College,LA,domain,ccn_nap_master.csv
carolinanewsandreporter.cic.sc.edu,Carolina News and Reporter,58,34.00108525,-81.03375053,University of South Carolina-Columbia,SC,domain,ccn_nap_master.csv
thesimpsonian.com,The Simpsonian,58,41.3660163,-93.562973,Simpson College,IA,domain,student-media-outlets.csv
purchasenews.org,"Student Senate Association, Inc.  PURCHASE PHOENIX",58,41.0470553,-73.700419,SUNY Purchase,NY,domain,student-media-outlets.csv
spectatornews.com,The Spectator,58,44.7957639,-91.5036198,University of Wisconsin-Eau Claire,WI,domain,student-media-outlets.csv
columbianewsservice.com,Columbia News Service,57,40.80816,-73.96365,Columbia University,NY,domain,ccn_nap_master.csv
snuecho.org,The Echo,57,35.5135594,-97.6288124,Southern Nazarene University,OK,override-institution,student-media-outlets.csv
voiceofoc.org,Collegiate News Service,57,33.79346,-117.85027,Chapman University,CA,domain,ccn_nap_master.csv
duclarion.com,The Denver Clarion,57,39.6748442,-104.9652808,University of Denver,CO,domain,student-media-outlets.csv
umassmedia.com,The Mass Media,57,42.3141992,-71.0419953,University of Massachusetts-Boston,MA,domain,student-media-outlets.csv
fitchburgpoint.com,The Point,56,42.5899239,-71.7888684,Fitchburg State University,MA,domain,student-media-outlets.csv
buvoice.com,The Voice,56,41.0081119,-76.4472749,Bloomsburg University,PA,domain,student-media-outlets.csv
makomedia.nova.edu,Mako News,56,26.0791417,-80.2465466,Nova Southeastern University,FL,domain,student-media-outlets.csv
themontclarion.org,The Montclarion,56,40.8657564,-74.1988555,Montclair State University,NJ,domain,student-media-outlets.csv
mainecampus.com,The Maine Campus,56,44.9019885,-68.6680916,University of Maine,ME,domain,student-media-outlets.csv
byuiscroll.org,BYU-Idaho Scroll,56,43.8144643,-111.783255,Brigham Young University-Idaho,ID,domain,student-media-outlets.csv
csbsjurecord.com,The Record,56,45.560123,-94.3217652,College of Saint Benedict and Saint John's University,MN,domain,student-media-outlets.csv
sffoghorn.com,San Francisco Foghorn,55,37.7765643,-122.4507187,University of San Francisco,CA,domain,student-media-outlets.csv
cuatower.com,https://cuatower.com/feed/,55,38.9368811,-76.998692,The Catholic University of America,D.C.,domain,student-media-outlets.csv
thewilkesbeacon.com,The Beacon,55,41.2449585,-75.8883633,Wilkes University,PA,domain,student-media-outlets.csv
augiemirror.news,The Augustana Mirror,55,43.5224294,-96.7393636,Augustana University,SD,domain,student-media-outlets.csv
calvinchimes.org,Calvin University Chimes,55,42.9328287,-85.5815475,Calvin University,MI,domain,student-media-outlets.csv
campustimes.org,Campus Times,54,43.1305531,-77.6260033,University of Rochester,NY,domain,student-media-outlets.csv
fchornetmedia.com,The Hornet,54,33.8758434,-117.9173893,Fullerton College,CA,domain,student-media-outlets.csv
thetowerlight.com,https://thetowerlight.com/feed/,54,39.3919027,-76.6124675,Towson University,MD,domain,student-media-outlets.csv
whitmanwire.com,Whitman Wire,54,46.0708191,-118.3295895,Whitman College,WA,domain,student-media-outlets.csv
mcccagora.com,Agora,54,41.9191093,-83.4678421,Monroe County Community College,MI,domain,student-media-outlets.csv
lance.evangelvalormedia.com,EU Valor Media News,54,37.2214863,-93.264054,Evangel University,MO,domain,student-media-outlets.csv
trinitytripod.com,Trinity Tripod,53,41.7477163,-72.6905038,Trinity College,CT,domain,student-media-outlets.csv
thesuffolkjournal.com,The Suffolk Journal,53,42.3578508,-71.0611037,Suffolk University,MA,domain,student-media-outlets.csv
flyernews.com,Flyer News,53,39.7401454,-84.1790445,University of Dayton,OH,domain,student-media-outlets.csv
retrogradenews.com,The Retrograde,53,32.9859295,-96.7503304,The University of Texas at Dallas,TX,domain,student-media-outlets.csv
oswegonian.com,The Oswegonian,53,43.453756,-76.5459331,SUNY Oswego,NY,domain,student-media-outlets.csv
matctimes360.com,MATC Times,53,43.0435021,-87.9211124,Milwaukee Area Technical College,WI,domain,student-media-outlets.csv
eccunion.com,El Camino College The Union,52,33.8842409,-118.3302549,El Camino College,CA,domain,student-media-outlets.csv
mdcthereporter.com,The Reporter: The Student Newspaper at Miami Dade College,52,25.6754086,-80.3743101,"Miami Dade College - Wolfson Campus, North Campus, and Kendall Campus",FL,domain,student-media-outlets.csv
cedars.cedarville.edu,Cedars,52,39.7495255,-83.8126462,Cedarville University,OH,domain,student-media-outlets.csv
lionsroarnews.com,The Lion's Roar,52,30.5178932,-90.4710715,Southeastern Louisiana University,LA,domain,student-media-outlets.csv
uwpexponent.com,Exponent,52,42.7331994,-90.4878214,University of Wisconsin-Platteville,WI,domain,student-media-outlets.csv
thewheatonrecord.com,The Wheaton Record,52,41.8695424,-88.0969325,Wheaton College,IL,domain,student-media-outlets.csv
thewichitan.com,The Wichitan,52,33.8713843,-98.5224401,Midwestern State University,TX,domain,student-media-outlets.csv
theweeklyringer.com,The Weekly Ringer,52,38.3013039,-77.47447,University of Mary-Washington,VA,domain,student-media-outlets.csv
thesouthend.wayne.edu,www.thesouthend.wayne.edu - RSS Results,52,42.3591388,-83.0665462,Wayne State University,MI,domain,student-media-outlets.csv
noticieromovil.com,Noticiero Movil,52,39.551392,-119.812332,University of Nevada-Reno,NV,domain,ccn_nap_master.csv
theminaretonline.org,https://theminaretonline.org/feed/,52,27.9453715,-82.4659336,University of Tampa,FL,domain,student-media-outlets.csv
the-college-reporter.com,THE COLLEGE REPORTER,52,40.0480017,-76.319749,Franklin & Marshall College,PA,domain,student-media-outlets.csv
thesewaneepurple.org,https://thesewaneepurple.org/feed/,52,35.2050343,-85.9176238,Sewanee: The University of the South,TN,domain,student-media-outlets.csv
chimesnewspaper.com,The Chimes,52,33.9062611,-118.0155533,Biola University,CA,domain,student-media-outlets.csv
themacweekly.com,The Mac Weekly,52,44.9379079,-93.1684804,Macalester College,MN,domain,student-media-outlets.csv
kwustudentmedia.com,KWUStudentMedia,51,38.8135523,-97.609081,Kansas Wesleyan University,KS,domain,student-media-outlets.csv
vanguard.blog.brooklyn.edu,The Brooklyn College Vanguard,51,40.6308935,-73.951458,CUNY Brooklyn College,NY,domain,student-media-outlets.csv
reflector.uindy.edu,The Reflector,51,39.7095769,-86.1346692,University of Indianapolis,IN,domain,student-media-outlets.csv
unfspinnaker.com,UNF Spinnaker,51,30.2661204,-81.5072314,University of North Florida,FL,domain,student-media-outlets.csv
ramaponews.com,The Ramapo News,51,41.081602,-74.1753734,Ramapo College of New Jersey,NJ,domain,student-media-outlets.csv
sacsundial.com,The Sundial,51,29.4457849,-98.4959969,San Antonio College,TX,domain,student-media-outlets.csv
lomabeat.com,The Point,51,32.7177636,-117.2513541,Point Loma Nazarene University,CA,domain,student-media-outlets.csv
sxustudentmedia.com,SXU Student Media,51,41.7090693,-87.7151551,Saint Xavier University,IL,domain,student-media-outlets.csv
ironbladenews.com,Iron Blade,51,36.9264771,-80.0206987,Ferrum College,VA,domain,student-media-outlets.csv
schoolcraftconnection.com,Schoolcraft Connection,50,42.4203969,-83.429228,Schoolcraft College,MI,domain,student-media-outlets.csv
eaglevoice.com,Kirkwood Communiqué,50,41.9109667,-91.6521601,Kirkwood Community College,IA,domain,student-media-outlets.csv
thedepauw.com,The DePauw,50,39.6394252,-86.8634933,DePauw University,IN,domain,student-media-outlets.csv
theoccidentalnews.com,The Occidental,50,34.12736,-118.2104777,Occidental College,CA,domain,student-media-outlets.csv
theglobeggc.net,The Globe GGC,50,33.9802966,-84.0047709,Georgia Gwinnett College,GA,domain,student-media-outlets.csv
ndsmcobserver.com,The Observer,50,41.7069755,-86.2619381,Saint Mary's College,IN,override-institution,student-media-outlets.csv
sonomastatestar.com,Sonoma State Star,50,38.3380036,-122.6763181,Sonoma State University,CA,domain,student-media-outlets.csv
isustudentmedia.com,www.isustudentmedia.com - RSS Results in indianastatesman of type article,50,39.4713985,-87.4082807,Indiana State University,IN,domain,student-media-outlets.csv
cedarfallsnewshub.com,The Cedar Falls News Hub,50,42.5121517,-92.4646469,University of Northern Iowa,IA,override-institution,student-media-outlets.csv
lancasteronline.com,lancasteronline.com - RSS Results in news of type article,50,40.297487,-76.8863947,Harrisburg Area Community College-Lancaster,PA,domain,student-media-outlets.csv
piercemediaarts.com,www.piercemediaarts.com - RSS Results in the_roundup of type article,50,,,,,unresolved,
talon.news,Talon News,50,35.6126232,-97.4697937,Oklahoma Christian University,OK,domain,student-media-outlets.csv
nwmissourinews.com,www.nwmissourinews.com - RSS Results of type article,49,40.3519854,-94.8825243,Northwest Missouri State University,MO,domain,student-media-outlets.csv
thesamfordcrimson.com,The Samford Crimson,49,33.4649218,-86.7913423,Samford University,AL,domain,student-media-outlets.csv
legislativegazette.com,The Legislative Gazette,49,41.73949,-74.08066,State University of New York at New Paltz,NY,domain,ccn_nap_master.csv
roundtable.beloit.edu,The Round Table,49,42.5030333,-89.0309048,Beloit College,WI,domain,student-media-outlets.csv
blueandgoldmc.com,Blue & Gold Media | Mississippi Christian University,49,32.3358902,-90.3305927,Mississippi College,MS,domain,student-media-outlets.csv
hitchcockproject.org,The Hitchcock Project for Visualizing Science,49,39.551392,-119.812332,University of Nevada-Reno,NV,domain,ccn_nap_master.csv
therip.com,The Renegade Rip,49,35.4083127,-118.9716398,Bakersfield College,CA,domain,student-media-outlets.csv
thecollegevoice.org,The College Voice,49,41.3797568,-72.1043429,Connecticut College,CT,domain,student-media-outlets.csv
thepacer.net,The Pacer,49,36.3429724,-88.8643332,University of Tennessee-Martin,TN,domain,student-media-outlets.csv
theonlinerocket.com,The Rocket,49,41.0623618,-80.0395205,Slippery Rock University,PA,domain,student-media-outlets.csv
therambler.org,The Rambler,48,32.7323764,-97.280207,Texas Wesleyan University,TX,domain,student-media-outlets.csv
lcccpawprint.net,The Paw Print,48,40.6647165,-75.6128436,Lehigh Carbon Community College,PA,domain,student-media-outlets.csv
pnwpioneer.com,PNW Pioneer,48,41.5808418,-87.4723763,Purdue University Northwest,IN,domain,student-media-outlets.csv
thesaintaq.com,The Saint,48,42.9606096,-85.6263247,Aquinas College,MI,domain,student-media-outlets.csv
newslab.org,NewsLab,48,41.14825,-81.34849,Kent State University,OH,domain,student-media-outlets.csv
thevisionngu.com,The Vision Online,48,35.0664415,-82.3730904,North Greenville University,SC,domain,student-media-outlets.csv
vtcynic.com,The Vermont Cynic,48,44.4778528,-73.1964637,University of Vermont,VT,domain,student-media-outlets.csv
aum.edu,AUM,47,32.3700064,-86.1777278,Auburn University at Montgomery,AL,domain,student-media-outlets.csv
uvureview.com,UVU REVIEW,47,40.2787626,-111.7153739,Utah Valley University,UT,domain,student-media-outlets.csv
longislandadvocate.com,The Long Island Advocate,47,40.71675,-73.59976,Hofstra University,NY,domain,ccn_nap_master.csv
thestroudcourier.com,https://thestroudcourier.com/feed/,47,40.9974693,-75.1727074,East Stroudsburg University of Pennsylvania,PA,domain,student-media-outlets.csv
weekly.blog.gustavus.edu,The Gustavian Weekly,47,44.323803,-93.9757881,Gustavus Adolphus College,MN,domain,student-media-outlets.csv
thenichollsworth.com,the nicholls worth,47,29.7903032,-90.8028911,Nicholls State University,LA,domain,student-media-outlets.csv
mesapress.com,The Mesa Press,47,32.8049085,-117.1675503,San Diego Mesa College,CA,domain,student-media-outlets.csv
monmouthcollegecourier.org,The Monmouth College Courier,47,40.9121319,-90.6403249,Monmouth College,IL,domain,student-media-outlets.csv
codcourier.org,The Courier,46,41.8411058,-88.0733401,College of DuPage,IL,domain,student-media-outlets.csv
theflorala.com,The Flor-Ala,46,34.8077916,-87.6804051,University of North Alabama,AL,domain,student-media-outlets.csv
elmhurstleader.com,The Leader,46,41.8968173,-87.9471525,Elmhurst University,IL,domain,student-media-outlets.csv
sac.media,SAC Media,46,34.0487487,-117.8421321,Mt. San Antonio College,CA,domain,student-media-outlets.csv
cardinalandcream.info,Cardinal & Cream,46,35.6769772,-88.8602452,Union University,TN,domain,student-media-outlets.csv
oaklandnorth.net,Oakland North,46,37.86948,-122.25929,University of California-Berkeley,CA,domain,ccn_nap_master.csv
thestylus.org,The Stylus,45,43.2104711,-77.9507866,SUNY Brockport,NY,domain,student-media-outlets.csv
hutchcollegian.com,The Hutchinson Collegian,45,38.068019,-97.920531,Hutchinson Community College,KS,domain,student-media-outlets.csv
rhodycigar.com,The Good 5¢ Cigar,45,41.4862328,-71.5306788,University of Rhode Island,RI,domain,student-media-outlets.csv
thecandor.wordpress.com,The Candor,45,41.7784418,-88.0952683,Benedictine University,IL,domain,student-media-outlets.csv
cluecho.com,The Echo,45,34.2256054,-118.8784688,California Lutheran University,CA,domain,student-media-outlets.csv
hamlineoracle.com,The Oracle,45,44.9650421,-93.1644153,Hamline University,MN,domain,student-media-outlets.csv
thebatesstudent.com,The Bates Student,44,44.1057216,-70.2021865,Bates College,ME,domain,student-media-outlets.csv
dvcinquirer.com,The Inquirer,44,37.9686774,-122.0711537,Diablo Valley College,CA,domain,student-media-outlets.csv
thecampusjournal.com,The Campus,44,36.325102,-119.3149754,College of the Sequoias,CA,domain,student-media-outlets.csv
thehilltoponline.com,The Hilltop,44,38.9226843,-77.0194377,Howard University,D.C.,domain,student-media-outlets.csv
newmanvantage.com,The Vantage,44,37.673508,-97.377744,Newman University,KS,domain,student-media-outlets.csv
capitolnewsillinois.com,Medill Illinois News Bureau,44,39.7817,-89.6501,,,override-coords,override (explicit coordinates)
thegreyhound.org,The Greyhound,44,39.3484521,-76.6164636,Loyola University Maryland,MD,domain,student-media-outlets.csv
thescopeboston.org,The Scope,43,42.34042,-71.08859,Northeastern University,MA,domain,ccn_nap_master.csv
sdcitytimes.com,City Times,43,32.7175697,-117.1508543,San Diego City College,CA,domain,student-media-outlets.csv
thesouthtexan.com,The South Texan,43,27.5269111,-97.884787,Texas A&M University-Kingsville,TX,domain,student-media-outlets.csv
asuhornettribune.com,The Hornet Tribune,43,32.3626319,-86.2934411,Alabama State University,AL,domain,student-media-outlets.csv
commonwealthtimes.org,The Commonwealth Times,43,37.5469205,-77.4541645,Virginia Commonwealth University,VA,domain,student-media-outlets.csv
volanteonline.com,The Volante,43,42.7883015,-96.9253381,University of South Dakota,SD,domain,student-media-outlets.csv
gmufourthestate.com,Fourth Estate,42,38.8314578,-77.3117471,George Mason University,VA,domain,student-media-outlets.csv
bachelor.wabash.edu,The Bachelor,42,40.0369332,-86.9066712,Wabash College,IN,domain,student-media-outlets.csv
brackety-ack.com,The Brackety-Ack,42,37.2974467,-80.0552666,Roanoke College,VA,domain,student-media-outlets.csv
augustanaobserver.com,Augustana Observer,42,41.5030042,-90.5513921,Augustana College,IL,domain,student-media-outlets.csv
stocktonargo.com,https://stocktonargo.com/feed/,42,39.4933319,-74.5335077,Stockton University,NJ,domain,student-media-outlets.csv
sbstatesman.com,The Statesman,42,40.9041385,-73.1237618,Stony Brook University,NY,domain,student-media-outlets.csv
lariatnews.com,Lariat,42,33.5542768,-117.6640079,Saddleback College,CA,domain,student-media-outlets.csv
williamsrecord.com,The Williams Record,42,42.7128843,-73.2031395,Williams College,MA,domain,student-media-outlets.csv
thedrewacorn.com,The Drew Acorn,41,40.7602397,-74.4266389,Drew University,NJ,domain,student-media-outlets.csv
concordiensis.com,Concordiensis,41,42.8179321,-73.9294347,Union College,NY,domain,student-media-outlets.csv
augsburgecho.com,The Echo,41,44.9656373,-93.2406448,Augsburg University,MN,domain,student-media-outlets.csv
cardinalpointsonline.com,Cardinal Points,41,44.6876659,-73.4809264,SUNY Plattsburgh,NY,domain,student-media-outlets.csv
psrmemphis.org,Institute for Public Service Reporting – Memphis,41,35.04559,-89.66932,University of Memphis,TN,domain,ccn_nap_master.csv
theionian.org,The Ionian,41,40.9270597,-73.7863494,Iona College,NY,domain,student-media-outlets.csv
ruhighlander.org,The Regis Highlander,41,39.7896087,-105.0302396,Regis University,CO,domain,student-media-outlets.csv
ringtumphi.net,The Ring-tum Phi,41,37.7898776,-79.4458935,Washington and Lee University,VA,domain,student-media-outlets.csv
troubonline.com,https://troubonline.com/feed/,41,40.3777611,-80.6250737,Franciscan University of Steubenville,OH,domain,student-media-outlets.csv
thesilversword.com,Chaminade Silversword,41,21.2900981,-157.8077454,Chaminade University of Honolulu,HI,domain,student-media-outlets.csv
oracle.newpaltz.edu,The New Paltz Oracle,41,41.741615,-74.08292,SUNY New Paltz,NY,domain,student-media-outlets.csv
thescarlet.org,The Scarlet,40,42.2520353,-71.8245381,Clark University,MA,domain,student-media-outlets.csv
sinclairclarion.com,The Clarion,40,39.7572689,-84.1993987,Sinclair Community College,OH,domain,student-media-outlets.csv
reportformn.umn.edu,Legislative Reporting Project,40,44.9753541,-93.2330739,University of Minnesota,MN,override-institution,student-media-outlets.csv
carolinianuncg.com,THE CAROLINIAN,40,36.0689296,-79.8101976,University of North Carolina at Greensboro,NC,domain,student-media-outlets.csv
medium.com,Stories by Outlook Student Press RCC on Medium,40,40.0853189,-75.2287702,Chestnut Hill College,PA,domain,student-media-outlets.csv
lindenlink.com,Lindenlink,40,38.7857311,-90.5022054,Lindenwood University,MO,domain,student-media-outlets.csv
thecarletonian.com,The Carletonian,40,44.4613633,-93.1559742,Carleton College,MN,domain,student-media-outlets.csv
mytjnow.com,My TJ Now,40,34.9394013,-81.031997,Winthrop University,SC,domain,student-media-outlets.csv
thedickinsonian.com,The Dickinsonian,39,40.2027461,-77.2008334,Dickinson College,PA,domain,student-media-outlets.csv
thesandspur.org,The Sandspur,39,28.5927153,-81.3485013,Rollins College,FL,domain,student-media-outlets.csv
thebuclarion.com,The Clarion,39,45.0582445,-93.1621869,Bethel University,MN,override-institution,student-media-outlets.csv
rwuhawksherald.com,The Hawks’ Herald,39,41.6508516,-71.2592083,Roger Williams University,RI,domain,student-media-outlets.csv
themsuspokesman.com,The Spokesman,39,39.3437959,-76.5843847,Morgan State University,MD,domain,student-media-outlets.csv
bcccurrent.com,The Current,39,40.326356,-74.131132,Brookdale Community College,NJ,domain,student-media-outlets.csv
buffstaterecord.com,The Record,39,42.9321225,-78.8836293,SUNY Buffalo State University,NY,domain,student-media-outlets.csv
tntechoracle.com,The Oracle,38,36.1763138,-85.5091086,Tennessee Tech University,TN,domain,student-media-outlets.csv
suunewscom.wpcomstaging.com,SUU News,38,,,,,unresolved,
sanjactimes.com,San Jacinto Times,38,29.6883,-95.1494,,,override-coords,override (explicit coordinates)
richmondconfidential.org,Richmond Confidential,38,37.86948,-122.25929,University of California Berkeley,CA,domain,student-media-outlets.csv
csusmchronicle.com,The Cougar Chronicle,37,33.1298249,-117.1586856,California State University-San Marcos,CA,domain,student-media-outlets.csv
bwexponent.com,The Exponent,37,41.3711165,-81.8478088,Baldwin Wallace University,OH,domain,student-media-outlets.csv
cu-citizenaccess.org,CU-CitizenAccess.org,37,40.0985023,-88.2290783,University of Illinois-Urbana-Champaign,IL,override-institution,student-media-outlets.csv
fsuthevoice.com,https://www.fsuthevoice.com/feed/,37,35.0742206,-78.8924896,Fayetteville State University,NC,domain,student-media-outlets.csv
albionpleiad.com,The Albion College Pleiad Online,37,42.2440064,-84.7451775,Albion College,MI,domain,student-media-outlets.csv
umassdtorch.com,UMass Dartmouth’s Student Newspaper,37,41.6269122,-71.0054336,University of Massachusetts-Dartmouth,MA,domain,student-media-outlets.csv
thelinfieldreview.com,The Linfield Review,37,45.1976558,-123.199904,Linfield University,OR,domain,student-media-outlets.csv
collegian.bethelks.edu,The Bethel Collegian,37,38.0747258,-97.342568,Bethel College,KS,domain,student-media-outlets.csv
bscbengalnews.blogspot.com,Buffalo Review West,36,42.93263688,-78.87883651,Buffalo State University,NY,domain,ccn_nap_master.csv
reporter.rit.edu,Reporter Magazine,36,43.0803647,-77.6707924,Rochester Institute of Technology,NY,domain,student-media-outlets.csv
theimpactnews.com,The Impact,36,41.0222482,-73.8734969,Mercy College,NY,domain,student-media-outlets.csv
thestatetimes.com,The State Times,36,42.4692143,-75.0632511,SUNY Oneonta,NY,domain,student-media-outlets.csv
summitnews.org,The Summit,36,42.0581053,-71.080913,Stonehill College,MA,domain,student-media-outlets.csv
castletonspartan.com,Castleton Spartan,36,43.6067582,-73.1801229,Castleton University,VT,domain,student-media-outlets.csv
ccclarion.com,https://www.ccclarion.com/feed/,36,34.1333259,-117.8851136,Citrus College,CA,domain,student-media-outlets.csv
civiewnews.com,The CI View,36,34.1620556,-119.043463,California State University-Channel Islands,CA,domain,student-media-outlets.csv
nlcnewsregister.com,News-Register,36,32.8718694,-96.9670894,Dallas College - North Lake Campus,TX,domain,student-media-outlets.csv
ncatregister.com,The A&T Register,36,36.0770034,-79.7718199,North Carolina A&T University,NC,domain,student-media-outlets.csv
highlandernews.org,The Highlander Newspaper,36,33.9737055,-117.3280644,University of California-Riverside,CA,domain,student-media-outlets.csv
thecampuslantern.com,The Campus Lantern,35,41.7214436,-72.2177527,Eastern Connecticut State University,CT,domain,student-media-outlets.csv
goldengatexpress.org,Golden Gate Xpress,35,37.7241492,-122.4799405,San Francisco State University,CA,domain,student-media-outlets.csv
mercyhurst.edu,Mercyhurst,35,42.1034771,-80.0531764,Mercyhurst University,PA,domain,student-media-outlets.csv
belmontabbeycollege.edu,Belmont Abbey College,35,35.261177,-81.0445117,Belmont Abbey College,NC,domain,student-media-outlets.csv
thekeystonenews.com,Keystone Newspaper,35,40.5101216,-75.7822057,Kutztown University of Pennsylvania,PA,domain,student-media-outlets.csv
msmuecho.com,The Mountain Echo,35,39.6799914,-77.3486971,Mount St. Mary's University,MD,domain,student-media-outlets.csv
thewatchdogonline.com,The Watchdog,35,47.5843272,-122.1481496,Bellevue College,WA,domain,student-media-outlets.csv
usfencounter.stfrancis.edu,USF Encounter,35,41.5332096,-88.0975858,University of St. Francis,IL,domain,student-media-outlets.csv
thenubianmessage.com,The Nubian Message,35,35.7850744,-78.6812824,North Carolina State University,NC,domain,student-media-outlets.csv
muleskinnernews.com,Muleskinner,35,38.7565603,-93.7405067,University of Central Missouri,MO,domain,student-media-outlets.csv
thecowl.com,The Cowl,34,41.8440047,-71.4347475,Providence College,RI,domain,student-media-outlets.csv
mossylog.org,The Mossy Log,34,45.4485081,-122.6713007,Lewis & Clark College,OR,domain,student-media-outlets.csv
defender.defiance.edu,The Defender,34,41.2963026,-84.3598197,Defiance College,OH,domain,student-media-outlets.csv
blotmagazine.com,Blot,34,39.324358,-82.1013889,Ohio University,OH,override-institution,student-media-outlets.csv
oldwestburycatalyst.org,The Catalyst,34,40.797082,-73.5717581,SUNY Old Westbury,NY,domain,student-media-outlets.csv
uticatangerine.com,The Tangerine,34,43.0949906,-75.2711748,Utica College,NY,domain,student-media-outlets.csv
troubadour.francis.edu,Troubadour,34,40.5037488,-78.6388875,Saint Francis University,PA,domain,student-media-outlets.csv
thesalemite.com,The Salemite,34,36.0875173,-80.2412072,Salem College,NC,domain,student-media-outlets.csv
seattlespectator.com,The Spectator,34,47.6061389,-122.3328481,Seattle University,WA,domain,student-media-outlets.csv
thevalleystarnews.com,Mysite,34,34.1753399,-118.4189817,Los Angeles Valley College,CA,domain,student-media-outlets.csv
iwuargus.com,The Argus,33,40.4908891,-88.9906541,Illinois Wesleyan University,IL,domain,student-media-outlets.csv
bccircuit.com,The Circuit,33,39.5748081,-95.1123761,Benedictine College,KS,domain,student-media-outlets.csv
thecritograph.com,https://thecritograph.com/feed/,33,37.3983158,-79.1811789,University of Lynchburg,VA,domain,student-media-outlets.csv
anchorweb.org,The Anchor Newspaper,33,41.8417288,-71.4627575,Rhode Island College,RI,domain,student-media-outlets.csv
csusignal.com,Signal,33,37.5224547,-120.8581045,California State University-Stanislaus,CA,domain,student-media-outlets.csv
tmn.truman.edu,TMN,33,40.1831629,-92.5809621,Truman State University,MO,domain,student-media-outlets.csv
waltonian.eastern.edu,The Waltonian,32,40.0511897,-75.3712811,Eastern University,PA,domain,student-media-outlets.csv
lavozdeanza.com,La Voz News,32,37.3192806,-122.0447919,De Anza College,CA,domain,student-media-outlets.csv
commentbsu.com,The Comment,32,41.9888434,-70.9662576,Bridgewater State University,MA,domain,student-media-outlets.csv
willamettecollegian.com,The Collegian - Willamette University Student News,32,44.9352335,-123.0307101,Willamette University,OR,domain,student-media-outlets.csv
olafmessenger.com,The Olaf Messenger,32,44.4621325,-93.1840272,St. Olaf College,MN,domain,student-media-outlets.csv
arcurrent.com,The American River Current,32,38.6511479,-121.3467327,American River College,CA,domain,student-media-outlets.csv
alcivia.com,ALCIVIA,32,,,,,unresolved,
unewsonline.com,The University News,32,38.6358876,-90.2341231,Saint Louis University,MO,domain,student-media-outlets.csv
cnuclog.com,The Captain's Log,32,37.0639589,-76.4934475,Christopher Newport University,VA,domain,student-media-outlets.csv
thepatriotpresscf.com,The Patriot Press,32,28.612388,-81.426481,College of Central Florida,FL,domain,student-media-outlets.csv
thedelphian.com,The Delphian,31,40.7200034,-73.6521126,Adelphi University,NY,domain,student-media-outlets.csv
theksusentinel.com,The Sentinel,31,34.0369014,-84.582481,Kennesaw State University,GA,domain,student-media-outlets.csv
westerncarolinian.com,The Western Carolinian,31,35.3090108,-83.1863612,Western Carolina University,NC,domain,student-media-outlets.csv
vutrailblazernews.com,The Trailblazer,31,38.677269,-87.5286325,Vincennes University,IN,domain,student-media-outlets.csv
chathamcommunique.com,Communiqué,31,40.4482032,-79.9242853,Chatham University,PA,domain,student-media-outlets.csv
sjuhawknews.com,The Hawk News,31,39.9951217,-75.2399328,Saint Joseph's University,PA,domain,student-media-outlets.csv
wuft.org,Fresh Take Florida,31,29.6465428,-82.3533266,University of Florida,FL,override-institution,student-media-outlets.csv
claremontindependent.com,ClaremontIndependent,31,34.1042832,-117.7050738,Claremont Pitzer College,CA,domain,student-media-outlets.csv
uws-promethean.com,The Promethean,31,46.7177476,-92.0881522,University of Wisconsin-Superior,WI,domain,student-media-outlets.csv
uisobserver.com,The Observer,30,39.7305338,-89.6176711,University of Illinois-Springfield,IL,domain,student-media-outlets.csv
theweathervane.org,The Weather Vane,30,38.4726203,-78.8773972,Eastern Mennonite University,VA,domain,student-media-outlets.csv
psuvanguard.com,Vanguard,30,45.5111153,-122.6833385,Portland State University,OR,domain,student-media-outlets.csv
muwspectator.com,MUW Spectator,30,33.4912194,-88.4185425,Mississippi University for Women,MS,domain,student-media-outlets.csv
thelasallecollegian.com,The La Salle Collegian,30,40.0390398,-75.1558184,La Salle University,PA,domain,student-media-outlets.csv
winonan.org,The Winonan,30,44.0473997,-91.6432837,Winona State University,MN,domain,student-media-outlets.csv
washtenawvoice.com,The Washtenaw Voice,30,42.2635478,-83.6655359,Washtenaw Community College,MI,domain,student-media-outlets.csv
njstatenews.com,NJ STATE HOUSE NEWS SERVICE,30,40.56784361,-74.42458286,Rutgers University-New Brunswick,NJ,domain,ccn_nap_master.csv
comenian.org,The Comenian,30,40.6310228,-75.3809334,Moravian University,PA,domain,student-media-outlets.csv
patriotnewsonline.com,The Patriot,30,34.1904251,-79.6519849,Francis Marion University,SC,domain,student-media-outlets.csv
mcdanielfreepress.com,The McDaniel Free Press,30,39.5858328,-77.0032158,McDaniel College,MD,domain,student-media-outlets.csv
urcapitalnews.wordpress.com,urcapitalnews,29,37.5736,-77.54002,University of Richmond,VA,domain,ccn_nap_master.csv
theracquet.org,The Racquet Press,29,43.8159885,-91.2311533,University of Wisconsin-La Crosse,WI,domain,student-media-outlets.csv
scstudentmedia.com,The Springfield Student,29,42.1034769,-72.5557675,Springfield College,MA,domain,student-media-outlets.csv
uproarcsu.com,The Uproar,29,32.5023061,-84.9396502,Columbus State University,GA,domain,student-media-outlets.csv
knightnews.com,KnightNews.com,29,28.6024274,-81.2000599,University of Central Florida,FL,domain,student-media-outlets.csv
ipulsenews.com,iPulse News,29,26.384195,-80.1250005,Lynn University,MA,domain,student-media-outlets.csv
eldonnews.org,el Don News,29,33.7579713,-117.888884,Santa Ana College,CA,domain,student-media-outlets.csv
thegccollegian.com,The Collegian,29,36.0710001,-79.8002632,Greensboro College,NC,domain,student-media-outlets.csv
lpcexpressnews.com,The Express,29,37.710488,-121.8001828,Las Positas College,CA,domain,student-media-outlets.csv
thebrowardcollegeobserver.com,BCO Digital Report,28,26.0681177,-80.3943067,Broward College,FL,domain,student-media-outlets.csv
crown.kings.edu,The Crown,28,41.2502745,-75.8794058,King's College,PA,domain,student-media-outlets.csv
lionsprideonline.com,The Lions' Pride Newspaper,28,28.3383111,-82.2572858,Saint Leo University,FL,domain,student-media-outlets.csv
campuschroniclenews.com,The Campus Chronicle,28,41.7483226,-93.6004005,Des Moines Area Community College - Akeny  ,IA,domain,student-media-outlets.csv
horizon.westmont.edu,The Horizon,28,34.4477755,-119.6617118,Westmont College,CA,domain,student-media-outlets.csv
deltanewsservice.com,Delta Digital News Service,28,35.8428473,-90.6770179,Arkansas State University,AR,override-institution,student-media-outlets.csv
lsscangler.com,The Angler,28,28.8271938,-81.7965862,Lake Sumpter State College,FL,domain,student-media-outlets.csv
huntingdon.edu,Huntingdon College,28,32.3505627,-86.2862295,Huntingdon College,AL,domain,student-media-outlets.csv
csc.edu,Chadron State College News,28,42.8201103,-102.9965438,Chadron State College,NE,domain,student-media-outlets.csv
milliganstampede.com,Milligan Stampede,28,36.3010824,-82.2956653,Milligan College,TN,domain,student-media-outlets.csv
thepaladin.news,The Paladin,27,34.9274688,-82.4400666,Furman University,SC,domain,student-media-outlets.csv
advocate.jbu.edu,Threefold Advocate - JBU Student Newspaper,27,36.1905331,-94.5592287,John Brown University,AR,domain,student-media-outlets.csv
scaddistrict.com,District,27,32.0691097,-81.0938141,Savannah College of Art and Design-Savannah,GA,domain,student-media-outlets.csv
uabblazermedia.com,Blazer Media,27,33.502086,-86.8051588,University of Alabama at Birmingham,AL,domain,student-media-outlets.csv
theseahawk.org,The Seahawk,27,34.2222785,-77.8681706,University of North Carolina at Wilmington,NC,domain,student-media-outlets.csv
thefamuanonline.com,The FAMUAN,27,30.4227211,-84.2877093,Florida A&M University,FL,domain,student-media-outlets.csv
caupanther1988.com,The Panther Newspaper,27,33.7515658,-84.4112315,Clark Atlanta University,GA,domain,student-media-outlets.csv
jagmedia.org,Jag Media,27,30.6959406,-88.184236,University of South Alabama,AL,domain,student-media-outlets.csv
elginobserver.com,Observer,27,42.0189376,-88.32055,Elgin Community College,IL,domain,student-media-outlets.csv
thebeacontoday.com,The Beacon Today,27,26.70319,-80.0528845,Palm Beach Atlantic University,FL,domain,student-media-outlets.csv
zunews.com,ZU Media,27,34.1300755,-117.8883593,Azusa Pacific University,CA,domain,student-media-outlets.csv
stkateswheel.org,The Wheel,26,44.9248169,-93.182336,St. Catherine University,MN,domain,student-media-outlets.csv
theblueandgrey.com,The Blue and Grey,26,39.4227353,-77.4186862,Hood College,MD,domain,student-media-outlets.csv
mirrornews.hfcc.edu,Mirror News,26,42.3242969,-83.2376024,Henry Ford College,MI,domain,student-media-outlets.csv
insiderupg.com,The Insider,26,40.2759009,-79.5323904,University of Pittsburgh at Greensburg,PA,domain,student-media-outlets.csv
obusignal.com,The OBU Signal,26,34.1312878,-93.0517521,Ouachita Baptist University,AR,domain,student-media-outlets.csv
kentstatenewslab.org,https://kentstatenewslab.org/feed/,26,41.1438917,-81.3365012,Kent State University,OH,override-institution,student-media-outlets.csv
behrendbeacon.com,The Behrend Beacon,26,42.117,-79.988,,,override-coords,override (explicit coordinates)
piedmontroar.com,The Roar,26,34.5665363,-83.5419975,Piedmont University,GA,domain,student-media-outlets.csv
thebarnardbulletin.com,The Barnard Bulletin,25,40.8095133,-73.9633969,Barnard College,NY,domain,student-media-outlets.csv
snowcollegenews.com,Snow College news,25,39.3612246,-111.5829275,Snow College ,UT,domain,student-media-outlets.csv
thefrontpagefrcc.com,The Front Page,25,40.5227521,-105.0929273,Front Range Community College,CO,domain,student-media-outlets.csv
ccnycampus.org,The Campus Magazine,25,40.8200471,-73.9492724,CUNY City College of New York,NY,domain,student-media-outlets.csv
bucks-news.com,The Centurion,25,40.2390377,-74.967179,Bucks County Community College,PA,domain,student-media-outlets.csv
woffordogb.com,Old Gold & Black,25,34.9590202,-81.9351358,Wofford College,SC,domain,student-media-outlets.csv
peacetimesmedia.com,Peace Times Media,25,35.789481,-78.637391,William Peace University,NC,domain,student-media-outlets.csv
fredonialeader.org,The Leader,25,42.4532293,-79.340738,SUNY Fredonia,NY,domain,student-media-outlets.csv
mcccvoice.org,The College VOICE,25,40.2530834,-74.6515038,Mercer County Community College ,NJ,domain,student-media-outlets.csv
thesuflyer.com,The Flyer,25,38.3462183,-75.6055949,Salisbury University,MD,domain,student-media-outlets.csv
pointparknewsservice.org,Point Park News Service,25,40.43863447,-80.00143929,Point Park University,PA,domain,ccn_nap_master.csv
theindianleader.com,The Indian Leader,24,38.939913,-95.2330438,Haskell Indian Nations University,KS,domain,student-media-outlets.csv
hilltopviewsonline.com,Hilltop Views,24,30.2296915,-97.7537163,St. Edward's University,TX,domain,student-media-outlets.csv
wcwitness.com,Wilmington Witness,24,39.4447895,-83.8181626,Wilmington College,OH,domain,student-media-outlets.csv
thunderword.highline.edu,Thunderword,24,47.3883347,-122.3017666,Highline College,WA,domain,student-media-outlets.csv
thevirginiastatesman.com,The Virginia Statesman,24,37.238379,-77.419818,Virginia State University,VA,domain,student-media-outlets.csv
thetacomaledger.com,The Tacoma Ledger,24,47.2454407,-122.4385162,University of Washington Tacoma,WA,domain,student-media-outlets.csv
bvtack.com,The Tack Online,24,42.6410428,-95.2097352,Buena Vista University,IA,domain,student-media-outlets.csv
stevensonvillager.com,Stevenson Villager,24,39.4105843,-76.7132892,Stevenson University,MD,domain,student-media-outlets.csv
pacechronicle.com,THE PACE CHRONICLE,24,41.1333,-73.7926,Pace University Pleasantville,NY,domain,student-media-outlets.csv
mcadvocate.com,the advocate,24,39.0987977,-77.1582647,Montgomery College,MD,domain,student-media-outlets.csv
ccbcconnection.com,CCBC Connection,24,39.4881748,-76.6564808,Community College of Baltimore County,MD,domain,student-media-outlets.csv
universitychron.com,University Chronicle,23,45.548639,-94.1515367,Saint Cloud State University,MN,domain,student-media-outlets.csv
xtown.la,Crosstown,23,34.01892,-118.2832,University of Southern California,CA,domain,ccn_nap_master.csv
ursinusgrizzly.com,The Grizzly,23,40.1939677,-75.4563232,Ursinus College,PA,domain,student-media-outlets.csv
myclarionnews.wordpress.com,Myclarionnews.com,23,37.8047835,-122.2695869,Lincoln University,MO,domain,student-media-outlets.csv
ccm.edu,County College of Morris (CCM),23,40.8581737,-74.5814491,County College of Morris,NJ,domain,student-media-outlets.csv
brookhavencourier.com,The Brookhaven Courier,23,32.9292511,-96.8500787,Brookhaven College,TX,domain,student-media-outlets.csv
canalsidechronicles.com,Canalside Chronicles,23,,,,,unresolved,
lutherchips.com,News – Luther College Chips,23,43.3147914,-91.8052049,Luther College,IA,domain,student-media-outlets.csv
thehunterenvoy.org,The Envoy,23,40.7678398,-73.9645291,CUNY Hunter College,NY,domain,student-media-outlets.csv
reportingtexas.com,Reporting Texas,23,30.28703,-97.73354,University of Texas at Austin,TX,override-institution,ccn_nap_master.csv
thethielensian.blog,THIELENSIAN,23,,,,,unresolved,
thewoodword.org,The Wood Word,23,41.4347083,-75.6332979,Marywood University,PA,domain,student-media-outlets.csv
statementmga.wpcomstaging.com,https://statementmga.wpcomstaging.com/feed/,22,32.8109077,-83.7326161,Middle Georgia State University,GA,override-institution,student-media-outlets.csv
mvccglacier.com,News – Moraine Valley Community College,22,41.6924106,-87.8393005,Moraine Valley Community College,IL,domain,student-media-outlets.csv
tccconnection.com,The TCC Connection,22,36.1936191,-95.9385369,Tulsa Community College,OK,domain,student-media-outlets.csv
prattleronline.com,The Prattler,22,40.6913844,-73.9629858,Pratt Institute,NY,domain,student-media-outlets.csv
mesquite-news.com,Mesquite-News – Texas A&M University San Antonio,22,29.3042745,-98.5247016,Texas A&M University-San Antonio,TX,domain,student-media-outlets.csv
bunewsservice.com,Boston University News Service,22,42.3504997,-71.1053991,Boston University,MA,override-institution,student-media-outlets.csv
trevechoesonline.com,TrevEchoes Online,22,36.1425256,-86.7532686,Trevecca Nazarene University,TN,domain,student-media-outlets.csv
cougmedia.com,CougMedia,22,39.7125555,-105.0960017,Colorado Christian University,CO,domain,student-media-outlets.csv
thebronxjournal.com,The Bronx Journal,22,40.8728933,-73.8945076,CUNY Lehman College,NY,override-institution,student-media-outlets.csv
burampage.com,The Rampage,22,37.2661675,-81.2384097,Bluefield State University,WV,domain,student-media-outlets.csv
eastfieldnews.com,The Et Cetera,21,32.8140043,-96.6608109,Dallas College - Eastfield Campus,TX,domain,student-media-outlets.csv
thebuc.org,The Buccaneer,21,25.8787587,-80.1969373,Barry University,FL,domain,student-media-outlets.csv
thevalleyvanguard.com,https://thevalleyvanguard.com/feed/,21,43.5142733,-83.9623559,Saginaw Valley State University,MI,domain,student-media-outlets.csv
trojan-times.com,The Trojan Times,21,44.0126125,-97.1103618,Dakota State University,SD,domain,student-media-outlets.csv
campusecho.com,Campus Echo Online,21,35.972982,-78.8962889,North Carolina Central University,NC,domain,student-media-outlets.csv
nycitynewsservice.com,New York City News Service,21,40.7554192,-73.9889219,Newmark Graduate School of Journalism at CUNY,NY,domain,student-media-outlets.csv
sentrynewspaper.com,The Sentry,21,39.7463596,-105.002342,University of Colorado-Denver,CO,domain,student-media-outlets.csv
shawneestatechronicle.com,Chronicle,21,38.7313546,-82.9919621,Shawnee State University,OH,domain,student-media-outlets.csv
youtube.com,DU Media,21,39.67667,-104.9594,University of Denver,CO,domain,ccn_nap_master.csv
kamanaoleeward.com,Ka Mana'o,21,21.3928336,-157.985276,Leeward Community College,HI,domain,student-media-outlets.csv
collegianonline.com,The Collegian,21,34.8725832,-82.3624705,Bob Jones University,SC,domain,student-media-outlets.csv
colbyecho.news,The Colby Echo,21,44.5638691,-69.6626362,Colby College,ME,domain,student-media-outlets.csv
meramecmontage.com,The Montage,21,38.5687591,-90.4206356,Saint Louis Community College-Meramec,MO,domain,student-media-outlets.csv
cpcknightlynews.com,Knightly News | Central Penn College’s Student News Organization,21,40.3049794,-76.9345519,Central Penn College,PA,domain,student-media-outlets.csv
loyolaphoenix.com,The Loyola Phoenix,21,41.88325,-87.6323879,Loyola University Chicago,IL,domain,student-media-outlets.csv
thehuskyherald.com,The Husky Herald,20,47.7584761,-122.190891,University of Washington Bothell,WA,domain,student-media-outlets.csv
kscequinox.com,The Equinox,20,42.9254277,-72.2803457,Keene State College,NH,domain,student-media-outlets.csv
thelewisflyer.com,The Flyer,20,41.6048101,-88.0796259,Lewis University,IL,domain,student-media-outlets.csv
prospectusnews.com,The Prospectus,20,40.1319415,-88.2885819,Parkland College,IL,domain,student-media-outlets.csv
mountobserver.com,The Mount Observer,20,42.5939085,-71.9853297,Mount Wachusett Community College ,MA,domain,student-media-outlets.csv
ocecho.com,The Echo,20,42.4402454,-84.9236035,The University of Olivet,MI,domain,student-media-outlets.csv
gargoyle.flagler.edu,The Flagler College Gargoyle,20,29.8932072,-81.3155866,Flagler College,FL,domain,student-media-outlets.csv
thelcbridge.com,The Bridge,20,38.951806,-90.1944326,Lewis and Clark Community College ,IL,domain,student-media-outlets.csv
thehighlandernews.org,The Highlander,20,41.345915,-75.9709978,Misericordia University,PA,domain,student-media-outlets.csv
thenavigatornews.com,The Navigator,20,39.4168843,-88.380659,Lake Land College,IL,domain,student-media-outlets.csv
theknightnews.com,The Knight News,20,40.736746,-73.8203195,CUNY Queens College,NY,domain,student-media-outlets.csv
crestiad.wordpress.com,News – The Crestiad,20,40.5859377,-75.5196631,Cedar Crest College,PA,domain,student-media-outlets.csv
hwctheherald.com,The Herald at HWC,20,41.8860734,-87.6268475,City Colleges of Chicago-Harold Washington,IL,domain,student-media-outlets.csv
theconcordian.org,The Concordian,20,42.2735517,-83.6827856,Concordia College,MN,domain,student-media-outlets.csv
gracelandbuzz.org,The Graceland Buzz,20,40.6163638,-93.9263079,Graceland University,IA,domain,student-media-outlets.csv
quinnews.com,The Quindecim,20,39.4089561,-76.5926303,Goucher College,MD,domain,student-media-outlets.csv
wildcatwire.culver.edu,Wildcat Wire,20,40.1282758,-91.5313274,Culver-Stockton College,MO,domain,student-media-outlets.csv
websterjournal.com,Webster Journal,20,38.5893479,-90.3439695,Webster University,MO,domain,student-media-outlets.csv
nicsentinel.com,The Sentinel,20,47.6760213,-116.7975299,North Idaho College,ID,domain,student-media-outlets.csv
thepioneeronline.com,The Pioneer,20,37.6560295,-122.0561984,California State University-East Bay,CA,domain,student-media-outlets.csv
theprairienews.com,The Prairie News,20,34.9816909,-101.9160329,West Texas A&M University,TX,domain,student-media-outlets.csv
thepacepress.org,The Pace Press,20,40.7112562,-74.0051758,Pace University,NY,domain,student-media-outlets.csv
iushorizon.com,The Horizon,20,38.3439996,-85.8198577,Indiana University Southeast,IN,domain,student-media-outlets.csv
anchor.hope.edu,Anchor,20,42.7875308,-86.1026663,Hope College,MI,domain,student-media-outlets.csv
asupawprint.wixsite.com,ThePawPrint,20,37.4742771,-105.8798507,Adams State University,CO,domain,student-media-outlets.csv
bannernews.org,Banner News,20,41.5995632,-93.6275569,Des Moines Area Community College - Boone ,IA,domain,student-media-outlets.csv
caspercollegechinook.com,Casper College Chinook,20,42.8314269,-106.3253118,Casper College,WY,domain,student-media-outlets.csv
bmcbeacon.com,bmcbeacon,20,34.6721036,-89.0293182,Blue Mountain College,MS,domain,student-media-outlets.csv
unethebolt.com,The Bolt,20,43.9653889,-70.8226541,University of New England,ME,domain,student-media-outlets.csv
umlconnector.com,The Connector,20,42.6552587,-71.3247164,University of Massachusetts-Lowell,MA,domain,student-media-outlets.csv
unlvscarletandgray.com,UNLV Scarlet and Gray,20,36.107496,-115.1435252,University of Nevada-Las Vegas,NV,domain,student-media-outlets.csv
cuchimes.com,The Chimes,20,39.9551049,-82.9375379,Capital University,OH,domain,student-media-outlets.csv
thescenefp.com,The Scene,20,38.6290512,-90.2787956,Saint Louis Community College-Forest Park,MO,domain,student-media-outlets.csv
westtexastribune.org,West Texas Tribune,20,32.47028678,-99.70737194,Abilene Christian University,TX,domain,student-media-outlets.csv
theuiucollegian.tumblr.com,The UIU Collegian,20,42.841022,-91.799848,Upper Iowa University,IA,domain,student-media-outlets.csv
thebridgestudentnews.com,The Bridge News,20,27.5718315,-99.4350371,Texas A&M International University,TX,domain,student-media-outlets.csv
cychron.cypresscollege.edu,"The Cypress Chronicle – A First Amendment Publication in Cypress, California",20,33.8280483,-118.0239221,Cypress College,CA,domain,student-media-outlets.csv
the-new-englander.com,The New Englander eNewspaper,20,43.1778442,-71.8214393,New England College,NH,domain,student-media-outlets.csv
eagleview.news.blog,Eagle View Blog & Community Media,20,36.358598,-94.172471,Northwest Arkansas Community College,AR,domain,student-media-outlets.csv
thevarsitynews.net,University of Detroit Mercy (VN),20,42.4142367,-83.1377466,University of Detroit Mercy,MI,domain,student-media-outlets.csv
visionsnewspaper.com,Visions,20,40.917911,-74.1687677,Passaic County Community College,NJ,domain,student-media-outlets.csv
tommiemedia.com,TommieMedia,20,44.943096,-93.1897082,University of St. Thomas,MN,domain,student-media-outlets.csv
coyotechronicle.net,REAL NEWS BY REAL STUDENTS,20,34.1815133,-117.3229136,California State University-San Bernardino,CA,domain,student-media-outlets.csv
cwuobserver.com,The Observer,19,47.0073154,-120.5362805,Central Washington University,WA,domain,student-media-outlets.csv
richmondregister.com,www.easternprogress.com - RSS Results,19,,,,,unresolved,
thewesternerwne.com,The Westerner,19,42.116076,-72.5198801,Western New England University,MA,domain,student-media-outlets.csv
kutower.com,THE TOWER,19,40.6801659,-74.23311,Kean University,NJ,domain,student-media-outlets.csv
scadconnector.com,The Connector,19,33.7501275,-84.3885209,Savannah College of Art and Design-Atlanta,GA,domain,student-media-outlets.csv
bcvoice.org,BCVoice,19,38.3789125,-78.969416,Bridgewater College,VA,domain,student-media-outlets.csv
theappalachianonline.com,The Appalachian,19,36.2135628,-81.6843218,Appalachian State University,NC,domain,student-media-outlets.csv
harbinger.media,The Harbinger,19,42.0811966,-88.0720073,Harper College,IL,domain,student-media-outlets.csv
hccegalitarian.com,The Egalitarian,19,29.7443,-95.3841,,,override-coords,override (explicit coordinates)
neiuindependent.org,NEIU Independent,19,41.9794789,-87.7188527,Northeastern Illinois University,IL,domain,student-media-outlets.csv
wou.edu,Western Oregon University,19,44.8538061,-123.2405476,Western Oregon University,OR,domain,student-media-outlets.csv
thetrumpetwlu.org,The Trumpet,18,40.169794,-80.5936851,West Liberty University,WV,domain,student-media-outlets.csv
thebannercsi.com,The Banner Newspaper,18,40.6021807,-74.1503811,CUNY College of Staten Island,NY,domain,student-media-outlets.csv
themonitormmc.com,The Monitor,18,40.7687419,-73.9597198,Marymount Manhattan College,NY,domain,student-media-outlets.csv
marcolian.com,https://www.marcolian.com/?feed=rss2,18,39.4167881,-81.4492565,Marietta College,OH,domain,student-media-outlets.csv
elvaq.com,El Vaquero,18,34.16636,-118.2281216,Glendale Community College,CA,domain,student-media-outlets.csv
vikingfusion.com,Viking Fusion,18,34.2888488,-85.1873397,Berry College,GA,domain,student-media-outlets.csv
templelogancenter.org,Logan Center for Urban Investigative Reporting,18,39.9811911,-75.1553563,Temple University,PA,override-institution,student-media-outlets.csv
ducourtbouillon.com,Courtbouillon,18,29.9971246,-90.0615857,Dillard University,LA,domain,student-media-outlets.csv
theasburycollegian.com,News – The Asbury Collegian,18,37.8641922,-84.6657662,Asbury University,KY,domain,student-media-outlets.csv
qumedia.net,QUTV,17,39.9405844,-91.3854387,Quincy University,IL,domain,student-media-outlets.csv
arapahoenews.com,The Arapahoe Pinnacle,17,39.6080683,-105.0188452,Arapahoe Community College,CO,domain,student-media-outlets.csv
columnsfairmontstate.com,The Columns,17,39.4857867,-80.1630335,Fairmont State University,WV,domain,student-media-outlets.csv
thechronicleclc.com,The Chronicle,17,42.354675,-88.0120506,College of Lake County,IL,domain,student-media-outlets.csv
thehornetonline.com,The Hornet Newspaper,17,39.1859284,-75.543368,Delaware State University,DE,domain,student-media-outlets.csv
everettclipper.com,The Clipper,17,48.0065975,-122.2047418,Everett Community College,WA,domain,student-media-outlets.csv
supicket.com,https://supicket.com/feed/,17,39.4338148,-77.8044392,Shepherd University,WV,domain,student-media-outlets.csv
insight.daemen.edu,News – The Insight,17,42.9656439,-78.7889211,Daemen College,NY,domain,student-media-outlets.csv
hccollegian.net,The Hastings College Collegian,17,40.5906705,-98.3745939,Hastings College,NE,domain,student-media-outlets.csv
deltacollegiate.org,Delta Collegiate,17,43.5590084,-83.9858873,Delta College,FL,domain,student-media-outlets.csv
cairn.edu,Cairn University,17,40.1667208,-74.9069734,Cairn University,PA,override-institution,student-media-outlets.csv
suunews.net,SUU News,17,37.6775,-113.0619,,,override-coords,override (explicit coordinates)
borderzine.com,Borderzine,17,31.75916,-106.48749,The University of Texas at El Paso,TX,domain,ccn_nap_master.csv
news7newslinc.net,NewsLINC - Latest News,17,,,,,unresolved,
pimapost.com,Pima Post,17,32.3435478,-111.0272835,Pima Community College,AZ,domain,student-media-outlets.csv
gleaner.rutgers.edu,The Gleaner,16,39.9484052,-75.1217367,Rutgers-Camden,NJ,domain,student-media-outlets.csv
thetritonreview.com,The Triton Review,16,47.8163839,-122.3266396,Edmonds Community College,WA,domain,student-media-outlets.csv
blogs.adams.edu,The Paw Print,16,37.4742771,-105.8798507,Adams State University,CO,domain,student-media-outlets.csv
urbanvibenews.com,| Urban Vibe,16,41.5995632,-93.6275569,Des Moines Area Community College - Urban,IA,domain,student-media-outlets.csv
thepatriottalon.com,The Patriot Talon,16,32.3150044,-95.2519974,The University of Texas at Tyler,TX,domain,student-media-outlets.csv
thecbctower.com,https://www.thecbctower.com/feed/,16,35.0832302,-92.4450092,Central Baptist College,AR,domain,student-media-outlets.csv
wsuvoice.com,The Westfield Voice,16,42.1314735,-72.7944544,Westfield State University,MA,domain,student-media-outlets.csv
basementmedicine.org,Basement Medicine,16,44.5588028,-72.5778415,Northern Vermont University - Johnson,VT,domain,student-media-outlets.csv
wpitechnews.com,WPI Tech News,16,42.2740527,-71.8080033,Worcester Polytechnic Institute,MA,domain,student-media-outlets.csv
gc3media.net,GC3 MEDIA,15,37.970798,-100.849507,Garden City Community College,KS,domain,student-media-outlets.csv
theclackamasprint.net,The Clackamas Print,15,45.3222346,-122.5751404,Clackamas Community College,OR,domain,student-media-outlets.csv
northernreview.org,Northern Review,15,40.7656634,-83.8328479,Ohio Northern University,OH,domain,student-media-outlets.csv
lakevoicenews.org,LakeVoice - Medium,15,46.8195917,-92.0831108,University of Minnesota-Duluth,MN,override-institution,student-media-outlets.csv
ncclinked.com,NCClinked,15,41.7722717,-88.1439455,North Central College,IL,domain,student-media-outlets.csv
simmonsvoice.com,The Simmons Voice,15,42.339063,-71.1004376,Simmons University,MA,domain,student-media-outlets.csv
lhueagleeye.com,The Eagle Eye,15,41.1412851,-77.4622131,Lock Haven University,PA,domain,student-media-outlets.csv
jalcvol.com,The Volunteer,15,37.7484016,-89.0911838,John A. Logan College ,IL,domain,student-media-outlets.csv
ucpatriotnews.com,The Patriot,15,36.7371437,-84.1623839,University of the Cumberlands,KY,domain,student-media-outlets.csv
thesophian.com,THE SOPHIAN,15,42.3162992,-72.6403095,Smith College,MA,domain,student-media-outlets.csv
dailytarheel.com,The Daily Tar Heel,15,35.9049122,-79.0469134,University of North Carolina at Chapel Hill,NC,domain,student-media-outlets.csv
lcctorch.com,https://lcctorch.com/feed/,15,44.0089824,-123.034753,Lane Community College,OR,domain,student-media-outlets.csv
bergentorch.org,The Torch,15,40.9508752,-74.0881824,Bergen Community College,NJ,domain,student-media-outlets.csv
rusentinel.com,The Sentinel,14,39.0303478,-94.5710674,Rockhurst University,MO,domain,student-media-outlets.csv
scribe.uccs.edu,The Scribe,14,38.8928151,-104.8007996,University of Colorado-Colorado Springs,CO,domain,student-media-outlets.csv
rutartan.com,the Tartan,14,37.1382597,-80.5506161,Radford University,VA,domain,student-media-outlets.csv
gwu-today.com,GWU-Today,14,35.2475249,-81.6706979,Gardner Webb University,NC,domain,student-media-outlets.csv
oruoracle.com,The Oracle,14,36.0508093,-95.9528284,Oral Roberts University,OK,domain,student-media-outlets.csv
commuterncc.com,My Site,14,40.6724332,-75.3257474,Northampton Community College,PA,domain,student-media-outlets.csv
thechartonline.com,The Chart,14,37.0959022,-94.4607637,Missouri Southern State University,MO,domain,student-media-outlets.csv
newschoolfreepress.com,The New School Free Press,14,40.7354925,-73.9971361,The New School,NY,domain,student-media-outlets.csv
komu.com,www.komu.com - RSS Results of type article with keyword(s) of #topstory,14,38.94053098,-92.32752293,University of Missouri-Columbia,MO,domain,ccn_nap_master.csv
pavementpieces.com,Pavement Pieces,14,40.88981955,-74.0145012,New York University,NY,domain,ccn_nap_master.csv
redhawkpost.com,The Redhawk Post,14,40.5684406,-80.0143294,La Roche University,PA,domain,student-media-outlets.csv
theknoxstudent.org,The Knox Student,14,40.9416992,-90.3721309,Knox College,IL,domain,student-media-outlets.csv
stmurattlernew.com,Page not found – The Rattler Online,13,29.4522978,-98.5646836,St. Mary's University,TX,override-institution,student-media-outlets.csv
plymouth.edu,The Clock,13,43.7614453,-71.6891605,Plymouth State University,NH,domain,student-media-outlets.csv
maryvillepawprint.com,Maryville Pawprint,13,38.6461821,-90.5036535,Maryville University,MO,domain,student-media-outlets.csv
gcsummit.com,The Summit,13,32.8155,-116.956,,,override-coords,override (explicit coordinates)
cityonahillpress.com,City on a Hill Press,13,36.9905322,-122.0584354,University of California-Santa Cruz,CA,domain,student-media-outlets.csv
guilfordian.com,The Guilfordian,13,36.0918026,-79.8872571,Guilford College,NC,domain,student-media-outlets.csv
philadelphianeighborhoods.com,Philadelphia Neighborhoods,13,39.9811911,-75.1553563,Temple University,PA,override-institution,student-media-outlets.csv
averettstudentnews.org,The Chanticleer,13,36.5793099,-79.4142589,Averett University,VA,domain,student-media-outlets.csv
stoutonia.com,Stoutonia,13,44.8721627,-91.9268416,University of Wisconsin-Stout,WI,domain,student-media-outlets.csv
thegrcurrent.com,The Current,13,47.3131581,-122.1785746,Green River College,WA,domain,student-media-outlets.csv
tccjtsu.com,Texas Center For Community Journalism,13,32.21451,-98.21452,Tarleton State University,TX,domain,ccn_nap_master.csv
270stories.mymurraystate.com,270 Stories,13,36.61642751,-88.32052951,Murray State University,KY,domain,ccn_nap_master.csv
bhsumedia.com,BHSU Media,13,44.4993591,-103.8722763,Black Hills State University,SD,domain,student-media-outlets.csv
ksuthorobrednews.org,Thorobred News,13,38.1999772,-84.8565381,Kentucky State University,KY,domain,student-media-outlets.csv
lbcommuter.com,The Commuter,13,44.5863104,-123.113914,Linn-Benton Community College,OR,domain,student-media-outlets.csv
swcsun.org,SWC The Sun Newspaper,13,32.6400996,-116.9978233,Southwestern College,CA,domain,student-media-outlets.csv
csudhbulletin.com,The Bulletin,13,33.8624581,-118.2544108,California State University-Dominguez Hills,CA,domain,student-media-outlets.csv
andersonian.com,The Andersonian,13,34.5146119,-82.6394798,Anderson University,SC,domain,student-media-outlets.csv
theredlandsbulldog.com,https://theredlandsbulldog.com/index.php/feed/,13,34.0627062,-117.1632608,University of Redlands,CA,domain,student-media-outlets.csv
spectator.mcpherson.edu,The Spectator,13,38.3721279,-97.642027,McPherson College,KS,domain,student-media-outlets.csv
pikespeakpaper.org,The Echo,13,38.7642369,-104.788468,Pikes Peak State College,CO,domain,student-media-outlets.csv
thecampustimes.com,The Campus Times,12,37.3430682,-85.3495885,Campbellsville University,KY,domain,student-media-outlets.csv
uwbrandingiron.com,Branding Iron,12,41.3147175,-105.5690288,University of Wyoming,WY,domain,student-media-outlets.csv
crimson.fit.edu,www.crimson.fit.edu - RSS Results,12,28.0639632,-80.621455,Florida Institute of Technology,FL,domain,student-media-outlets.csv
johnjaysentinel.com,The Sentinel,12,40.7707237,-73.9892342,CUNY John Jay College of Criminal Justice,NY,domain,student-media-outlets.csv
chicagotalks.colum.edu,ChicagoTalks,12,41.8742327,-87.6248338,Columbia College Chicago,IL,override-institution,student-media-outlets.csv
trail.pugetsound.edu,The Trail,12,47.2617495,-122.4814442,University of Puget Sound,WA,domain,student-media-outlets.csv
thecurrent-online.net,The Current,12,38.7038727,-90.305756,University of Missouri-St. Louis,MO,domain,student-media-outlets.csv
pioneerpress.online,The Pioneer Press,12,,,,,unresolved,
thepointeruwsp.com,The Pointer,12,44.5294491,-89.5713776,University of Wisconsin-Stevens Point,WI,domain,student-media-outlets.csv
crusadernews.com,Crusader News,12,37.0592889,-100.9190636,Seward County Community College,KS,domain,student-media-outlets.csv
njitvector.com,The Vector,12,40.7424259,-74.1784006,New Jersey Institute of Technology,NJ,domain,student-media-outlets.csv
holmescc.edu,Holmes Community College,12,32.9691105,-89.9121229,Holmes Community College,MS,domain,student-media-outlets.csv
hilltopmonitor.jewell.edu,The Hilltop Monitor,12,39.2480581,-94.4115465,William Jewell College,MO,domain,student-media-outlets.csv
stylusonline.org,Stylus,12,39.191576,-94.6755573,Park University,MO,domain,student-media-outlets.csv
ecorsair.pensacolastate.edu,eCorsair,12,30.4827432,-87.2021504,Pensacola State College,FL,domain,student-media-outlets.csv
arnoltcenter.org,Arnolt Center for Investigative Journalism,12,39.166386,-86.526871,Indiana University-Bloomington,IN,domain,ccn_nap_master.csv
xavierherald.com,The Xavier Herald,12,29.9632276,-90.1061626,Xavier University of Louisiana,LA,domain,student-media-outlets.csv
daytonastateinmotion.com,Daytona State In Motion,12,29.2016844,-81.0492842,Daytona State College,FL,domain,student-media-outlets.csv
riponmedia.com,Ripon Media,12,43.8440322,-88.8423614,Ripon College,WI,domain,student-media-outlets.csv
universe.byu.edu,Home,11,40.2518435,-111.6493156,Brigham Young University,UT,domain,student-media-outlets.csv
pacindex.com,Pacific Index,11,45.5243174,-123.1103252,Pacific University,OR,domain,student-media-outlets.csv
mustangbuzz.net,The Mustang Buzz,11,44.4561597,-95.759877,Southwest Minnesota State University,MN,domain,student-media-outlets.csv
wordpress.morningside.edu,The Collegian Reporter,11,42.4731744,-96.3584236,Morningside College,IA,domain,student-media-outlets.csv
norwichguidon.org,The Guidon,11,44.1387642,-72.6615774,Norwich University,VT,domain,student-media-outlets.csv
pscpioneer.com,The Pioneer,11,41.5273773,-87.6384429,Prairie State College,IL,domain,student-media-outlets.csv
piedmontforum.com,The Forum,11,36.431842,-78.980434,Piedmont Community College,NC,domain,student-media-outlets.csv
jaguarstudentmedia.org,Jaguar Student Media,11,41.4483962,-87.7161863,Governors State University,IL,domain,student-media-outlets.csv
topotheworld.org,Top o’ The World,11,38.547862,-106.9179434,Western Colorado University,CO,domain,student-media-outlets.csv
uptownexchange.wordpress.com,The UPTOWN EXCHANGE,11,41.9645334,-87.6590087,City Colleges of Chicago-Harry S. Truman,IL,domain,student-media-outlets.csv
setonianonline.com,https://setonianonline.com/feed/,11,40.3089241,-79.555889,Seton Hill University,PA,domain,student-media-outlets.csv
siskiyou.sou.edu,The Siskiyou,11,42.1854223,-122.6938211,Southern Oregon University,OR,domain,student-media-outlets.csv
themuddraker.org,The Muddraker,11,34.1060906,-117.7086431,Claremont Harvey Mudd College,CA,domain,student-media-outlets.csv
thebroadsideonline.com,The Broadside,11,44.0676288,-121.3470916,Central Oregon Community College,OR,domain,student-media-outlets.csv
civilbeat.org,UH Beat Archives - Honolulu Civil Beat,11,21.29938,-157.82016,University of Hawaii at Manoa,HI,domain,ccn_nap_master.csv
muhlenbergweekly.com,The Muhlenberg Weekly,11,40.5981933,-75.5081076,Muhlenberg College,PA,domain,student-media-outlets.csv
seahawksquawk.com,The Squawk,11,39.6410008,-75.9565297,Cecil College,MD,domain,student-media-outlets.csv
marlinchronicle.batten.edu,The Marlin Chronicle,11,36.8674624,-76.1866644,Virginia Wesleyan University,VA,domain,student-media-outlets.csv
pulse.messiah.edu,The Pulse,11,40.157528,-76.9873898,Messiah University,PA,domain,student-media-outlets.csv
earlhamword.com,Earlham Word,11,39.823941,-84.913241,Earlham College,IN,domain,student-media-outlets.csv
thealmagest.org,Almagest at LSUS,11,32.4284824,-93.7034604,Louisiana State University Shreveport,LA,domain,student-media-outlets.csv
retriever.umbc.edu,The Retriever,11,39.2892118,-76.6236815,"University of Maryland, Baltimore County",MD,domain,student-media-outlets.csv
thebreezepaper.com,The Breeze,10,34.1467226,-117.5708601,Chaffey College,CA,domain,student-media-outlets.csv
msuexponent.com,www.msuexponent.com - RSS Results,10,45.6673524,-111.0546211,Montana State University,MT,domain,student-media-outlets.csv
gccnewcourier.com,The New Courier,10,43.0169369,-78.1378683,SUNY Genesee Community College,NY,domain,student-media-outlets.csv
enmuthechaseonline.com,ENMU The Chase Online,10,34.1775401,-103.3477839,Eastern New Mexico University,NM,domain,student-media-outlets.csv
clarkcommunityjournalism.wordpress.com,Urban Community Journalism Class Blog,10,42.25220601,-71.82410895,Clark University,MA,domain,ccn_nap_master.csv
belltower.mtaloy.edu,The Belltower,10,40.4595885,-78.603312,Mount Aloysius College,PA,domain,student-media-outlets.csv
stillmannews.wordpress.com,The Advance,10,33.1982647,-87.5859218,Stillman College,AL,domain,student-media-outlets.csv
statesmenstatus.wordpress.com,The Statesmen Status,10,41.3087995,-92.647186,William Penn University,IA,domain,student-media-outlets.csv
communitywire.miami,CommunityWire.Miami,10,,,,,unresolved,
index.kzoo.edu,The Index,10,42.290035,-85.598145,Kalamazoo College,MI,domain,student-media-outlets.csv
thelamponline.com,The Lamp,10,39.7203511,-89.6120151,Lincoln Land Community College,IL,domain,student-media-outlets.csv
whatcomhorizon.com,The Horizon,10,48.7956436,-122.4927896,Whatcom Community College,WA,domain,student-media-outlets.csv
hcctimes.org,The HCC Times,10,39.2124763,-76.8783768,Howard Community College,MD,domain,student-media-outlets.csv
haverfordclerk.com,The Clerk,10,40.0089613,-75.3047747,Haverford College,PA,domain,student-media-outlets.csv
gracesoundingboard.wordpress.com,The Sounding Board,10,41.226354,-85.8178681,Grace College,IN,domain,student-media-outlets.csv
oxfordobserver.org,Oxford Observer,10,39.50949,-84.73391,Miami University-Ohio,OH,domain,ccn_nap_master.csv
twulasso.com,The Lasso,10,33.2272211,-97.127052,Texas Woman's University,TX,domain,student-media-outlets.csv
pittnews.com,The Pitt News,10,40.4444842,-79.9612831,University of Pittsburgh,PA,domain,student-media-outlets.csv
ctcommunitynews.org,CT Community News,10,41.06123288,-73.48754886,University of Connecticut,CT,domain,ccn_nap_master.csv
thetrailblazeronline.net,www.thetrailblazeronline.net - RSS Results,10,38.18943,-83.4310035,Morehead State University,KY,domain,student-media-outlets.csv
vsuspectator.com,The Spectator,10,30.8491088,-83.2892073,Valdosta State University,GA,domain,student-media-outlets.csv
thecommuter.org,https://thecommuter.org/feed/,10,39.4516656,-77.418018,Frederick Community College,MD,domain,student-media-outlets.csv
orangemedianetwork.com,Orange Media Network,10,44.5618097,-123.2822671,Oregon State University,OR,override-institution,student-media-outlets.csv
ntcceagleonline.com,The Eagle,10,33.1045694,-94.8807873,Northeast Texas Community College,TX,domain,student-media-outlets.csv
pvpanther.com,Prarie View A&M (pvpanther),10,30.0954974,-95.9907076,Prairie View A&M University,TX,domain,student-media-outlets.csv
whitetopper.weebly.com,THE WHITETOPPER - News,10,36.7725202,-81.8292496,Emory & Henry College,VA,domain,student-media-outlets.csv
criernewsroom.com,The Saint Anselm Crier,10,42.9846853,-71.5060271,St. Anselm College,NH,domain,student-media-outlets.csv
penmenpress.com,Penmen Press,10,43.0382166,-71.4493554,Southern New Hampshire University,NH,domain,student-media-outlets.csv
coopersquared.com,Cooper Squared,10,40.88981955,-74.0145012,New York University,NY,domain,student-media-outlets.csv
citynewsroomcjs.com,City Newsroom,10,,,,,unresolved,
rutorch.wordpress.com,The Torch,10,41.8760026,-87.6251806,Roosevelt University,IL,domain,student-media-outlets.csv
thehillnews.org,The Hill News,10,44.5892119,-75.1608814,St. Lawrence University,NY,domain,student-media-outlets.csv
usjnewsnest.com,USJ News Nest,10,41.7819528,-72.7305002,University of Saint Joseph,CT,domain,student-media-outlets.csv
rutgersobserver.wordpress.com,https://rutgersobserver.wordpress.com/feed/,10,40.739586,-74.1736908,Rutgers University-Newark,NJ,domain,student-media-outlets.csv
defender.smcvt.edu,The Defender,10,44.49598,-73.163743,Saint Michael's College,VT,domain,student-media-outlets.csv
nvulyndoncritic.com,The Critic,10,44.5453088,-72.0000723,Northern Vermont University - Lyndon,VT,domain,student-media-outlets.csv
nittanypride.wordpress.com,The Nittany Pride,10,40.5697892,-79.7647705,Penn State New Kensington,PA,domain,student-media-outlets.csv
whetstone.victorgreto.art,Whetstone,10,39.163227,-75.527717,Wesley College,DE,domain,student-media-outlets.csv
wcsuecho.org,The Echo of WestConn,10,41.4004202,-73.4443811,Western Connecticut State University,CT,domain,student-media-outlets.csv
wgcu.org,Democracy Watch,10,26.46234,-81.77632,Florida Gulf Coast University,FL,name,ccn_nap_master.csv
spectator.cuchicago.edu,The Spectator,10,41.899594,-87.809547,Concordia University Chicago,IL,domain,student-media-outlets.csv
oaktonoccurrence.com,Occurrence,10,42.0633881,-87.8802226,Oakton Community College,IL,domain,student-media-outlets.csv
bryantriangle.com,The Triangle,10,35.4987044,-84.9983812,Bryan College,TN,domain,student-media-outlets.csv
sites.austincc.edu,ACCENT,10,30.2150835,-97.7964636,Austin Community College,TX,domain,student-media-outlets.csv
sites.jsums.edu,The Blue & White Flash,10,32.2968882,-90.2063989,Jackson State University,MS,domain,student-media-outlets.csv
sites.miamioh.edu,Miami Regionals Pulse News,10,25.810681,-80.2669641,Miami Regional University ,FL,domain,student-media-outlets.csv
sites.psu.edu,The Roar,10,40.678811,-80.2963765,Penn State Beaver,PA,domain,student-media-outlets.csv
sixmilepost.com,Six Mile Post,10,34.1697568,-85.2074433,Georgia Highlands College,GA,domain,student-media-outlets.csv
smcmpointnews.wordpress.com,The Point News,10,38.1885119,-76.426275,St. Mary's College of Maryland,MD,domain,student-media-outlets.csv
langstongazette.com,The Gazette,10,35.9459228,-97.2629209,Langston University,OK,domain,student-media-outlets.csv
lumen.viterbo.edu,Lumen,10,43.8021218,-91.2451143,Viterbo University,WI,domain,student-media-outlets.csv
buchtelite.com,The Buchtelite,10,41.0753688,-81.5123424,The University of Akron,OH,domain,student-media-outlets.csv
bonfire.digital.uic.edu,https://bonfire.digital.uic.edu/feed/,10,41.8686034,-87.6484377,University of Illinois-Chicago,IL,domain,student-media-outlets.csv
bethelclarion.com,BethelClarion.Com,10,45.0582445,-93.1621869,Bethel University,MN,domain,student-media-outlets.csv
thethielensian.wordpress.com,THIELENSIAN,10,41.4119742,-80.3839179,Thiel College,PA,domain,student-media-outlets.csv
blogs.jccc.edu,Teaching & Learning,10,38.9237863,-94.7306238,Johnson County Community College,KS,domain,student-media-outlets.csv
75.2.70.176,Chadron State College News,10,42.8201103,-102.9965438,Chadron State College,NE,override-institution,student-media-outlets.csv
archesnews.com,MMU Arches,10,43.072484,-88.0308616,Mount Mary University,WI,domain,student-media-outlets.csv
blogs.farmingdale.edu,The Dale News,10,40.7529167,-73.4266988,SUNY Farmingdale State College,NY,domain,student-media-outlets.csv
wuforummedia.com,The Forum,10,41.119859,-80.332286,Westminster College,PA,domain,student-media-outlets.csv
observer.necc.mass.edu,NECC Observer,10,42.7967355,-71.0490114,Northern Essex Community College,MA,domain,student-media-outlets.csv
warhawknews.calhoun.edu,Warhawk News,10,34.6472597,-86.9500639,Calhoun Community College,AL,domain,student-media-outlets.csv
owutranscript.com,The Transcript,10,40.2965764,-83.0710078,Ohio Wesleyan University,OH,domain,student-media-outlets.csv
deltacollegian.net,The Collegian,10,37.9953671,-121.3195528,San Joaquin Delta College,CA,domain,student-media-outlets.csv
ecc-cornerstone.com,ECC Cornerstone,10,38.4317925,-90.9782362,East Central College,MO,domain,student-media-outlets.csv
ecthehub.org,Emmanuel College The Hub,10,42.340944,-71.102685,Emmanuel College,MA,override-institution,student-media-outlets.csv
thecampuscurrent.com,Campus Current,10,39.05013,-76.5139672,Anne Arundel Community College,MD,domain,student-media-outlets.csv
ualr.edu,The Forum,10,34.7252717,-92.3378705,University of Arkansas at Little Rock,AR,domain,student-media-outlets.csv
tucampusdigest.com,TU Campus Digest,10,32.4307809,-85.7073277,Tuskegee University,AL,domain,student-media-outlets.csv
millsapspandw.wordpress.com,The Purple and White,10,32.3223479,-90.1780014,Millsaps College,MS,domain,student-media-outlets.csv
viewfindergv.com,Viewfinder Media,10,41.6205748,-93.6005214,Grand View University,IA,domain,student-media-outlets.csv
valenciavoice.com,Valencia Voice,10,28.5213883,-81.4648355,Valencia College,FL,domain,student-media-outlets.csv
vanguarduniversityvoice.com,The Vanguard Voice,10,33.6619319,-117.9017563,Vanguard University,CA,domain,student-media-outlets.csv
thespringhillian.com,The SpringHillian,10,30.6944109,-88.1373223,Spring Hill College,AL,domain,student-media-outlets.csv
cccvoice.com,http://www.cccvoice.com/feed/,10,41.4457927,-81.5015183,Cuyahoga Community College,OH,domain,student-media-outlets.csv
fulcrumnewspaper.wpcomstaging.com,https://fulcrumnewspaper.wpcomstaging.com/feed/,10,,,,,unresolved,
tartan.gordon.edu,https://tartan.gordon.edu/feed/,10,42.5878305,-70.8239307,Gordon College,MA,domain,student-media-outlets.csv
pleasantvillepress.com,Pleasantville Press,10,41.1333,-73.7926,Pace University Pleasantville,NY,override-institution,student-media-outlets.csv
bowiesun.com,Patch Labs,10,39.0192706,-76.7593488,Bowie State University,MD,override-institution,student-media-outlets.csv
crowdersentry.net,Crowder Sentry,10,36.8149168,-94.3684391,Crowder College ,MO,domain,student-media-outlets.csv
sntimes.wordpress.com,St. Norbert Times,10,44.4436106,-88.069485,St. Norbert College,WI,domain,student-media-outlets.csv
spartanecho.org,Spartan Echo,10,36.8479292,-76.2620987,Norfolk State University,VA,domain,student-media-outlets.csv
uaswhalesong.com,WHALESONG,10,58.3855214,-134.6407459,University of Alaska Southeast,AK,domain,student-media-outlets.csv
ccctimes.news,Camden County College Times,10,39.784476,-75.0372035,Camden County College,NJ,domain,student-media-outlets.csv
leprovoc.com,Le Provocateur,10,42.2943228,-71.8291592,Assumption College,MA,domain,student-media-outlets.csv
communicatoronline.org,The Communicator,10,47.676861,-117.464318,Spokane Falls Community College,WA,domain,student-media-outlets.csv
ccprospector.com,The Prospector,10,46.6007369,-112.0386887,Carroll College,MT,domain,student-media-outlets.csv
coyotestudentnews.com,Coyote Student News at the College of Southern Nevada,10,36.0081705,-114.9653903,College of Southern Nevada,NV,domain,student-media-outlets.csv
thelink.harding.edu,The Bison,10,35.2456371,-91.7242419,Harding University,AR,domain,student-media-outlets.csv
catalystjournalism.uoregon.edu,UO Catalyst Journalism Project,10,44.04554,-123.06994,University of Oregon,OR,domain,ccn_nap_master.csv
champlaincrossover.org,The Crossover,10,44.4731165,-73.2041352,Champlain College,VT,domain,student-media-outlets.csv
theeasterner.org,The Easterner,10,47.4906616,-117.5847877,Eastern Washington University,WA,domain,student-media-outlets.csv
thefalcon.seapacmedia.com,The Falcon,10,47.6491714,-122.3618554,Seattle Pacific University,WA,domain,student-media-outlets.csv
thehudsonian.org,The Hudsonian,10,42.6958308,-73.6823853,Hudson Valley Community College ,NY,domain,student-media-outlets.csv
thehartfordinformer.com,The Informer,10,41.7984942,-72.7138039,University of Hartford,CT,domain,student-media-outlets.csv
thekilikilik.wordpress.com,The Kilikilik,10,41.1145838,-83.1669153,Heidelberg University,OH,domain,student-media-outlets.csv
hawkeyenews.net,The Hawkeye,10,28.0260852,-82.1030339,Hillsborough Community College,FL,domain,student-media-outlets.csv
cbubanner.com,The Banner,10,33.9288906,-117.4259155,California Baptist University,CA,domain,student-media-outlets.csv
fscsouthern.com,The Southern Newspaper,10,28.0314545,-81.9450401,Florida Southern College,FL,domain,student-media-outlets.csv
thecenturytimes.com,The Century Times,10,45.0415998,-92.982072,Century College,MN,domain,student-media-outlets.csv
thecampusvoice.wordpress.com,The Campus Voice,10,30.2218663,-81.5537294,Florida State College at Jacksonville,FL,domain,student-media-outlets.csv
thebruinnews.com,The Bruin News,10,42.3349381,-85.1777241,Kellogg Community College,MI,domain,student-media-outlets.csv
thewestgeorgian.com,The West Georgian,10,33.575346,-85.1041219,University of West Georgia,GA,domain,student-media-outlets.csv
transyrambler.com,The Rambler,10,38.0516801,-84.4933419,Transylvania University,KY,domain,student-media-outlets.csv
blogs.millersville.edu,The Snapper,10,39.9987943,-76.3527392,Millersville University,PA,domain,student-media-outlets.csv
blogs.ucmerced.edu,The Prodigy,10,37.3647584,-120.4260375,University of California-Merced,CA,domain,student-media-outlets.csv
thevoiceofeou.com,The Voice,10,45.3183417,-118.091002,Eastern Oregon University,OR,domain,student-media-outlets.csv
blufftonwit.com,The Witmarsum,10,40.8967469,-83.8992015,Bluffton University,OH,domain,student-media-outlets.csv
flourishingfresno.com,Flourishing Fresno,10,36.8136777,-119.7461767,California State University-Fresno,CA,override-institution,student-media-outlets.csv
isubengal.com,The Bengal,10,42.8627836,-112.429762,Idaho State University,ID,domain,student-media-outlets.csv
massnewsservice.org,Massachusetts News Service,10,,,,,unresolved,
iuknews.org,The Correspondent,10,40.4594494,-86.1317354,Indiana University Kokomo,IN,domain,student-media-outlets.csv
thewhitworthian.news,The Whitworthian,10,47.7548728,-117.4178623,Whitworth University,WA,domain,student-media-outlets.csv
swarthmorephoenix.com,The Phoenix,10,39.903833,-75.3526567,Swarthmore College,PA,domain,student-media-outlets.csv
thewilsonbillboard.com,The Wilson Billboard,10,39.9497297,-77.6495643,Wilson College,PA,domain,student-media-outlets.csv
thepenn.org,www.thepenn.org - RSS Results,10,40.6143979,-79.1610224,Indiana University of Pennsylvania,PA,domain,student-media-outlets.csv
indearizona.com,nan,10,,,,,unresolved,
msufoodfix.wordpress.com,The Food Fix,10,42.7250725,-84.4790827,Michigan State University,MI,override-institution,student-media-outlets.csv
lsucoldcaseproject.com,LSU Cold Case Project,10,30.41579,-91.17735,Louisiana State University and Agricultural & Mechanical College,LA,domain,ccn_nap_master.csv
yjpaper.org,The Yellow Jacket,10,37.7631796,-77.4773666,Randolph-Macon College,VA,domain,student-media-outlets.csv
yorkpbnews.net,https://yorkpbnews.net/feed/,10,40.7010415,-73.7961103,CUNY York College,NY,domain,student-media-outlets.csv
passthebuc.com,The Buccaneer,10,48.1022666,-123.4124396,Peninsula College,WA,domain,student-media-outlets.csv
rvcvalleyforge.com,https://www.rvcvalleyforge.com/index.php/feed/,10,42.3081071,-88.9939767,Rock Valley College,IL,domain,student-media-outlets.csv
smccollegian.org,THE COLLEGIAN - News,10,37.8408837,-122.1089374,Saint Mary's College of California,CA,domain,student-media-outlets.csv
hendrixprofile.wordpress.com,The Profile,10,35.1017695,-92.44072,Hendrix College,AR,domain,student-media-outlets.csv
hilltop.corban.edu,Hilltop News,10,44.8838378,-122.9580948,Corban University,OR,domain,student-media-outlets.csv
ascprofile.com,The Profile,10,33.7685056,-84.2945346,Agnes Scott College,GA,domain,student-media-outlets.csv
themarianphoenix.com,Phoenix,10,39.8174995,-86.202823,Marian University Indianapolis,IN,domain,student-media-outlets.csv
arkatechnews.com,The Arka Tech,10,35.2937888,-93.1361472,Arkansas Tech University,AR,domain,student-media-outlets.csv
the-standard.org,www.the-standard.org - RSS Results,10,37.2005546,-93.2806806,Missouri State University,MO,domain,student-media-outlets.csv
freshtakegeorgia.org,Fresh Take Georgia,10,34.03216,-84.5813,Kennesaw State University,GA,domain,ccn_nap_master.csv
thebsuspectrum.com,The Spectrum,9,39.0192706,-76.7593488,Bowie State University,MD,domain,student-media-outlets.csv
acmagazine.austincollege.edu,Austin College Magazine,9,33.6479423,-96.5954308,Austin College,TX,domain,student-media-outlets.csv
lyonhighlander.com,The Highlander,8,35.7792058,-91.6283696,Lyon College,AR,domain,student-media-outlets.csv
thesoutheastern.com,The Southeastern,8,34.0056034,-96.3781707,Southeastern Oklahoma State University,OK,domain,student-media-outlets.csv
exponentnsu.wordpress.com,The Exponent,7,45.4510068,-98.4829326,Northern State University,SD,domain,student-media-outlets.csv
columbiamissourian.com,www.columbiamissourian.com - RSS Results of type article with keyword(s) of #topstory,7,38.957,-92.29417,University of Missouri-Columbia,MO,domain,ccn_nap_master.csv
ncfcatalyst.com,The Catalyst,6,27.3849617,-82.5639597,New College of Florida,FL,domain,student-media-outlets.csv
blcscroll.wordpress.com,The Scroll,6,44.1667525,-93.9912987,Bethany Lutheran College,MN,domain,student-media-outlets.csv
stentornews.com,the Stentor,5,42.2503397,-87.8286109,Lake Forest College,IL,domain,student-media-outlets.csv
thesantaclara.org,The Santa Clara,5,37.3489255,-121.9367804,Santa Clara University,CA,domain,student-media-outlets.csv
westminstercolumns.wordpress.com,The Columns,5,38.8506,-91.9563,,,override-coords,override (explicit coordinates)
catawbapioneer.com,The Pioneer,5,35.6895851,-80.4812386,Catawba College,NC,domain,student-media-outlets.csv
acranger.com,The Ranger,5,35.1877711,-101.8482546,Amarillo College,TX,domain,student-media-outlets.csv
uwrfvoice.com,uwrfvoice.com,5,44.8530003,-92.6222324,University of Wisconsin-River Falls,WI,domain,student-media-outlets.csv
advocate-online.net,The Advocate Online,4,45.5143998,-122.3956309,Mt. Hood Community College,OR,domain,student-media-outlets.csv
mountmercytimes.home.blog,Mount Mercy Times,4,42.0027013,-91.6522379,Mount Mercy University,IA,domain,student-media-outlets.csv
record.goshen.edu,The Record,1,41.5637661,-85.8280841,Goshen College,IN,domain,student-media-outlets.csv
medialabfau.com,Florida Atlantic U. News,1,26.3737,-80.1019,Florida Atlantic University,FL,domain,ccn_nap_master.csv
srumosaic.com,Mosaic,1,41.4728515,-71.3018716,Salve Regina University,RI,domain,student-media-outlets.csv
splc.org,www.thestatehousefile.com - RSS Results,1,,,,,unresolved,
