College/University,State,Name of Outlet,URL of Outlet,Contact page,Notes,LAT,LONG,Instagram Handle,Instagram URL,Instagram Followers (as of 6/7/2026),X/Twitter Handle,X/Twitter URL,Facebook Handle,Facebook URL,TikTok Handle,TikTok URL,LinkedIn Handle,LinkedIn URL,Bluesky Handle,Bluesky URL,YouTube Handle,YouTube URL,Podcast Link
Abilene Christian University,TX,The Optimist,https://acuoptimist.com,"https://acuoptimist.com/about/staff-contacts/, https://acu.edu/faculty/kenneth-r-pybus/",,32.4700922,-99.7080103,@acuoptimist,https://www.instagram.com/acuoptimist/,"3,445",@acuoptimist,https://x.com/acuoptimist,@acuoptimist,https://www.facebook.com/acuoptimist/,,,,,,,,,
Adams State University,CO,The Paw Print,https://blogs.adams.edu/thepawprint/ or https://asupawprint.wixsite.com/thepawprint,"https://blogs.adams.edu/thepawprint/staff/, https://www.adams.edu/academics/undergraduate/communication/faculty/",,37.4742771,-105.8798507,@asupawprint,https://www.instagram.com/asupawprint/,180,,,,,,,,,,,,,
Adelphi University,NY,The Delphian,https://www.thedelphianau.com,https://www.adelphi.edu/brand/media-experts/communications-media-journalism/,,40.7200034,-73.6521126,@the_delphian,https://www.instagram.com/the_delphian/,722,@the_delphian,https://x.com/the_delphian,@AUDelphian,https://www.facebook.com/AUDelphian/,,,,,,,,,
Agnes Scott College,GA,The Profile,https://ascprofile.com,https://ascprofile.com/about/,,33.7685056,-84.2945346,@ascprofile,https://www.instagram.com/ascprofile/,567,,,@ascprofile,https://www.facebook.com/ascprofile/,,,,,,,,,
Alabama State University,AL,The Hornet Tribune,https://asuhornettribune.com/?full-site,"https://asuhornettribune.com/editorial-and-reportorial/, https://asuhornettribune.com/about/professional-staff/",,32.3626319,-86.2934411,@asuhornettribune,https://www.instagram.com/asuhornettribune/,2672,@Hornet_Tribune_,https://x.com/hornet_tribune_,@hornetribune,https://www.facebook.com/hornetribune/,,,,,,,,,
Albion College,MI,The Albion Pleid,https://albionpleiad.com,https://albionpleiad.com/about/,,42.2440064,-84.7451775,@albion_pleiad,https://www.instagram.com/albion_pleiad/,923,@AlbionPleiad,https://x.com/albionpleiad,@TheAlbionPleiad,https://www.facebook.com/TheAlbionPleiad/,,,Albion Pleiad,https://www.linkedin.com/company/albion-pleiad1,,,,,
Allegheny College,PA,The Campus,https://alleghenycampus.com,https://alleghenycampus.com/about/,,41.6484557,-80.1455328,@ac_campus,https://www.instagram.com/ac_campus/,1222,@ACCampus,https://x.com/ACCampus,@ACCampus,https://www.facebook.com/ACCampus/,,,The Campus student newspaper,https://www.linkedin.com/company/the-campus-college-newspaper,,,,,
Amarillo College,TX,The Ranger,https://acranger.com,https://acranger.com/contact-us/ranger-staff/,,35.1877711,-101.8482546,@acranger,https://www.instagram.com/acranger/,542,@ACRanger,https://x.com/acranger,@acrangerpaper,https://www.facebook.com/acrangerpaper/,,,,,,,,,
American International College,MA,AIC Yellow Jacket,https://aicyellowjacket.com/category/news/,https://aicyellowjacket.com/staff/,No stories in 2025; Yellowjacket re-launched feb 2026 but still can't find any web links. Prev. web links no longer work,42.1127164,-72.5584133,@aicyellowjacket,https://www.instagram.com/aicyellowjacket/,514,,,,,,,,,,,,,
American River College,CA,The Current,https://www.arcurrent.com/,https://www.arcurrent.com/staff/,,38.6511479,-121.3467327,@arcurrent,https://www.instagram.com/arcurrent/,775,@arcurrent,https://x.com/arcurrent,,,,,,,,,,,
American University,D.C.,The Eagle,https://www.theeagleonline.com,https://www.theeagleonline.com/page/contact,,38.9380155,-77.088922,@theeagleau,https://www.instagram.com/theeagleau/,7120,@TheEagleOnline,https://x.com/theeagleonline,@theaueagle,https://www.facebook.com/theaueagle/,@theeagleonline,https://www.tiktok.com/@theeagleonline,The American University Eagle,https://www.linkedin.com/company/the-american-university-eagle,,,,,
Anderson University,SC,The Andersonian,https://andersonian.com,https://andersonian.com/contact/,,34.5146119,-82.6394798,@andersonianau,https://www.instagram.com/andersonianau/,600,,,,,,,,,,,,,
Andrews University,MI,Student Movement,https://digitalcommons.andrews.edu/sm/,"https://digitalcommons.andrews.edu/cgi/viewcontent.cgi?article=1021&context=sm-109, https://www.andrews.edu/cas/vacd/faculty/kaara-harris.html",,41.9647534,-86.359918,@theausm,https://www.instagram.com/theausm/,873,,,,,,,Andrews University Student Movement,https://www.linkedin.com/company/theausm,,,,,
Angelo State University,TX,Ram Page,https://www.asurampage.com,https://www.asurampage.com/site/contact.html,,31.438198,-100.4589922,@asurampage,https://www.instagram.com/asurampage/,1734,@ASURamPage,https://x.com/asurampage,@ASURamPage,https://www.facebook.com/ASURamPage/,,,,,,,,,
Anne Arundel Community College,MD,Campus Current,https://www.thecampuscurrent.com/,https://www.thecampuscurrent.com/staff_name/sharon-omalley/,,39.05013,-76.5139672,@campuscurrentaacc,https://www.instagram.com/campuscurrentaacc/,835,@campus_current,https://x.com/campus_current,,,,,,,,,,,
Appalachian State University,NC,The Appalachian,https://theappalachianonline.com/,https://theappalachianonline.com/staff/,,36.2135628,-81.6843218,@theappalachian,https://www.instagram.com/theappalachian/,"13,133",@TheAppalachian,https://x.com/theappalachian,@TheAppalachian,https://www.facebook.com/TheAppalachian/,,,The Appalachian,https://www.linkedin.com/company/the-appalachian,,,,,
Aquinas College,MI,The Saint,https://thesaintaq.com,"https://thesaintaq.com/about/, https://www.aquinas.edu/faculty-staff/daniel-brooks.html",,42.9606096,-85.6263247,@thesaintaq,https://www.instagram.com/thesaintaq/,637,@TheSaintAQ,https://x.com/thesaintaq,,,,,,,,,,,
Arapahoe Community College,CO,Arapahoe Pinnacle,https://arapahoenews.com,"https://arapahoenews.com/staff, https://arapahoenews.com/contact-us/",,39.6080683,-105.0188452,@arapahoepinnacle,https://www.instagram.com/arapahoepinnacle/,88,,,,,,,,,,,,,
Arizona State University,AZ,The State Press,https://www.statepress.com,https://www.statepress.com/page/about,,33.4229975,-111.9278306,@statepress,https://www.instagram.com/statepress/,7467,@statepress,https://x.com/statepress,@StatePress,https://www.facebook.com/StatePress/,,,The State Press at Arizona State University,https://www.linkedin.com/company/the-state-press-asu-student-media,,,,,
Arkansas State University,AR,The Herald,https://astatetheherald.com,"https://www.facebook.com/astateherald/, https://astatetheherald.com/contact/",,35.8428473,-90.6770179,@astateherald,https://www.instagram.com/astateherald/,1370,@astateherald,https://x.com/astateherald,@astateherald,https://www.facebook.com/astateherald/,,,,,,,,,
Arkansas Tech University,AR,The Arka Tech,http://www.arkatechnews.com/,,,35.2937888,-93.1361472,@arkatechnews,https://www.instagram.com/arkatechnews/,1653,,,,,,,,,,,,,
Asbury University,KY,The Asbury Collegian,https://www.theasburycollegian.com/category/news/, https://www.theasburycollegian.com/our-staff/,,37.8641922,-84.6657662,@asburycollegian,https://www.instagram.com/asburycollegian/,10198,,,,,,,,,,,,,
Ashland University,OH,The Collegian,https://ashland-collegian.com,"https://ashland-collegian.com/contact-us/, https://www.ashland.edu/faculty/kelly-meyer-ma",,40.8617571,-82.3231533,@thecollegian,https://www.instagram.com/thecollegian/,1066,,,,,,,,,,,,,
Assumption College,MA,Le Provocateur,https://www.leprovoc.com/,https://www.leprovoc.com/staff/,,42.2943228,-71.8291592,@assumption_provoc,https://www.instagram.com/assumption_provoc/,572,,,,,,,,,,,,,
Atlantic Cape Community College,NJ,Atlantic Cape Review,https://www.atlanticcape.edu/student-life/student-engagement/atlantic-cape-review.php,https://atlantic.campusgroups.com/acr/home/,,39.4614681,-74.6811865,@atlanticcapereview,https://www.instagram.com/atlanticcapereview/,399,,,,,,,,,,,,,
Auburn University,AL,The Auburn Plainsman,https://www.theplainsman.com ,https://www.theplainsman.com/page/contact-us,,32.6047841,-85.4852488,@theauburnplainsman,https://www.instagram.com/theauburnplainsman/,29887,,,,,,,,,,,,,
Auburn University at Montgomery,AL,Aumnibus,https://www.aum.edu/clubs/aumnibus/,https://www.aum.edu/directory/,,32.3700064,-86.1777278,@aumnibus,https://www.instagram.com/aumnibus/,268,,,,,,,,,,,,,
Augsburg University,MN,Echo Student Newspaper,https://augsburgecho.com,https://augsburgecho.com/ourstaff/,,44.9656373,-93.2406448,@augsburg_echo,https://www.instagram.com/augsburg_echo/,544,,,,,,,,,,,,,
Augusta University,GA,The Bellringer,https://www.aubellringer.com  ,https://www.aubellringer.com/about-us,,33.4709094,-81.9898848,@aug_bellringer,https://www.instagram.com/aug_bellringer/,1369,,,,,,,,,,,,,
Augustana College,IL,Augustana Observer,https://augustanaobserver.com,https://augustanaobserver.com/contact-us-2/,,41.5030042,-90.5513921,@augustanaobserver,https://www.instagram.com/augustanaobserver/,1267,,,,,,,,,,,,,
Augustana University,SD,The Augustana Mirror,https://www.augiemirror.news,https://www.augiemirror.news/about/,,43.5224294,-96.7393636,@augiemirror,https://www.instagram.com/augiemirror/,1111,,,,,,,,,,,,,
Austin College,TX,The AC Observer,https://acmagazine.austincollege.edu,https://www.austincollege.edu/communications,,33.6479423,-96.5954308,@ac_observer,https://www.instagram.com/ac_observer/,361,,,,,,,,,,,,,
Austin Community College,TX,Accent,https://sites.austincc.edu/accent/,https://sites.austincc.edu/accent/about-us/,,30.2150835,-97.7964636,@accent.media,https://www.instagram.com/accent.media/,470,,,,,,,,,,,,,
Austin Peay State University,TN,The All State,http://www.theallstate.org/,http://theallstate.org/contact/,,36.53498,-87.3548855,@theallstate,https://www.instagram.com/theallstate/,3486,,,,,,,,,,,,,
Averett University,VA,The Chanticleer,https://averettstudentnews.org/,"https://averettstudentnews.org/staff/, https://www.facebook.com/chanticleernews/",,36.5793099,-79.4142589,@chanticleernews,https://www.instagram.com/chanticleernews/,210,,,,,,,,,,,,,
Azusa Pacific University,CA,ZU Media,https://zunews.com,https://zunews.com/contact/,,34.1300755,-117.8883593,@zumedia,https://www.instagram.com/zumedia/,1184,,,,,,,,,,,,,
Baker University,AS,The Baker Orange,https://thebakerorange.com  ,https://thebakerorange.com/contact-2/,,38.7790521,-95.1893687,@bakerorange,https://www.instagram.com/bakerorange/,1493,,,,,,,,,,,,,
Bakersfield College,CA,The Renegade Rip,https://www.therip.com,"https://www.therip.com/staff/, https://www.therip.com/about-us/",,35.4083127,-118.9716398,@bc_rip,https://www.instagram.com/therip/,805,,,,,,,,,,,,,
Baldwin Wallace University,OH,The Exponent,https://bwexponent.com,https://bwexponent.com/contact/,,41.3711165,-81.8478088,@bwuexponent,https://www.instagram.com/bwuexponent/,1110,,,,,,,,,,,,,
Ball State University,IN,Ball State Daily News,https://www.ballstatedaily.com,https://www.ballstatedaily.com/page/daily-contact,,40.2024944,-85.4058241,@bsudailynews,https://www.instagram.com/bsudailynews/,4461,,,,,,,,,,,,,
Barnard College,NY,The Barnard Bulletin,https://www.thebarnardbulletin.com,https://www.thebarnardbulletin.com/about,,40.8095133,-73.9633969,@thebarnardbulletin,https://www.instagram.com/thebarnardbulletin/,3273,,,,,,,,,,,,,
Barry University,FL,The Buccaneer,https://www.thebuc.org,https://www.thebuc.org/staff,,25.8787587,-80.1969373,@bu_buccaneer,https://www.instagram.com/bu_buccaneer/,783,,,,,,,,,,,,,
Bates College,ME,The Bates Student,https://thebatesstudent.com,https://thebatesstudent.com/contact-us/,,44.1057216,-70.2021865,@thebatesstudent,https://www.instagram.com/thebatesstudent/,4494,,,,,,,,,,,,,
Bay Path University,MA,Network News: Student Newsroom,https://www.baypath.edu/news/bay-path-student-newsroom-and-network-news/,https://simplebooklet.com/networknewsmarchapril2025issue#page=3,,42.0555615,-72.5838321,Not found,,,,,,,,,,,,,,,
Baylor University,TX,Baylor Lariat,https://baylorlariat.com,"https://baylorlariat.com/spring-2025-staff-page/, https://www.facebook.com/baylorlariat/",,31.5500848,-97.11354,@baylorlariat,https://www.instagram.com/baylorlariat/,10058,,,,,,,,,,,,,
Bellevue College,WA,The Watchdog,https://thewatchdogonline.com,https://thewatchdogonline.com/contact,,47.5843272,-122.1481496,@thewatchdogbc,https://www.instagram.com/thewatchdogbc/,394,,,,,,,,,,,,,
Belmont Abbey College,NC,The Crusader,https://belmontabbeycollege.edu/campus-life/clubs-organizations/crusader/,https://belmontabbeycollege.edu/campus-life/clubs-organizations/crusader/,,35.261177,-81.0445117,Not found,,,,,,,,,,,,,,,
Belmont University,TN,Belmont Vision,https://www.belmontvision.com,https://www.belmontvision.com/about,,36.1329081,-86.7941702,@belmont.vision,https://www.instagram.com/belmont.vision/,5664,,,,,,,,,,,,,
Benedictine University,IL,The Candor,https://thecandor.wordpress.com,https://thecandor.wordpress.com/about-us/,,41.7784418,-88.0952683,@thecandornews,https://www.instagram.com/thecandornews/,335,,,,,,,,,,,,,
Bergen Community College,NJ,The Torch,http://bergentorch.org,"https://bergentorch.org/about-us/, https://bergen.edu/academics/academic-divisions-departments/english-department/our-ebs-faculty/michael-berkowitz/",,40.9508752,-74.0881824,@thebergentorch,https://www.instagram.com/thebergentorch/,1015,,,,,,,,,,,,,
Berry College,GA,Campus Carrier,https://vikingfusion.com/category/news/,https://vikingfusion.com/campus-carrier/,,34.2888488,-85.1873397,@campuscarrier,https://www.instagram.com/campuscarrier/,1410,,,,,,,,,,,,,
Bethany Lutheran College,MN,The Scroll,https://blcscroll.wordpress.com,https://www.facebook.com/BLCStudentPublications,,44.1667525,-93.9912987,@blcstudentpublications,https://www.instagram.com/blcstudentpublications/,345,,,,,,,,,,,,,
Bethel College,KS,The Collegian,https://collegian.bethelks.edu,https://collegian.bethelks.edu/about,,38.0747258,-97.342568,@bethelcollegian,,630,,,,,,,,,,,,,
Bethel University,MN,The Clarion, https://bethelclarion.com/,https://thebuclarion.com/staff/,,45.0582445,-93.1621869,@thebuclarion,https://www.instagram.com/thebuclarion/,1768,,,,,,,,,,,,,
Bethune-Cookman University,FL,Voice of the Wildcats,https://issuu.com/voiceofthewildcats,https://www.cookman.edu/directory/whitneyv/index.html,,29.2109815,-81.0314411,@bcu_thevow,,186,,,,,,,,,,,,,
Binghamton University,NY,Pipe Dream,https://www.bupipedream.com/,,,42.0971204,-75.9116546,@bupipedream,https://www.instagram.com/bupipedream/,10150,,,,,,,,,,,,,
Biola University,CA,The Chimes,https://chimesnewspaper.com,https://chimesnewspaper.com/staff/,,33.9062611,-118.0155533,@chimesnews,https://www.instagram.com/chimesnews/,2257,,,,,,,,,,,,,
Bismarck State College,ND,The Mystician,https://www.bscmysticmedia.com/_files/ugd/628cb3_dd4ada1387d449caa29a24777712f526.pdf,https://www.bscmysticmedia.com/_files/ugd/628cb3_dd4ada1387d449caa29a24777712f526.pdf,,46.8210069,-100.8160702,@bscmysticmedia,https://www.instagram.com/bscmysticmedia/,410,,,,,,,,,,,,,
Black Hills State University,SD,Jacket Journal,https://www.bhsumedia.com/jacket-journal/,https://www.bhsumedia.com/meet-the-team/,,44.4993591,-103.8722763,Not found,,,,,,,,,,,,,,,
Bloomsburg University,PA,The Voice,https://buvoice.com,https://buvoice.com/staff/,,41.0081119,-76.4472749,@buvoice,https://www.instagram.com/buvoice/,1421,,,,,,,,,,,,,
Blue Mountain College,MS,The Beacon,https://www.bmcbeacon.com  ,https://www.bmcbeacon.com/contact,,34.6721036,-89.0293182,Not found,,,,,,,,,,,,,,,
Bluefield State University,WV,The Rampage ,https://burampage.com,https://burampage.com/about/,,37.2661675,-81.2384097,Not found,,,,,,,,,,,,,,,
Bluefield University,VA,The Rampage,https://burampage.com,https://burampage.com/about/,,37.244538,-81.246277,Not found,,,,,,,,,,,,,,,
Bluffton University,OH,The Witmarsum,https://blufftonwit.com,https://www.bluffton.edu/com/faculty.aspx,,40.8967469,-83.8992015,@blufftonwit,https://www.instagram.com/blufftonwit/,452,,,,,,,,,,,,,
Bob Jones University,SC,The Collegian,https://collegianonline.com,https://collegianonline.com/staff/,,34.8725832,-82.3624705,@thecollegianbju,https://www.instagram.com/thecollegianbju/,1741,,,,,,,,,,,,,
Boise State University,ID,The Arbiter,https://arbiteronline.com,https://arbiteronline.com/our-staff/,,43.6023364,-116.2009765,@arbiteronline,https://www.instagram.com/arbiteronline/,1851,,,,,,,,,,,,,
Boston College,MA,The Heights,https://www.bcheights.com,https://www.bcheights.com/contact/,,42.3355488,-71.1684945,@bcheights,https://www.instagram.com/bcheights/,8723,,,,,,,,,,,,,
Boston University,MA,The Daily Free Press,https://dailyfreepress.com/,https://dailyfreepress.com/contact/,,42.3504997,-71.1053991,@dailyfreepress,https://www.instagram.com/dailyfreepress/,11457,,,,,,,,,,,,,
Boston University-Fenway Campus,MA,The Daily Free Press,https://dailyfreepress.com/,https://dailyfreepress.com/contact/,,42.3418153,-71.106524,@dailyfreepress,https://www.instagram.com/dailyfreepress/,11457,,,,,,,,,,,,,
Bowdoin College,ME,The Bowdoin Orient,https://bowdoinorient.com  ,https://bowdoinorient.com/contact/  ,,43.9076929,-69.9639971,@bowdoinorient,https://www.instagram.com/bowdoinorient/,4714,,,,,,,,,,,,,
Bowie State University,MD,The Spectrum,https://thebsuspectrum.com/,,,39.0192706,-76.7593488,@bsuthespectrum,https://www.instagram.com/bsuthespectrum/,468,,,,,,,,,,,,,
Bowling Green State University,OH,Falcon Media,https://bgfalconmedia.com/#google_vignette,https://bgfalconmedia.com/staff/,,41.3796927,-83.6300592,@bgfalconmedia,https://www.instagram.com/bgfalconmedia/,6190,,,,,,,,,,,,,
Bradley University,IL,The Bradley Scout,http://www.bradleyscout.com ,https://www.bradleyscout.com/write-to-the-editor/  ,,40.6977743,-89.6153484,@bradleyscout,https://www.instagram.com/bradleyscout/,702,,,,,,,,,,,,,
Brandeis University,MA,The Justice,https://www.thejustice.org/page/archives,https://www.thejustice.org/page/staff,,42.365357,-71.2586437,@thejusticenewspaper,https://www.instagram.com/thejusticenewspaper/,1457,,,,,,,,,,,,,
Brandman University,CA,The Panther,https://www.thepanthernewspaper.org/,,,33.5827864,-117.7276826,Not found,,,,,,,,,,,,,,,
Brevard College,NC,The Clarion,https://my.brevard.edu/ICS/icsfs/mm/clarion_90_26_20250418w.pdf?target=65e64a97-0cc3-4363-b74b-357b6e94d03c,"https://my.brevard.edu/ICS/icsfs/mm/clarion_90_26_20250418w.pdf?target=65e64a97-0cc3-4363-b74b-357b6e94d03c, https://brevard.edu/?bc_faculty=padgett-john",,35.2367409,-82.7294959,@theclarionbc,https://www.instagram.com/theclarionbc/,174,,,,,,,,,,,,,
Bridgewater College,VA,BC Voice,https://bcvoice.org,https://bcvoice.org/staff/,,38.3789125,-78.969416,@bcvoice,https://www.instagram.com/bcvoice/,555,,,,,,,,,,,,,
Bridgewater State University,MA,The Comment,https://commentbsu.com,https://commentbsu.com/contact/,,41.9888434,-70.9662576,@thecommentbsu,https://www.instagram.com/thecommentbsu/,747,,,,,,,,,,,,,
Brigham Young University,UT,The Daily Universe,https://universe.byu.edu/,https://universe.byu.edu/chiara-lavine,,40.2518435,-111.6493156,@universebyu,https://www.instagram.com/universebyu/,10453,,,,,,,,,,,,,
Brigham Young University-Hawaii,HI,Ke Alaka'i,https://kealakai.byuh.edu,https://kealakai.byuh.edu,,21.6427916,-157.9251929,@kealakainews,https://www.instagram.com/kealakainews/,4308,,,,,,,,,,,,,
Brigham Young University-Idaho,ID,The Scroll,https://byuiscroll.org,https://www.facebook.com/byuiscroll,,43.8144643,-111.783255,@byuiscroll,https://www.instagram.com/byuiscroll/,12154,,,,,,,,,,,,,
Bristol Community College,MA,The Hawk,https://bristolthehawk.com,https://bristolthehawk.com/authors-page/,,41.7219199,-71.1193165,@thebristolhawk,https://www.instagram.com/thebristolhawk/,329,,,,,,,,,,,,,
Brookdale Community College,NJ,The Current,https://bcccurrent.com,https://bcccurrent.com/staff/,,40.326356,-74.131132,@bcccurrent,https://www.instagram.com/bcccurrent/,359,,,,,,,,,,,,,
Brookhaven College,TX,The Brookhaven Courier,https://brookhavencourier.com ,https://brookhavencourier.com/contactus/  ,,32.9292511,-96.8500787,@brookhaven_courier,https://www.instagram.com/brookhaven_courier/,512,,,,,,,,,,,,,
Brooklyn College,NY,The Brooklyn College Vanguard,https://vanguard.blog.brooklyn.edu/,https://vanguard.blog.brooklyn.edu/about-us/,,40.6308935,-73.951458,@thebcvanguard,https://www.instagram.com/thebcvanguard/,1171,,,,,,,,,,,,,
Broward College,FL,The Observer,https://www.thebrowardcollegeobserver.com,https://www.thebrowardcollegeobserver.com/staff/,,26.0681177,-80.3943067,@thebcobserver,https://www.instagram.com/thebcobserver/,594,,,,,,,,,,,,,
Brown University,RI,The Brown Daily Herald,https://www.browndailyherald.com ,https://www.browndailyherald.com/page/contact  ,,41.8267718,-71.4025482,@browndailyherald,https://www.instagram.com/browndailyherald/,14835,,,,,,,,,,,,,
Bryan College,TN,The Triangle,https://www.bryantriangle.com,https://www.bryantriangle.com/about-us/,,35.4987044,-84.9983812,@thebryantriangle,https://www.instagram.com/thebryantriangle/,363,,,,,,,,,,,,,
Bryn Mawr College,PA,Bi-College News,https://bicollegenews.com,https://bicollegenews.com/about/,,40.0278802,-75.3144595,@biconews,https://www.instagram.com/biconews/,3290,,,,,,,,,,,,,
Bucknell University,PA,The Bucknellian,https://bucknellian.net  ,https://bucknellian.net/about/  ,,40.9547722,-76.8850759,@thebucknellian,https://www.instagram.com/thebucknellian/,1676,,,,,,,,,,,,,
Buena Vista University,IA,The Tack,https://bvtack.com/,https://bvtack.com/about-us/,,42.6410428,-95.2097352,@bvtack,https://www.instagram.com/bvtack/,486,,,,,,,,,,,,,
Butler University,IN,The Butler Collegian,https://thebutlercollegian.com ,https://thebutlercollegian.com/about-us/ ,,39.8399145,-86.1726021,@thebutlercollegian,https://www.instagram.com/thebutlercollegian/,2568,,,,,,,,,,,,,
Butte College,CA,The Roadrunner,https://thebcroadrunner.com,https://thebcroadrunner.com/staff/,,39.6485275,-121.6449417,@thebutteroadrunner,https://www.instagram.com/thebutteroadrunner/,,,,,,,,,,,,,,
Cairn University,PA,The Scroll,https://scroll.cairn.edu,https://scroll.cairn.edu,,40.1667208,-74.9069734,Not found,,,,,,,,,,,,,,,
Calhoun Community College,AL,The Warhawk News,https://warhawknews.calhoun.edu,https://warhawknews.calhoun.edu/staff/,,34.6472597,-86.9500639,@thewarhawkweekly,https://www.instagram.com/thewarhawkweekly/,74,,,,,,,,,,,,,
California Baptist University,CA,The Banner,https://cbubanner.com  ,https://cbubanner.com/meet-the-staff/  ,,33.9288906,-117.4259155,@cbulancermedia,https://www.instagram.com/cbulancermedia/,1829,,,,,,,,,,,,,
California Lutheran University,CA,The Echo,https://cluecho.com,"https://cluecho.com/about/, https://cluecho.com/contact/",,34.2256054,-118.8784688,@cluecho,https://www.instagram.com/cluecho/,1545,,,,,,,,,,,,,
California Polytechnic State University ,CA,Mustang News,https://mustangnews.net,https://mustangnews.net/contact/,,35.302696,-120.666565,@cpmustangnews,https://www.instagram.com/cpmustangnews/,29446,,,,,,,,,,,,,
California Polytechnic State University Pomona,CA,The Poly Post,https://thepolypost.com,https://thepolypost.com/contact/,,34.0585684,-117.8200304,@thepolypost,https://www.instagram.com/thepolypost/,8271,,,,,,,,,,,,,
California Polytechnic State University San Luis Obispo,CA,Mustang News,https://mustangnews.net,https://mustangnews.net/contact/,,35.3050053,-120.6624942,@cpmustangnews,https://www.instagram.com/cpmustangnews/,29446,,,,,,,,,,,,,
California State University-Bakersfield,CA,The Runner,https://therunneronline.com,https://therunneronline.com/staff/,,35.3486641,-119.1033448,@therunner_csub,https://www.instagram.com/therunner_csub/,2533,,,,,,,,,,,,,
California State University-Channel Islands,CA,CI View News,https://civiewnews.com/,https://civiewnews.com/contact-us/,,34.1620556,-119.043463,@theciview,https://www.instagram.com/theciview/,1550,,,,,,,,,,,,,
California State University-Chico,CA,The Orion,https://theorion.com,https://theorion.com/staff/,,39.7296653,-121.8478871,@theorion,https://www.instagram.com/theorion/,6102,,,,,,,,,,,,,
California State University-Dominguez Hills,CA,The Bulletin,https://www.csudhbulletin.com ,https://www.csudhbulletin.com/about-the-csudh-bulletin/  ,,33.8624581,-118.2544108,@dhbulletin,https://www.instagram.com/DHbulletin/,1332,,,,,,,,,,,,,
California State University-East Bay,CA,The Pioneer,https://thepioneeronline.com,"https://thepioneeronline.com/staff/, https://thepioneeronline.com/contact-us/",,37.6560295,-122.0561984,@thepioneeronline,https://www.instagram.com/thepioneeronline/,1635,,,,,,,,,,,,,
California State University-Fresno,CA,The Collegian,https://fscollegian.com,https://fscollegian.com/about/,,36.8136777,-119.7461767,@fscollegian,https://www.instagram.com/fscollegian/,6598,,,,,,,,,,,,,
California State University-Fullerton,CA,Daily Titan,https://dailytitan.com,https://dailytitan.com/site/contact.html,,33.8823476,-117.8851033,@thedailytitan,https://www.instagram.com/thedailytitan/,11434,,,,,,,,,,,,,
California State University-Long Beach,CA,Daily 49er,https://lbcurrent.com/news/,https://lbcurrent.com/staff/,,33.7838235,-118.1140904,@lbcurrent,https://www.instagram.com/lbcurrent/,13971,,,,,,,,,,,,,
California State University-Long Beach,CA,Long Beach Current,https://lbcurrent.com/news/,https://lbcurrent.com/staff/,,33.7838235,-118.1140904,@lbcurrent,https://www.instagram.com/lbcurrent/,13971,,,,,,,,,,,,,
California State University-Los Angeles,CA,University Times,https://csulauniversitytimes.com,"https://csulauniversitytimes.com/staff/?schoolyear=SPRING%202024, https://www.facebook.com/calstatelaut, https://csulauniversitytimes.com/contact-us/",,34.0663797,-118.1684782,@csula_universitytimes,https://www.instagram.com/csula_universitytimes/,2885,,,,,,,,,,,,,
California State University-Monterey Bay,CA,The Lutrinae,https://thelutrinae.com,"https://thelutrinae.com/our-staff/, https://www.facebook.com/thelutrinae/",,36.653712,-121.7989787,@thelutrinae,https://www.instagram.com/thelutrinae/,2342,,,,,,,,,,,,,
California State University-Northridge,CA,Daily Sundial,https://sundial.csun.edu/category/news/,https://sundial.csun.edu/staff/,,34.2406756,-118.5300196,@thesundial,https://www.instagram.com/thesundial/,8413,,,,,,,,,,,,,
California State University-Sacramento,CA,The State Hornet,https://statehornet.com,"https://statehornet.com/staff/, https://statehornet.com/contact/, https://www.csus.edu/college/arts-letters/communication-studies/meet-us/",,38.560824,-121.423993,@statehornet,https://www.instagram.com/statehornet/,7589,,,,,,,,,,,,,
California State University-San Bernardino,CA,Coyote Chronicle,https://coyotechronicle.net/,https://www.csusb.edu/communication-media/clubs-organizations/coyote-chronicle,,34.1815133,-117.3229136,@csusbchronicle,https://www.instagram.com/csusbchronicle/,1464,,,,,,,,,,,,,
California State University-San Marcos,CA,Cougar Chronicle,https://csusmchronicle.com/,"https://csusmchronicle.com/staff/, https://csusmchronicle.com/about-us/",,33.1298249,-117.1586856,@csusmchronicle,https://www.instagram.com/csusmchronicle/,1693,,,,,,,,,,,,,
Calvin University,MI,Chimes,https://calvinchimes.org/,https://calvinchimes.org/contact-us/,,42.9328287,-85.5815475,@calvinchimes,https://www.instagram.com/calvinchimes/,1067,,,,,,,,,,,,,
Camden County College,NJ,Camden County College Times,https://ccctimes.news,,,39.784476,-75.0372035,Not found,,,,,,,,,,,,,,,
Campbellsville University,KY,Campus Times,https://thecampustimes.com/,https://thecampustimes.com/about/,,37.3430682,-85.3495885,@thecampustimes,https://www.instagram.com/thecampustimes/,952,,,,,,,,,,,,,
Capital University,OH,The Chimes,https://cuchimes.com,https://cuchimes.com/about/directory/,,39.9551049,-82.9375379,@thechimesnews,https://www.instagram.com/thechimesnews/,2786,,,,,,,,,,,,,
Carleton College,MN,The Carletonian,https://thecarletonian.com,https://thecarletonian.com/contact/,,44.4613633,-93.1559742,@thecarletonian,https://www.instagram.com/thecarletonian/,854,,,,,,,,,,,,,
Carnegie Mellon University,PA,The Tartan,https://the-tartan.org,https://the-tartan.org/about/,,40.4432027,-79.9428499,@thetartan_cmu,https://www.instagram.com/thetartan_cmu/,4268,,,,,,,,,,,,,
Carroll College,MT,The Prospector,https://ccprospector.com/ ,/https://ccprospector.com/contact/ ,,46.6007369,-112.0386887,Not found,,,,,,,,,,,,,,,
Case Western Reserve University,OH,The Observer,https://observer.case.edu,"https://observer.case.edu/staff/?schoolyear=Spring%202024-2025, https://www.facebook.com/cwruobserver/",,41.5043413,-81.6083838,@cwruobserver,https://www.instagram.com/cwruobserver/,3131,,,,,,,,,,,,,
Casper College,WY,Chinook,https://caspercollegechinook.com/,https://caspercollegechinook.com/contact/,,42.8314269,-106.3253118,Not found,,,,,,,,,,,,,,,
Castleton University,VT,Castleton Spartan,https://www.castletonspartan.com/,https://www.castletonspartan.com/contact-us/,,43.6067582,-73.1801229,@thecastletonspartan,https://www.instagram.com/thecastletonspartan/,1270,,,,,,,,,,,,,
Catawba College,NC,The Pioneer,https://www.catawbapioneer.com,"https://www.catawbapioneer.com/about/2017-staff/, https://www.catawbapioneer.com",,35.6895851,-80.4812386,@catawbapioneer,https://www.instagram.com/catawbapioneer/,212,,,,,,,,,,,,,
Cayuga Community College Student newspaper,NY,Collegian,https://www.cayuga-cc.edu/students/student-life/collegian/,,,42.9438003,-76.5435399,Not found,,,,,,,,,,,,,,,
Cecil College,MD,Seahawk Squawk,https://seahawksquawk.com,https://seahawksquawk.com/about-us/,,39.6410008,-75.9565297,Not found,,,,,,,,,,,,,,,
Cedar Crest College,PA,Crestiad,https://crestiad.wordpress.com/category/news/,https://crestiad.wordpress.com/about/,,40.5859377,-75.5196631,@thecrestiad,https://www.instagram.com/thecrestiad/,132,,,,,,,,,,,,,
Cedarville University,OH,Cedars,https://cedars.cedarville.edu/,"https://cedars.cedarville.edu/staff/, https://www.facebook.com/cedarsatcu/",,39.7495255,-83.8126462,@cedarsatcu,https://www.instagram.com/cedarsatcu/,672,,,,,,,,,,,,,
Centenary College of Louisiana,LA,The Conglomerate,https://www.centenarycongo.com,https://centenarycongo.squarespace.com/about-us,,32.4847432,-93.7321556,Not found,,,,,,,,,,,,,,,
Centenary University,NJ,The Cyclone Chronicle,https://www.thecyclonechronicle.com/home,https://www.thecyclonechronicle.com/about-us,,40.8463044,-74.8347005,@cucyclonechronicle,https://www.instagram.com/cucyclonechronicle/,149,,,,,,,,,,,,,
Central Baptist College,AR,The CBC Tower,https://www.thecbctower.com,https://www.facebook.com/thecbctower,,35.0832302,-92.4450092,@thecbctower,https://www.instagram.com/thecbctower/,784,,,,,,,,,,,,,
Central Michigan University,MI,CM Life,https://www.cm-life.com/section/news,https://www.cm-life.com/page/contact,,43.5822124,-84.7762574,@centralmichiganlife,https://www.instagram.com/centralmichiganlife/,12997,,,,,,,,,,,,,
Central Oregon Community College,OR,The Broadside,https://thebroadsideonline.com  ,https://thebroadsideonline.com/about/meet-the-team/  ,,44.0676288,-121.3470916,@broadsideonline,https://www.instagram.com/broadsideonline/,282,,,,,,,,,,,,,
Central Penn College,PA,Knightly News,https://cpcknightlynews.com,https://cpcknightlynews.com,,40.3049794,-76.9345519,Not found,,,,,,,,,,,,,,,
Central State University,OH,The Gold Torch,https://thegoldtorch.wixsite.com/torch,"https://thegoldtorch.wixsite.com/torch/contact, https://www.centralstate.edu/college-humanities-arts-social-sciences-and-education-faculty-and-staff",,39.7169812,-83.8774384,Not found,,,,,,,,,,,,,,,
Central Washington University,WA,The Observer,https://cwuobserver.com,"https://cwuobserver.com/staff/, https://cwuobserver.com/contact-us/",,47.0073154,-120.5362805,@cwuobserver,https://www.instagram.com/cwuobserver/,1934,,,,,,,,,,,,,
Century College,MN,The Century Times,https://thecenturytimes.com,"https://thecenturytimes.com/about/staff/, https://www.century.edu/programs/english/",,45.0415998,-92.982072,@centurytct,https://www.instagram.com/centurytct/,22,,,,,,,,,,,,,
Cerritos College,CA,Talon Marks,https://www.talonmarks.com/,,,33.886564,-118.0991837,@talonmarks,https://www.instagram.com/talonmarks/,1038,,,,,,,,,,,,,
Chadron State College,NE,The Eagle,https://www.csc.edu/student-activities/student-clubs--organizations/eagle-newspaper/,https://www.csc.edu/student-activities/student-clubs--organizations/eagle-newspaper/,,42.8201103,-102.9965438,Not found,,,,,,,,,,,,,,,
Chaffey College,CA,The Breeze,https://www.thebreezepaper.com,"https://www.thebreezepaper.com/staff, https://www.thebreezepaper.com/new-page/",,34.1467226,-117.5708601,@thebreezepaper,https://www.instagram.com/thebreezepaper/,639,,,,,,,,,,,,,
Chaminade University of Honolulu,HI,Chaminade Silversword,https://thesilversword.com,https://thesilversword.com/about/,,21.2900981,-157.8077454,@thecuhsilversword,https://www.instagram.com/thecuhsilversword/,525,,,,,,,,,,,,,
Champlain College,VT,The Crossover,https://champlaincrossover.org,https://champlaincrossover.org/contact/,,44.4731165,-73.2041352,@champlaincrossover,https://www.instagram.com/champlaincrossover/,368,,,,,,,,,,,,,
Chapman University,CA,The Panther,https://www.thepanthernewspaper.org,https://www.thepanthernewspaper.org/staff,,33.7943211,-117.8518422,@panthernewspaper,https://www.instagram.com/panthernewspaper/,6337,,,,,,,,,,,,,
Chatham University,PA,Communiqué,https://chathamcommunique.com,https://chathamcommunique.com/about-the-communique/,,40.4482032,-79.9242853,@communique_cu,https://www.instagram.com/communique_cu/,1011,,,,,,,,,,,,,
Chestnut Hill College,PA,The Griffin,https://medium.com/the-griffin,https://medium.com/the-griffin/about,,40.0853189,-75.2287702,@thegriffinchc,https://www.instagram.com/thegriffinchc/,576,,,,,,,,,,,,,
Christopher Newport University,VA,The Captain's Log,https://cnuclog.com,https://cnuclog.com/about/,,37.0639589,-76.4934475,@cnucaptainslog,https://www.instagram.com/cnucaptainslog/,1964,,,,,,,,,,,,,
Cisco College,TX,The Wrangler Express,https://www.cisco.edu/student-life/clubs-organizations/wrangler-express,https://www.cisco.edu/student-life/clubs-organizations/wrangler-express,,32.4019284,-98.9840402,@wrangler_express,https://www.instagram.com/wrangler_express/,530,,,,,,,,,,,,,
Citrus College,CA,The Clarion, http://www.ccclarion.com/,https://www.ccclarion.com/staff-directory/,,34.1333259,-117.8851136,@citruscollegeclarion,https://www.instagram.com/citruscollegeclarion/,1148,,,,,,,,,,,,,
City Colleges of Chicago-Harold Washington,IL,The Herald,https://www.hwctheherald.com,https://www.hwctheherald.com/contact/,,41.8860734,-87.6268475,Not found,,,,,,,,,,,,,,,
City Colleges of Chicago-Harry S. Truman,IL,The Uptown Exchange,https://uptownexchange.wordpress.com,https://www.facebook.com/TheUptownExchange,,41.9645334,-87.6590087,Not found,,,,,,,,,,,,,,,
Clackamas Community College,OR,The Clackamas Print,https://www.theclackamasprint.net,https://www.theclackamasprint.net/staff/,,45.3222346,-122.5751404,@clackamasprint,https://www.instagram.com/clackamasprint/,592,,,,,,,,,,,,,
Claremont Harvey Mudd College,CA,The Muddraker,https://themuddraker.org,https://themuddraker.org/about-us/,,34.1060906,-117.7086431,@themuddraker,https://www.instagram.com/themuddraker/,836,,,,,,,,,,,,,
Claremont McKenna College,CA,The Student Life,https://tsl.news,https://tsl.news/about/,,34.1006868,-117.7065073,@tslnews,https://www.instagram.com/tslnews/,6353,,,,,,,,,,,,,
Claremont Pitzer College,CA,The Claremont Independent,https://www.claremontindependent.com,https://www.claremontindependent.com/copy-of-about,,34.1042832,-117.7050738,@claremont.independent,https://www.instagram.com/claremont.independent/,1125,,,,,,,,,,,,,
Claremont Pomona College,CA,The Claremont Independent,https://www.claremontindependent.com,https://www.claremontindependent.com/copy-of-about,,34.0977461,-117.711806,@claremont.independent,https://www.instagram.com/claremont.independent/,1125,,,,,,,,,,,,,
Claremont Scripps College,CA,The Claremont Independent,https://www.claremontindependent.com,https://www.claremontindependent.com/copy-of-about,,34.1039266,-117.7101745,@claremont.independent,https://www.instagram.com/claremont.independent/,1125,,,,,,,,,,,,,
Clarion University,PA,Clarion Call,https://issuu.com/theclarioncall,,,41.2089367,-79.3785631,@clarioncallnews,https://www.instagram.com/clarioncallnews/,407,,,,,,,,,,,,,
Clark Atlanta University,GA,The Panther Newspaper,https://www.caupanther1988.com/,https://www.caupanther1988.com/about-1,,33.7515658,-84.4112315,@thecaupanther,https://www.instagram.com/thecaupanther/,62,,,,,,,,,,,,,
Clark University,MA,The Scarlet,https://thescarlet.org,https://thescarlet.org/contact/,,42.2520353,-71.8245381,@clarkscarlet,https://www.instagram.com/clarkscarlet/,1286,,,,,,,,,,,,,
Clemson University,SC,The Tiger,https://thetigercu.com,https://thetigercu.com/contact-us/,,34.6834382,-82.8373654,@thetigercu,https://www.instagram.com/thetigercu/,12440,,,,,,,,,,,,,
Cleveland State University,OH,The Cauldron,https://csu-cauldron.com,https://csu-cauldron.com/contact/,,41.5027643,-81.674423,@csucauldron,https://www.instagram.com/csucauldron/,,,,,,,,,,,,,,
Coastal Carolina University,SC,The Chanticleer,https://www.coastal.edu/aboutccu/historytraditions/thechanticleer/,https://chanticleernews.com/staff/,,33.7961194,-79.0136958,@thechanticleernews,https://www.instagram.com/thechanticleernews/,4619,,,,,,,,,,,,,
Coe College,IA,The Cosmos,https://www.coe.edu/academics/stewart-memorial-library/research-tools-collections/coe-publications/coe-college-cosmos,https://www.coe.edu/academics/stewart-memorial-library/research-tools-collections/coe-publications/coe-college-cosmos,,41.9884409,-91.6589797,Not found,,,,,,,,,,,,,,,
Colby College,ME,The Colby Echo,https://colbyecho.news,https://colbyecho.news/meet-the-team/,,44.5638691,-69.6626362,@colbyecho,https://www.instagram.com/colbyecho/,1787,,,,,,,,,,,,,
Colgate University,NY,The Colgate Maroon-News,https://thecolgatemaroonnews.com/,https://thecolgatemaroonnews.com/staff/,,42.8155894,-75.5407355,@maroon_news,https://www.instagram.com/maroon_news/,5318,,,,,,,,,,,,,
College of Central Florida,FL,The Patriot Press,https://thepatriotpresscf.com,https://thepatriotpresscf.com/contact/,,28.612388,-81.426481,@ggxnews,https://www.instagram.com/ggxnews/,6380,,,,,,,,,,,,,
College of DuPage,IL,The Courier,https://codcourier.org/,https://codcourier.org/about/,,41.8411058,-88.0733401,@codcourier,https://www.instagram.com/CODCourier/,808,,,,,,,,,,,,,
College of Lake County,IL,The Chronicle,https://thechronicleclc.com,https://thechronicleclc.com/about/,,42.354675,-88.0120506,@thechronicleclc,https://www.instagram.com/thechronicleclc/,284,,,,,,,,,,,,,
College of Saint Benedict and Saint John's University,MN,The Record,https://csbsjurecord.com,https://csbsjurecord.com/about,,45.560123,-94.3217652,@csbsjurecord,https://www.instagram.com/csbsjurecord/,1702,,,,,,,,,,,,,
College of Southern Nevada,NV,Coyote Student News,https://coyotestudentnews.com,https://coyotestudentnews.com/about/,,36.0081705,-114.9653903,Not found,,,,,,,,,,,,,,,
College of the Holy Cross,MA,The Spire,https://hcspire.com,https://hcspire.com/about/,,42.2392391,-71.8079608,@hcspire,https://www.instagram.com/hcspire/,1091,,,,,,,,,,,,,
College of the Ozarks,MO,The Outlook,https://www.facebook.com/outlook.cofo/,https://www.facebook.com/outlook.cofo/,,36.6149747,-93.2379407,Not found,,,,,,,,,,,,,,,
College of the Sequoias,CA,The Campus Journal,https://thecampusjournal.com,https://thecampusjournal.com/staff-schoolyearfall-2024/,,36.325102,-119.3149754,@coscampusnews1,https://www.instagram.com/coscampusnews1/,588,,,,,,,,,,,,,
Colorado Christian University,CO,CougMedia,https://cougmedia.com/category/news/,https://www.facebook.com/CougMedia,,39.7125555,-105.0960017,@cougmedia,https://www.instagram.com/cougmedia/,867,,,,,,,,,,,,,
Colorado College,CO,The Catalyst,https://thecatalystnews.com/,https://thecatalystnews.com/staff/,,38.8491957,-104.8254254,@catalystnewspaper,https://www.instagram.com/catalystnewspaper/,1750,,,,,,,,,,,,,
Colorado Mesa University,CO,The Criterion,https://thecrite.com,https://thecrite.com/contact-us/,,39.0804917,-108.5534074,@cmu_criterion,https://www.instagram.com/cmu_criterion/,1219,,,,,,,,,,,,,
Colorado Northwestern Community College,CO,The Herald Times,https://www.theheraldtimes.com/tag/cncc/,https://www.theheraldtimes.com/advertise/,This was the only email found,40.0808639,-108.7898101,Not found,,,,,,,,,,,,,,,
Colorado State University,CO,The Rocky Mountain Collegian,https://collegian.com,https://rmsmc.com/contact-us/,,40.5729432,-105.0848391,@rmcollegian,https://www.instagram.com/rmcollegian/,6946,,,,,,,,,,,,,
Columbia University,NY,Columbia Daily Spectator,https://www.columbiaspectator.com/,https://www.columbiaspectator.com/about-us/#contact,,40.8075355,-73.9625727,@columbiaspec,https://www.instagram.com/columbiaspec/,31938,,,,,,,,,,,,,
Community College of Baltimore County,MD,CCBC Connection,http://blog.ccbcmd.edu/connection/,http://blog.ccbcmd.edu/connection/,,39.4881748,-76.6564808,Not found,,,,,,,,,,,,,,,
Concordia College,MN,The Concordian,https://theconcordian.org,https://theconcordian.org/contact/,,42.2735517,-83.6827856,@the_concordian,https://www.instagram.com/the_concordian/,1177,,,,,,,,,,,,,
Concordia University Chicago,IL,The Spectator,https://spectator.cuchicago.edu,"https://spectator.cuchicago.edu/staff/, https://www.facebook.com/cucspectator/",,41.899594,-87.809547,Not found,,,,,,,,,,,,,,,
Concordia University Wisconsin,WI,The Concordia Beacon,https://www.cuw.edu/life/involvement-and-activities/beacon.html,"https://www.cuw.edu/life/involvement-and-activities/beacon.html, https://blog.cuw.edu/whispering-pines-celebrates-50-years-of-faithful-service-and-connection-to-concordia-university-wisconsin/",,43.2541994,-87.915531,Not found,,,,,,,,,,,,,,,
Concordia University- St. Paul,MN,The Sword,https://digitalcommons.csp.edu/sword/,"https://digitalcommons.csp.edu/sword/475/, https://www.facebook.com/CSPTheSword/",,44.9490802,-93.156483,Not found,,,,,,,,,,,,,,,
Concordia University-Irvine,CA,The Concordia Courier,https://concordiacourier.com,https://concordiacourier.com/about,,33.6539343,-117.8105295,@concordiacourier,https://www.instagram.com/concordiacourier/,96,,,,,,,,,,,,,
Connecticut College,CT,The College Voice,https://thecollegevoice.org,https://thecollegevoice.org/templates/contact/,,41.3797568,-72.1043429,@thecollegevoice,https://www.instagram.com/thecollegevoice/,258,,,,,,,,,,,,,
Contra Costa College,CA,The Advocate,cccadvocate.com ,https://cccadvocate.com/about/,,37.9688909,-122.3400902,@cccadvocate,https://www.instagram.com/cccadvocate/,695,,,,,,,,,,,,,
Corban University,OR,Hilltop News,https://hilltop.corban.edu,https://hilltop.corban.edu/about-2/meet-the-staff,,44.8838378,-122.9580948,Not found,,,,,,,,,,,,,,,
Cornell University,NY,The Cornell Daily Sun,https://www.cornellsun.com,https://www.cornellsun.com/page/contact,,42.4534492,-76.4735027,@cornellsun,https://www.instagram.com/cornellsun/,26517,,,,,,,,,,,,,
Corning Community College,NY,The Crier,https://www.corning-cc.edu/the-crier.php,https://www.corning-cc.edu/the-crier.php,,42.117246,-77.0736049,Not found,,,,,,,,,,,,,,,
County College of Morris,NJ,Youngtown Edition,https://www.ccm.edu/meet-ccm/campus-life/campus-life-publications/,https://www.facebook.com/YoungtownCCM/,,40.8581737,-74.5814491,Not found,,,,,,,,,,,,,,,
Cowley College,KS,The Cowley Press,https://www.cowleycollegemedia.com,https://www.cowleycollegemedia.com/site/contact.html,,37.061329,-97.0419074,@cowleypress,https://www.instagram.com/cowleypress/,232,,,,,,,,,,,,,
Creighton University,NE,Creightonian,https://www.creightonian.com/,https://www.creightonian.com/site/staff.html,,41.2655521,-95.9462807,@cucreightonian,https://www.instagram.com/cucreightonian/,1140,,,,,,,,,,,,,
Crowder College ,MO,Crowder Sentry,https://www.crowdersentry.net/,https://www.facebook.com/csnews.newsnetwork,,36.8149168,-94.3684391,Not found,,,,,,,,,,,,,,,
Cuesta College,CA,The Cuestonian,https://cuestonian.com,"https://cuestonian.com/staff/, https://cuestonian.com/contact-us/, https://www.cuesta.edu/academics/divisions/languagecomm/faculty.html",,35.3292499,-120.7400729,@thecuestonian,https://www.instagram.com/thecuestonian/,505,,,,,,,,,,,,,
Culver-Stockton College,MO,Wildcat Wire,https://wildcatwire.culver.edu,https://wildcatwire.culver.edu/staff/,,40.1282758,-91.5313274,Not found,,,,,,,,,,,,,,,
CUNY Baruch College,NY,The Ticker,https://theticker.org,https://theticker.org/about/,,40.7404315,-73.9832252,@baruchticker,https://www.instagram.com/baruchticker/,2778,,,,,,,,,,,,,
CUNY Brooklyn College,NY,The Brooklyn College Vanguard,https://vanguard.blog.brooklyn.edu  ,https://vanguard.blog.brooklyn.edu/contact//,,40.6308935,-73.951458,@thebcvanguard,https://www.instagram.com/thebcvanguard/,1171,,,,,,,,,,,,,
CUNY City College of New York,NY,The Campus,https://www.ccnycampus.org/,https://www.ccnycampus.org/contact,,40.8200471,-73.9492724,@ccnycampus,https://www.instagram.com/ccnycampus/,4325,,,,,,,,,,,,,
CUNY College of Staten Island,NY,The Banner,https://thebannercsi.com,https://thebannercsi.com/contact/,,40.6021807,-74.1503811,@thebanner.csi,https://www.instagram.com/thebanner.csi/,225,,,,,,,,,,,,,
CUNY Hunter College,NY,The Hunter Envoy,https://thehunterenvoy.org,https://thehunterenvoy.org/about/,,40.7678398,-73.9645291,@hunterenvoy,https://www.instagram.com/hunterenvoy/,79,,,,,,,,,,,,,
CUNY John Jay College of Criminal Justice,NY,John Jay Sentinel,https://johnjaysentinel.com/,,,40.7707237,-73.9892342,Not found,,,,,,,,,,,,,,,
CUNY Lehman College,NY,The Meridian,https://www.lehmanmeridian.com,https://www.lehmanmeridian.com/staff,,40.8728933,-73.8945076,@thelehmanmeridian,https://www.instagram.com/thelehmanmeridian/,489,,,,,,,,,,,,,
CUNY Queens College,NY,The Knight News,https://www.theknightnews.com,https://www.theknightnews.com/staff/,,40.736746,-73.8203195,@theknightnewsqc,https://www.instagram.com/theknightnewsqc/,1241,,,,,,,,,,,,,
CUNY York College,NY,Pandora's Box,https://yorkpbnews.net,https://yorkpbnews.net/staff/,,40.7010415,-73.7961103,@yorkpbnews,https://www.instagram.com/YorkPBNews/,89,,,,,,,,,,,,,
Cuyahoga Community College,OH,The Voice,http://www.cccvoice.com,http://www.cccvoice.com/about/,,41.4457927,-81.5015183,@cccvoiceoh,https://www.instagram.com/cccvoiceoh/,242,,,,,,,,,,,,,
Cypress College,CA,Cypress Chronicle,https://cychron.cypresscollege.edu/,,,33.8280483,-118.0239221,@cypresschroniclenews,https://www.instagram.com/cypresschroniclenews/,744,,,,,,,,,,,,,
Daemen College,NY,Daemen Insight,https://insight.daemen.edu/category/news/,"https://insight.daemen.edu/about-us/, https://www.daemen.edu/academics/college-arts-sciences-education/english/our-faculty",,42.9656439,-78.7889211,@daemen_insight_newspaper,https://www.instagram.com/daemen_insight_newspaper/,176,,,,,,,,,,,,,
Dallas College - Brookhaven Campus,TX,The Brookhaven Courier,https://brookhavencourier.com,https://brookhavencourier.com/contactus/,,32.9292511,-96.8500787,@brookhaven_courier,https://www.instagram.com/brookhaven_courier/,512,,,,,,,,,,,,,
Dallas College - Eastfield Campus,TX,The Et Cetera,https://eastfieldnews.com,https://eastfieldnews.com/about-us/,,32.8140043,-96.6608109,@theetcetera,https://www.instagram.com/theetcetera/,504,,,,,,,,,,,,,
Dallas College - North Lake Campus,TX,News-Register,https://nlcnewsregister.com,https://nlcnewsregister.com/about/,,32.8718694,-96.9670894,@nlcnewsregister,https://www.instagram.com/nlcnewsregister/,55,,,,,,,,,,,,,
Dallas College - Richland Campus,TX,Richland Student Media,https://richlandstudentmedia.com,https://richlandstudentmedia.com/staff/,,32.9211773,-96.7284623,@richlandstudentmedia,https://www.instagram.com/richlandstudentmedia/,509,,,,,,,,,,,,,
Dartmouth College,NH,The Dartmouth,https://www.thedartmouth.com  ,https://www.thedartmouth.com/page/contact  ,,43.7044406,-72.2886934,@thedartmouth,https://www.instagram.com/thedartmouth/,12910,,,,,,,,,,,,,
Davidson College,NC,The Davidsonian,https://thedavidsonian.news/category/news/  ,https://thedavidsonian.news/about/  ,,35.5015528,-80.8423248,@the_davidsonian,https://www.instagram.com/the_davidsonian/,3676,,,,,,,,,,,,,
Daytona State College,FL,In Motion,https://daytonastateinmotion.com/ ,https://daytonastateinmotion.com/team-members-2024-2025-2/,,29.2016844,-81.0492842,@inmotion_dsc,https://www.instagram.com/Inmotion_dsc,1182,,,,,,,,,,,,,
De Anza College,CA,La Voz News,https://lavozdeanza.com/,https://lavozdeanza.com/share-your-voice/,,37.3192806,-122.0447919,@lavozdeanza,https://www.instagram.com/lavozdeanza/,4512,,,,,,,,,,,,,
Defiance College,OH,The Defender,https://defender.defiance.edu,https://defender.defiance.edu/editors-welcome/,,41.2963026,-84.3598197,Not found,,,,,,,,,,,,,,,
Del Mar College,TX,Foghorn News,https://www.foghornnews.comm,https://www.foghornnews.com/our-staff/,,27.7635746,-97.4076327,Not found,,,,,,,,,,,,,,,
Delta College,FL,Delta Collegiate,https://deltacollegiate.org ,https://deltacollegiate.org/about-us/ ,,43.5590084,-83.9858873,@deltacollegiate,https://www.instagram.com/deltacollegiate/,1076,,,,,,,,,,,,,
Delta State University,MS,The Delta Statement,https://deltastatement.com,"https://deltastatement.com/staff-2/, https://deltastatement.com/contact/",,33.7453784,-90.7354508,@thedeltastatement,https://www.instagram.com/thedeltastatement/,258,,,,,,,,,,,,,
Denison University,OH,The Denisonian,https://denisonian.com,https://denisonian.com/about-us/,,40.0735236,-82.5227273,@thedenisonian,https://www.instagram.com/thedenisonian/,2005,,,,,,,,,,,,,
DePaul University,IL,The DePaulia,https://depauliaonline.com,https://www.facebook.com/TheDePaulia/,,41.9241868,-87.6541655,@thedepaulia,https://www.instagram.com/thedepaulia/,6532,,,,,,,,,,,,,
DePauw University,IN,The DePauw,https://thedepauw.com,"https://thedepauw.com/meet-the-team/, https://thedepauw.com/contact-us/",,39.6394252,-86.8634933,@thedepauw,https://www.instagram.com/thedepauw/,2163,,,,,,,,,,,,,
Des Moines Area Community College - Akeny  ,IA,The Campus Chronicle,https://campuschroniclenews.com,https://campuschroniclenews.com/staff/,,41.7483226,-93.6004005,@dmaccchronicle,https://www.instagram.com/dmaccchronicle/,458,,,,,,,,,,,,,
Des Moines Area Community College - Boone ,IA,Banner News,https://bannernews.org,"https://bannernews.org/staff/, https://www.boonegov.com/egov/apps/staff/directory.egov?view=detail;id=724",,41.5995632,-93.6275569,@dmaccbannernews,https://www.instagram.com/dmaccbannernews/,286,,,,,,,,,,,,,
Des Moines Area Community College - Urban,IA,Urban Vibe,https://www.urbanvibenews.com/tag/student-newspaper/,https://www.facebook.com/dmaccvibe/,,41.5995632,-93.6275569,@dmacc_vibe,https://www.instagram.com/dmacc_vibe/,286,,,,,,,,,,,,,
Diablo Valley College,CA,The Inquirer,https://www.dvcinquirer.com,https://www.dvcinquirer.com/about/,,37.9686774,-122.0711537,@dvcinquirer,https://www.instagram.com/dvcinquirer/,461,,,,,,,,,,,,,
Dickinson College,PA,The Dickinsonian,https://thedickinsonian.com,"https://thedickinsonian.com/staff/, https://thedickinsonian.com/contact-us/",,40.2027461,-77.2008334,@thedickinsonian,https://www.instagram.com/thedickinsonian/,1753,,,,,,,,,,,,,
Dillard University,LA,Courtboullion,https://ducourtbouillon.com/,https://ducourtbouillon.com/staff/,,29.9971246,-90.0615857,Not found,,,,,,,,,,,,,,,
Doane University,NE,Doane Owl,https://doaneline.com/2025/05/06/the-doane-owl-may-6-2025/,"https://doaneline.com/2025/05/06/the-doane-owl-may-6-2025/, https://web.doane.edu/student-organizations/doane-owl",,40.622954,-96.950967,@doaneline,https://www.instagram.com/doaneline/,491,,,,,,,,,,,,,
Dominican University,IL,Dominican Star,https://dominicanstar.comm,"https://dominicanstar.com/about/, https://dominicanstar.com/letter-from-the-editor-22/ ",,41.902411,-87.822057,@the_dominican_star,https://www.instagram.com/the_dominican_star/,980,,,,,,,,,,,,,
Dordt University,IA,The Dordt Diamond,https://digitalcollections.dordt.edu/dordt_diamond/,"https://digitalcollections.dordt.edu/cgi/viewcontent.cgi?article=1899&context=dordt_diamond, https://www.facebook.com/TheDordtDiamond/, https://www.dordt.edu/people/lee-pitts",,43.0824829,-96.1663608,@thedordtdiamond,https://www.instagram.com/thedordtdiamond/,405,,,,,,,,,,,,,
Drake University,IA,The Times-Delphic,https://timesdelphic.com,"https://timesdelphic.com/about-2/staff/, https://timesdelphic.com/contact/",,41.6030995,-93.6546481,@draketimesdelphic,https://www.instagram.com/draketimesdelphic/,1546,,,,,,,,,,,,,
Drexel University,PA,The Triangle,https://www.thetriangle.org,"https://www.thetriangle.org/staff/, https://www.thetriangle.org/about/",,39.9566127,-75.1899441,@drexeltriangle,https://www.instagram.com/drexeltriangle/,4399,,,,,,,,,,,,,
Drury University,MO,Drury Mirror,https://drurymirror.orgg,https://www.drury.edu/life-at-drury/get-involved/the-mirror/ ,,37.2202138,-93.2855521,@drurymirror,https://www.instagram.com/drurymirror/,33,,,,,,,,,,,,,
Duke University,NC,The Chronicle,https://www.dukechronicle.com/,https://www.dukechronicle.com/page/contact,,36.0014258,-78.9382286,@thedukechronicle,https://www.instagram.com/thedukechronicle/,19502,,,,,,,,,,,,,
Duquesne University,PA,The Duquesne Duke,https://duquesneduke.org,"https://duquesneduke.org/theduke-editors/, https://duquesneduke.org/theduke-contact/",,40.4369485,-79.9902576,@theduquesneduke,https://www.instagram.com/theduquesneduke/,1939,,,,,,,,,,,,,
Earlham College,IN,Earlham Word,https://earlhamword.com,https://earlhamword.com/contact-us/,,39.823941,-84.913241,@earlham_word,https://www.instagram.com/earlham_word/,951,,,,,,,,,,,,,
East Carolina University,NC,The East Carolinian,https://www.piratemedia1.com/theeastcarolinian/,https://www.piratemedia1.com/site/about.html,,35.6068806,-77.3665364,@theeastcarolinian,https://www.instagram.com/theeastcarolinian/,6402,,,,,,,,,,,,,
East Central College,MO,ECC Cornerstone,https://ecc-cornerstone.com,https://www.facebook.com/ECCStudentMedia/,,38.4317925,-90.9782362,Not found,,,,,,,,,,,,,,,
East Georgia State College,GA,The Hoopee Bird,https://www.ega.edu/current-students/campus-life/student-publications/hoopee-bird.html,https://www.ega.edu/current-students/campus-life/student-publications/hoopee-bird.html,"EGSC merged into SGU, so likely no longer operating",32.595367,-82.307009,Not found,,,,,,,,,,,,,,,
East Stroudsburg University of Pennsylvania,PA,The Stroud Courier,https://thestroudcourier.com,https://www.esu.edu/english/student_publications.cfm,,40.9974693,-75.1727074,@thestroudcourier,https://www.instagram.com/thestroudcourier/,672,,,,,,,,,,,,,
East Tennessee State University,TN,East Tennesseean,https://easttennessean.com/#google_vignette,https://easttennessean.com/593-2/,,36.3023954,-82.369853,@easttennessean,https://www.instagram.com/easttennessean/,3967,,,,,,,,,,,,,
Eastern Connecticut State University,CT,The Campus Lantern,https://www.thecampuslantern.com,https://www.thecampuslantern.com/contact,,41.7214436,-72.2177527,@campuslantern,https://www.instagram.com/campuslantern/,731,,,,,,,,,,,,,
Eastern Illinois University,IL,Daily Eastern News,https://www.dailyeasternnews.com,https://www.dailyeasternnews.com/staff/,,39.4835612,-88.1752184,@dailyeasternnews,https://www.instagram.com/dailyeasternnews/,1000,,,,,,,,,,,,,
Eastern Kentucky University,KY,Eastern Progress,https://www.easternprogress.com ,https://www.easternprogress.com/site/contact_us.html ,,37.7386943,-84.2999687,@easternprogress,https://www.instagram.com/easternprogress/,2954,,,,,,,,,,,,,
Eastern Mennonite University,VA,The Weather Vane,https://www.theweathervane.org,https://www.theweathervane.org/contact/,,38.4726203,-78.8773972,Not found,,,,,,,,,,,,,,,
Eastern Michigan University,MI,The Eastern Echo,https://www.easternecho.com,https://www.easternecho.com/page/contact,,42.2506803,-83.624089,@easternechoofficial,https://www.instagram.com/easternechoofficial/,3449,,,,,,,,,,,,,
Eastern New Mexico University,NM,The Chase, https://www.enmuthechaseonline.com/,https://www.facebook.com/ENMUTheChase/,,34.1775401,-103.3477839,Not found,,,,,,,,,,,,,,,
Eastern Oregon University,OR,The Voice,https://thevoiceofeou.com,"https://www.facebook.com/eouthevoice/, https://thevoiceofeou.com/features/join-our-team/",,45.3183417,-118.091002,Not found,,,,,,,,,,,,,,,
Eastern University,PA,The Waltonian,https://waltonian.eastern.edu,"https://waltonian.eastern.edu/about-us/meet-the-staff/, https://www.eastern.edu/student-life/student-support/academic-resource-center/contact-us, https://www.eastern.edu/Nicole-Markert",,40.0511897,-75.3712811,@euwaltonian,https://www.instagram.com/euwaltonian/,715,,,,,,,,,,,,,
Eastern Washington University,WA,The Easterner,https://theeasterner.org,"https://theeasterner.org/about/staff/, https://theeasterner.org/about/contact-us/",,47.4906616,-117.5847877,@the_easterner,https://www.instagram.com/the_easterner/,1339,,,,,,,,,,,,,
Eastfield College,TX,Et Cetera,https://eastfieldnews.comm,https://eastfieldnews.com/staff/,,32.8140043,-96.6608109,Not found,,,,,,,,,,,,,,,
Eckerd College,FL,The Current,https://www.theonlinecurrent.com,https://www.theonlinecurrent.com/site/contact.html,,27.7147317,-82.6864739,@tritonpublications,https://www.instagram.com/tritonpublications/,2816,,,,,,,,,,,,,
Edinboro University,PA,The Spectator,https://www.edinboronow.com/Spectator,"https://www.edinboronow.com/about-edinboro-now, https://www.pennwest.edu/about/directory/goh.php",,41.871572,-80.1208028,@edinboronow,https://www.instagram.com/edinboronow/,1115,,,,,,,,,,,,,
Edmonds Community College,WA,The Triton Review,https://thetritonreview.com/?full-site,"https://www.edmonds.edu/campus-life/triton-review/, https://www.edmonds.edu/programs-and-degrees/areas-of-study/arts-and-communication/english/faculty/rob-harrill.html",,47.8163839,-122.3266396,@thetritonreview,https://www.instagram.com/thetritonreview/,122,,,,,,,,,,,,,
El Camino College,CA,The Union,https://eccunion.com/,https://eccunion.com/about/,,33.8842409,-118.3302549,@eccunion,https://www.instagram.com/eccunion/,1289,,,,,,,,,,,,,
Elgin Community College,IL,The Observer,https://elginobserver.com,https://www.facebook.com/ElginObserver/,,42.0189376,-88.32055,@observernewspaper,https://www.instagram.com/observernewspaper/?hl=en,400,,,,,,,,,,,,,
Elizabethtown College,PA,The Etownian,https://etownian.com,https://etownian.com/about/,,40.1493299,-76.5896835,@etownian,https://www.instagram.com/etownian/,1002,,,,,,,,,,,,,
Elmhurst University,IL,The Leader,https://elmhurstleader.com,https://elmhurstleader.com/about/letter-to-the-editor/,,41.8968173,-87.9471525,@elmhurstleader,https://www.instagram.com/elmhurstleader/,969,,,,,,,,,,,,,
Elon University,NC,The Pendulum,https://www.elonnewsnetwork.com/staff/the-pendulum,"https://www.elonnewsnetwork.com/page/staff, https://www.elonnewsnetwork.com/page/contact",,36.1018842,-79.5068178,@elonnewsnetwork,https://www.instagram.com/elonnewsnetwork/,7256,,,,,,,,,,,,,
Embry-Riddle Aeronautical University,FL,Horizons Newspaper,https://eaglelife.erau.edu/HORIZONS/blog/issue-12-vol-41/25157/,https://eaglelife.erau.edu/HORIZONS/blog/issue-12-vol-41/25157/,,29.1917102,-81.0501089,@horizons_news,https://www.instagram.com/horizons_news/,771,,,,,,,,,,,,,
Emerson College,MA,The Berkeley Beacon,https://berkeleybeacon.com,https://berkeleybeacon.com/contact/  ,,42.352123,-71.065877,@berkeleybeacon,https://www.instagram.com/berkeleybeacon/,3312,,,,,,,,,,,,,
Emmanuel College,MA,The Hub,https://ecthehubcom.wordpress.com,https://ecthehubcom.wordpress.com/meet-our-team/,,42.340944,-71.102685,Not found,,,,,,,,,,,,,,,
Emory & Henry College,VA,The Whitetopper,https://whitetopper.weebly.com,"https://whitetopper.weebly.com/about.html, https://www.emoryhenry.edu/live/profiles/447-mark-finney",,36.7725202,-81.8292496,Not found,,,,,,,,,,,,,,,
Emory University,GA,The Emory Wheel,https://www.emorywheel.com,https://www.emorywheel.com/page/contact,,33.7973735,-84.3252791,@emorywheel,https://www.instagram.com/emorywheel/,7587,,,,,,,,,,,,,
Emporia State University,KS,The Bulletin,https://www.esubulletin.com  ,https://www.esubulletin.com/about/  ,,38.4162018,-96.1792715,@esubulletin,https://www.instagram.com/esubulletin/,784,,,,,,,,,,,,,
Endicott College,MA,Endicott Observer,https://www.endicottobserver.com,https://www.endicottobserver.com/site/meet_the_staff.html,,42.5535151,-70.8436261,@endicottobserver,https://www.instagram.com/endicottobserver/,671,,,,,,,,,,,,,
Evangel University,MO,The Lance,https://lance.evangelvalormedia.com/the-lance/,"https://www.facebook.com/evangellance/, https://lance.evangelvalormedia.com/the-lance/, https://www.evangel.edu/faculty/melinda-booze/",,37.2214863,-93.264054,@evangellance,https://www.instagram.com/evangellance/,1518,,,,,,,,,,,,,
Everett Community College,WA,The Clipper,https://everettclipper.com,https://everettclipper.com/contact/,,48.0065975,-122.2047418,@everettclipper,https://www.instagram.com/everettclipper/,805,,,,,,,,,,,,,
Fairfield University,CT,The Fairfield Mirror,https://therearview.org,https://therearview.org,,41.1598949,-73.2575513,@fairfieldmirror,https://www.instagram.com/fairfieldmirror/,4271,,,,,,,,,,,,,
Fairleigh Dickinson University,NJ,Equinox,https://www.instagram.com/equinoxfdu/,https://www.fdu.edu/campuses/metropolitan-campus/campus-life/office-of-student-life/student-organizations/media-organizations/,,40.898241,-74.0303046,@equinoxfdu,https://www.instagram.com/equinoxfdu/,506,,,,,,,,,,,,,
Fairmont State University,WV,The Columns,https://columnsfairmontstate.com,"https://columnsfairmontstate.com/staff/, https://www.facebook.com/FSUColumns/",,39.4857867,-80.1630335,@fsucolumns,https://www.instagram.com/fsucolumns/,327,,,,,,,,,,,,,
Fayetteville State University,NC,The Voice,https://www.fsuthevoice.com,https://www.fsuthevoice.com/about-us/,,35.0742206,-78.8924896,@fsuthevoice_,https://www.instagram.com/fsuthevoice_/,828,,,,,,,,,,,,,
Ferris State University,MI,The Ferris State Torch,https://fsutorch.com,https://fsutorch.com/staff/,,43.6839617,-85.4852488,@fsutorch,https://www.instagram.com/fsutorch/,987,,,,,,,,,,,,,
Fitchburg State University,MA,The Point,https://fitchburgpoint.com,https://fitchburgpoint.com/staff/,,42.5899239,-71.7888684,@thepointfsu,https://www.instagram.com/thepointfsu/,600,,,,,,,,,,,,,
Flagler College,FL,Gargoyle,https://gargoyle.flagler.edu/,https://gargoyle.flagler.edu/contact-us/,,29.8932072,-81.3155866,@flaglergargoyle,https://www.instagram.com/flaglergargoyle/,820,,,,,,,,,,,,,
Florida A&M University,FL,The Famuan,https://www.thefamuanonline.com,"https://www.thefamuanonline.com/about-us/, https://www.famu.edu/info/faculty-staff/profiles/sjgc/douglas-blackburn.php",,30.4227211,-84.2877093,@thefamuan1887,https://www.instagram.com/thefamuan1887/,910,,,,,,,,,,,,,
Florida Atlantic University,FL,University Press,https://www.upressonline.com,https://www.upressonline.com/staff/,,26.3737473,-80.1019023,@upressonline,https://www.instagram.com/upressonline/,5173,,,,,,,,,,,,,
Florida Gulf Coast University,FL,Eagle News,https://eaglenews.org,https://eaglenews.org/contact/,,26.4588273,-81.7622951,@eaglenews,https://www.instagram.com/eaglenews/,3519,,,,,,,,,,,,,
Florida Institute of Technology,FL,The Crimson,https://www.crimson.fit.edu,https://www.crimson.fit.edu/site/contact.html,,28.0639632,-80.621455,@ftcrimson,https://www.instagram.com/ftcrimson/,962,,,,,,,,,,,,,
Florida International University,FL,PantherNOW,https://panthernow.com,"https://panthernow.com/about-us/, https://discovery.fiu.edu/display/person-kopenhaverlillian-lodge",,25.7562465,-80.3755401,@panthernow,https://www.instagram.com/panthernow/,2529,,,,,,,,,,,,,
Florida Southern College,FL,The Southern,https://fscsouthern.com,https://fscsouthern.com/about/,,28.0314545,-81.9450401,@fscsouthern,https://www.instagram.com/fscsouthern/,1674,,,,,,,,,,,,,
Florida State College at Jacksonville,FL,The Campus Voice,https://thecampusvoice.wordpress.com,https://thecampusvoice.wordpress.com/about/,,30.2218663,-81.5537294,Not found,,,,,,,,,,,,,,,
Fordham University Lincoln Center,NY,The Observer,https://fordhamobserver.com,"https://fordhamobserver.com/editorial-board/, https://www.facebook.com/FordhamObserver/",,40.7710298,-73.9850963,@fordhamobserver,https://www.instagram.com/fordhamobserver/,2826,,,,,,,,,,,,,
Fordham University Rose Hill,NY,The Fordham Ram,https://thefordhamram.com/news/,https://thefordhamram.com/staff/,,40.861215,-73.8892579,@thefordhamram,https://www.instagram.com/thefordhamram/,5036,,,,,,,,,,,,,
Fort Hays State University,KS,Tiger Media Network,https://tigermedianet.com,https://tigermedianet.com/?page_id=33939,,38.8714463,-99.3444887,@tigermedianet,https://www.instagram.com/tigermedianet/,4994,,,,,,,,,,,,,
Framingham State University,MA,The Gatepost,https://www.fsugatepost.com/all-news,https://www.fsugatepost.com/contact,,42.298308,-71.4370588,@thegatepost,https://www.instagram.com/thegatepost/,837,,,,,,,,,,,,,
Francis Marion University,SC,The Patriot,https://patriotnewsonline.com,https://www.facebook.com/ThePatriotNewspaper,,34.1904251,-79.6519849,@fmupatriotnews,https://www.instagram.com/fmupatriotnews,517,,,,,,,,,,,,,
Franciscan University of Steubenville,OH,The Troubadour,https://troubonline.com,"https://troubonline.com/meet-the-staff/, https://troubonline.com/contact-us/",,40.3777611,-80.6250737,@troubadorfus,https://www.instagram.com/troubadourfus,,,,,,,,,,,,,,
Franklin & Marshall College,PA,The College Reporter,https://www.the-college-reporter.com,https://www.the-college-reporter.com/staff/,,40.0480017,-76.319749,@thecollegereporter,https://www.instagram.com/thecollegereporter/,1089,,,,,,,,,,,,,
Franklin College,IN,The Franklin,https://www.thefranklinnews.com/news/,https://www.thefranklinnews.com/site/contact.html,,39.478646,-86.045479,@thefranklinnews,https://www.instagram.com/thefranklinnews/,1138,,,,,,,,,,,,,
Franklin Pierce University,NH,Pierce Arrow,https://piercearrow.org,"https://piercearrow.org/staff/, https://piercearrow.org/get-involved/, https://www.facebook.com/piercearrownews/",,42.7789743,-72.0555393,Not found,,,,,,,,,,,,,,,
Frederick Community College,MD,The Commuter,https://thecommuter.org,https://thecommuter.org/about/,,39.4516656,-77.418018,Not found,,,,,,,,,,,,,,,
Fresno City College,CA,The Rampage,therampageonline.com,https://www.therampageonline.com/contact-us/,,36.7669209,-119.7979063,@rampagenews,https://www.instagram.com/rampagenews/,2595,,,,,,,,,,,,,
Fresno Pacific University,CA,The Syrinx,https://medium.com/the-syrinx,"https://medium.com/the-syrinx/about, https://www.einpresswire.com/world-media-directory/detail/78678",,36.726296,-119.7361141,Not found,,,,,,,,,,,,,,,
Front Range Community College,CO,The Front Page,https://thefrontpagefrcc.com/,"https://thefrontpagefrcc.com/contact/, https://thefrontpagefrcc.com/contact/",,40.5227521,-105.0929273,Not found,,,,,,,,,,,,,,,
Frostburg State University,MD,The Bottom Line News,https://thebottomlinenews.com/news/ ,https://thebottomlinenews.com/contact-us/  ,,39.6498754,-78.9345609,@thebottomlinefsu,https://www.instagram.com/thebottomlinefsu/,425,,,,,,,,,,,,,
Fullerton College,CA,The Hornet,https://fchornetmedia.com,"https://fchornetmedia.com/staff/, https://www.facebook.com/thefchornet/, https://journalism.fullcoll.edu/k-Teacher/jessica-langlois/",,33.8758434,-117.9173893,@fchornet,https://www.instagram.com/fchornet/,1816,,,,,,,,,,,,,
Furman University,SC,Paladin Newspaper,https://thepaladin.news,https://thepaladin.news/staff/,,34.9274688,-82.4400666,@thepaladin.news,https://www.instagram.com/thepaladin.news/,1846,,,,,,,,,,,,,
Gadsden State Community College,AL,Cardinal Arts Journal,https://cardinalartsjournal.org,https://cardinalartsjournal.org,,33.9955117,-85.9915702,Not found,,,,,,,,,,,,,,,
Gannon University,PA,The Gannon Knight,https://gannonknight.com/news/,https://gannonknight.com/our-staff/,,42.1275517,-80.0896332,@gannonknight,https://www.instagram.com/gannonknight/,994,,,,,,,,,,,,,
Garden City Community College,KS,GC3 Media (includes Silhouette newspaper),https://gc3media.net,https://www.facebook.com/GC3StudentMedia/?ref=bookmarks,,37.970798,-100.849507,@gc3_media,https://www.instagram.com/gc3_media/,454,,,,,,,,,,,,,
Gardner Webb University,NC,GWU Today,https://gwu-today.com/?cat=2,https://gwu-today.com/?page_id=68,,35.2475249,-81.6706979,@gwutoday,https://www.instagram.com/gwutoday/,318,,,,,,,,,,,,,
Geneva College,PA,The Geneva Cabinet,https://www.thegenevacabinet.com,"https://static1.squarespace.com/static/630ff3f7ddd60268d14f3564/t/673dea7909cc1049e8f05291/1732110971340/The+Geneva+Cabinet+Fall+2024+Issue+2.pdf, https://www.thegenevacabinet.com",,40.7716477,-80.3225089,@thegenevacabinet,https://www.instagram.com/thegenevacabinet/,660,,,,,,,,,,,,,
George Fox University,OR,The Crescent,https://www.gfucrescent.com,https://www.gfucrescent.com/staff,,45.3042174,-122.9661701,@the_crescent,https://www.instagram.com/the_crescent/,855,,,,,,,,,,,,,
George Mason University,VA,Fourth Estate,https://gmufourthestate.com,"https://gmufourthestate.com/contact-us/, https://gmufourthestate.com/about/, https://studentmedia.gmu.edu/person/kathryn-mangus/",,38.8314578,-77.3117471,@ivestate,https://www.instagram.com/ivestate/,1513,,,,,,,,,,,,,
Georgetown University,"Washington, DC",The Hoya,https://thehoya.com,"https://thehoya.com/about-us/staff/staff/, https://thehoya.com/contact-us/",,38.9076089,-77.0722585,@the_hoya,https://www.instagram.com/the_hoya/,11923,,,,,,,,,,,,,
Georgia Gwinnett College,GA,The Globe,https://theglobeggc.net,https://www.facebook.com/theglobeggc,,33.9802966,-84.0047709,@theglobe_ggc,https://www.instagram.com/theglobe_ggc/,,,,,,,,,,,,,,
Georgia Highlands College,GA,Six Mile Post,https://sixmilepost.com,https://sixmilepost.com/contact-us/,,34.1697568,-85.2074433,@6milepost,https://www.instagram.com/6milepost/,235,,,,,,,,,,,,,
Georgia Institute of Technology,GA,Technique,https://nique.net,https://nique.net/about/,,33.7783046,-84.3991657,@gt_nique,https://www.instagram.com/gt_nique/,3500,,,,,,,,,,,,,
Georgia Southern University,GA,The George-Anne,https://thegeorgeanne.com/,"https://thegeorgeanne.com/meet-the-staff/, https://www.facebook.com/thegeorgeanne/",,32.4206845,-81.7869734,@gamediagroup,https://www.instagram.com/gamediagroup/,1263,,,,,,,,,,,,,
Georgia Southwestern State University,GA,Sou'Wester ,https://www.gsw.edu/student-life/clubs-orgs/souwester/,https://www.gsw.edu/student-life/clubs-orgs/souwester/staff,,32.0562815,-84.2173274,Not found,,,,,,,,,,,,,,,
Gettysburg College,PA,The Gettysburgian,https://gettysburgian.com/category/news/,https://gettysburgian.com/our-staff-2024-25/,,39.8356744,-77.2366796,@gettysburgian,https://www.instagram.com/gettysburgian/,2267,,,,,,,,,,,,,
Glendale Community College,CA,El Vaquero,https://elvaq.com ,https://elvaq.com/about/contact-us/,,34.16636,-118.2281216,Not found,,,,,,,,,,,,,,,
Gonzaga University,WA,Gonzaga Bulletin,https://www.gonzagabulletin.com,https://www.gonzagabulletin.com/site/contact.html,,47.6658548,-117.4021153,@thegonzagabulletin,https://www.instagram.com/thegonzagabulletin/,5121,,,,,,,,,,,,,
Gordon College,MA,The Tartan,https://tartan.gordon.edu,https://tartan.gordon.edu/contact-us/,,42.5878305,-70.8239307,Not found,,,,,,,,,,,,,,,
Goshen College,IN,The Record,https://record.goshen.edu,https://record.goshen.edu/about,,41.5637661,-85.8280841,@thegcrecord,https://www.instagram.com/thegcrecord/,638,,,,,,,,,,,,,
Goucher College,MD,The Quindecim,https://quinnews.com,https://quinnews.com/about-us,,39.4089561,-76.5926303,@goucherquindecim,https://www.instagram.com/goucherquindecim/,502,,,,,,,,,,,,,
Governors State University,IL,The Phoenix Newspaper,https://jaguarstudentmedia.org,https://jaguarstudentmedia.org/page-1/,,41.4483962,-87.7161863,@jaguarstudentmedia_govstate,https://www.instagram.com/jaguarstudentmedia_govstate/,77,,,,,,,,,,,,,
Grace College,IN,The Sounding Board,https://gracesoundingboard.wordpress.com/,,,41.226354,-85.8178681,Not found,,,,,,,,,,,,,,,
Graceland University,IA,The Tower,https://www.gracelandbuzz.org/towernewspaper,https://www.gracelandbuzz.org/meet-the-team,,40.6163638,-93.9263079,Not found,,,,,,,,,,,,,,,
Grand Rapids Community College,MI,The Collegiate,https://thecollegiatelive.com,https://thecollegiatelive.com/contact/,,42.9668968,-85.6667224,Not found,,,,,,,,,,,,,,,
Grand Valley State University,MI,Grand Valley Lanthorn,https://lanthorn.com,https://lanthorn.com/contact-us/,,42.9641221,-85.8890404,@gvlanthorn,https://www.instagram.com/gvlanthorn/,5271,,,,,,,,,,,,,
Grayson College,TX,The Viking Newspaper,https://www.grayson.edu/the-viking/index.html,https://www.grayson.edu/the-viking/index.html,,33.7050974,-96.6341045,Not found,,,,,,,,,,,,,,,
Green River College,WA,The Current,https://www.thegrcurrent.com,https://www.greenriver.edu/students/get-involved/the-current.html,,47.3131581,-122.1785746,Not found,,,,,,,,,,,,,,,
Greensboro College,NC,The Collegian,https://thegccollegian.com,https://thegccollegian.com/1926/01/26/hello-world/,,36.0710001,-79.8002632,@thegccollegian,https://www.instagram.com/thegccollegian/,473,,,thegccollegian,https://www.facebook.com/thegccollegian,,,,,,,,,
Grinnell College,IA,The Scarlet & Black,https://thesandb.com,"https://thesandb.com/staff/, https://thesandb.com/about-us/",,41.749223,-92.7201302,@grinnellsandb,https://www.instagram.com/grinnellsandb/,2961,@thesandb,https://x.com/thesandb,ScarletandBlack,https://www.facebook.com/ScarletandBlack/,,,,,,,,,
Grossmont Community College Student newspaper,CA,The Summit,https://gcsummit.com/,,,38.7945952,-106.5348379,@grossmontsummit,https://www.instagram.com/grossmontsummit/,317,,,,,,,,,,,,,
Guilford College,NC,The Guilfordian,https://www.guilfordian.com,"https://www.guilfordian.com/staff/, https://www.guilfordian.com/about/",,36.0918026,-79.8872571,@theguilfordian,https://www.instagram.com/theguilfordian/,866,@theguilfordian,https://x.com/theguilfordian,TheGuilfordian,https://www.facebook.com/TheGuilfordian,,,,,,,,,
Gwynedd Mercy University,PA,Griffins Den,https://www.gmercyu.edu/griffins-den/,,,40.1979262,-75.2368884,Not found,,,Not found,,Not found,,,,,,,,,,
Hamilton College,NY,The Spectator,https://spec.hamilton.edu,https://spec.hamilton.edu/about-us-6ecb30f6292,,43.0527984,-75.4059719,@hcspectator,https://www.instagram.com/hcspectator/,850,@hcspectator,https://x.com/hcspectator,hcspectator,https://www.facebook.com/hcspectator,,,,,,,,,
Hamline University,MN,The Oracle,https://hamlineoracle.com,"https://hamlineoracle.com/staff/, https://hamlineoracle.com/contact/",,44.9650421,-93.1644153,@hamlineoracle,https://www.instagram.com/hamlineoracle/,939,,,,,,,,,,,,,
Hampton University,VA,Hampton Script,https://hamptonscript.com/,https://hamptonscript.com/?s=contact,,37.0298687,-76.3452218,@huscript,https://www.instagram.com/huscript/,1402,,,,,,,,,,,,,
Hanover College,IN,The Triangle,https://hctriangle.com,"https://hctriangle.com/meet-the-staff, https://hctriangle.com",,38.7137524,-85.4602351,Not found,Not found,,,,TheTriangleStudentRunNewspaper,https://www.facebook.com/TheTriangleStudentRunNewspaper,,,,,,,,,
Harding University,AR,The Bison,https://thelink.harding.edu/the-bison/ ,https://thelink.harding.edu/the-bison/the-staff/  ,,35.2456371,-91.7242419,@hustudentpubs,https://www.instagram.com/hustudentpubs/,2069,,,,,,,,,,,,,
Harford Community College Student newspaper,MD,The Owl,https://www.harford.edu/experience/student-life/owl-media.php,,,39.5601692,-76.2845403,@owlmediahcc,https://www.instagram.com/owlmediahcc/,441,,,,,,,,,,,,,
Harper College,IL,Harbinger,https://harbinger.media,https://harbinger.media/about/,,42.0811966,-88.0720073,@harbstudentnews,https://www.instagram.com/harbstudentnews/,336,,,,,,,,,,,,,
Harrisburg Area Community College-Lancaster,PA,Live Wire,https://lancasteronline.com/news/,https://lancasteronline-pa.newsmemory.com/,,40.297487,-76.8863947,Not found,Not found,,,,LiveWireLancaster,https://www.facebook.com/LiveWireLancaster,,,,,,,,,
Harvard University,MA,The Harvard Crimson,https://www.thecrimson.com,"https://www.thecrimson.com/about/, https://www.facebook.com/TheHarvardCrimson/",,42.3744368,-71.1182488,@theharvardcrimson,https://www.instagram.com/theharvardcrimson/,71815,,,,,,,,,,,,,
Haskell Indian Nations University,KS,The Indian Leader,https://theindianleader.com,"https://theindianleader.com/contact/, https://theindianleader.com/contact-2/, https://haskell.edu/academics/media-comm/faculty-media-comm/",,38.939913,-95.2330438,@indianleader,https://www.instagram.com/indianleader/,1276,,,haskell.indianleader,https://www.facebook.com/haskell.indianleader,,,,,,,,,
Haverford College,PA,Clerk,https://haverfordclerk.com,https://haverfordclerk.com/about/editorial-staff/,,40.0089613,-75.3047747,@haverfordclerk,https://www.instagram.com/haverfordclerk/,1174,,,,,,,,,,,,,
Heidelberg University,OH,The Kilikilik,https://thekilikilik.wordpress.com,"https://thekilikilik.wordpress.com/about/, https://thekilikilik.wordpress.com/our-writers/, https://www.heidelberg.edu/directory/heather-surface",,41.1145838,-83.1669153,@heidelbergkil,https://www.instagram.com/heidelbergkil/,267,,,,,,,,,,,,,
Hendrix College,AR,The Profile,https://hendrixprofile.wordpress.com,"https://hendrixprofile.wordpress.com/about/, https://www.hendrix.edu/studentaffairs/default.aspx?id=5055",,35.1017695,-92.44072,@hendrixprofile,https://www.instagram.com/hendrixprofile/,705,,,,,,,,,,,,,
Henry Ford College,MI,Mirror News,https://mirrornews.hfcc.edu,https://mirrornews.hfcc.edu/contact,,42.3242969,-83.2376024,Not found,Not found,,,,@HFCMirrorNews,https://www.facebook.com/HFCMirrorNews/,,,,,,,,,
High Point University,NC,Campus Chronicle,https://www.campus-chronicle.com/,"https://www.campus-chronicle.com/about/, https://www.highpoint.edu/faculty-staff/office-of-communication/pam-haynes/",,35.972171,-79.9962549,Not found,Not found,,,,,,,,,,,,,,
Highline College,WA,The Thunderword,https://thunderword.highline.edu,https://thunderword.highline.edu/about/,,47.3883347,-122.3017666,@highlinetword,https://www.instagram.com/highlinetword/,253,@hc_thunderword,https://x.com/hc_thunderword,,,,,,,,,,,
Hillsborough Community College,FL,The Hawkeye,https://www.hawkeyenews.net,https://www.hawkeyenews.net/about/,,28.0260852,-82.1030339,@hcchawkeye,https://www.instagram.com/hcchawkeye/,88,@hcchawkeye,https://twitter.com/hcchawkeye,@hawkeyenewsnet,https://www.facebook.com/pages/Hawkeyenewsnet/220792934653761,,,,,,,,,
Hobart and William Smith Colleges,NY,The Herald,https://hwsherald.com,https://hwsherald.com/staff/,,42.8581453,-76.9866497,@hwsherald,https://www.instagram.com/hwsherald/,965,,,@theheraldnewspaper,https://www.facebook.com/theheraldnewspaper/,,,HWS Herald,https://www.linkedin.com/company/hws-herald,,,,,
Hofstra University,NY,Hofstra Chronicle,https://thehofstrachronicle.com/,https://thehofstrachronicle.com/staff/,,40.7168988,-73.5990378,@huchronicle,https://www.instagram.com/huchronicle/,1874,@HUChronicle,https://x.com/huchronicle,@huchronicle,https://www.facebook.com/huchronicle/,,,,,,,,,
Holmes Community College,MS,Growl,https://holmescc.edu/student-life/student-publications/,https://holmescc.edu/pdf/Publications/052925_Growl-Summer2025.pdf,,32.9691105,-89.9121229,Not found,Not found,,,,@hccgrowl,https://www.facebook.com/hccgrowl/,,,,,,,,,
Holy Cross College,IN,The Observer,https://www.ndsmcobserver.com/section/news,https://www.ndsmcobserver.com/page/contact,"Holy Cross, Saint Mary's, and Notre Dame",42.2392391,-71.8079608,@ndsmcobserver,https://www.instagram.com/ndsmcobserver/,8595,@NDSMCObserver,https://x.com/ndsmcobserver,@ndsmcobserver,https://www.facebook.com/ndsmcobserver/,@ndsmc.observer,https://www.tiktok.com/@ndsmc.observer,,,,,,,
Hood College,MD,The Blue and Grey,https://theblueandgrey.com ,https://theblueandgrey.com/index.php/contact-us/  ,,39.4227353,-77.4186862,@hoodblueandgrey,https://www.instagram.com/hoodblueandgrey/?hl=en,732,@blueandgreynews,https://x.com/blueandgreynews,@theblueandgrey,https://www.facebook.com/theblueandgrey,,,,,,,,,
Hope College,MI,The Anchor,https://anchor.hope.edu,https://anchor.hope.edu/contact-us/,,42.7875308,-86.1026663,@hopecollegeanchor,https://www.instagram.com/hopecollegeanchor?igsh=MWphMHdoMGcxZ3ljcA%3D%3D,945,,,@HopeAnchorNews,https://www.facebook.com/HopeAnchorNews,,,,,,,,,
Houston Community College ,TX,The Egalitarian,https://hccegalitarian.com/,,,38.7945952,-106.5348379,@thehccegalitarian,https://www.instagram.com/thehccegalitarian/,129,,,,,,,,,,,,,
Howard Community College,MD,HCC Times,https://hcctimes.org,https://hcctimes.org/about/creative/,,39.2124763,-76.8783768,Not found,Not found,,,,,,,,,,,,,,
Howard University,D.C.,Hilltops,https://thehilltoponline.com/,https://thehilltoponline.com/about/staff/,,38.9226843,-77.0194377,@thehilltophu,https://www.instagram.com/thehilltophu/,11527,@TheHilltopHU,https://x.com/thehilltophu,@TheHilltopHU,https://www.facebook.com/TheHilltopHU/,,,,,,,,,
Hudson Valley Community College ,NY,The Hudsonian,https://thehudsonian.org/,,,42.6958308,-73.6823853,@the_hudsonian,https://www.instagram.com/the_hudsonian/,368,,,@thehudsonian,https://www.facebook.com/thehudsonian/,,,,,,,,,
Humboldt State University,CA,The Lumberjack,https://thelumberjack.org,"https://thelumberjack.org/staff/, https://thelumberjack.org/contact-us/, https://www.humboldt.edu/journalism/deidre-pike",,40.8747332,-124.0789268,@humboldtlumberjack,https://www.instagram.com/humboldtlumberjack/,8598,,,@HSULumberjack,https://www.facebook.com/HSULumberjack/,,,,,,,,,
Huntingdon College,AL,The Prelude,https://www.huntingdon.edu/campus-life/get-involved/prelude-guidelines-for-submission/,https://www.huntingdon.edu/directory/dickson-foster/,,32.3505627,-86.2862295,Not found,Not found,,,,,,,,,,,,,,
Hutchinson Community College,KS,The Hutchinson Collegian,http://hutchcollegian.com,"http://hutchcollegian.com/about/, https://www.facebook.com/hutchinsoncollegian/, https://www.facebook.com/hallierjournalist/",,38.068019,-97.920531,@the_hutchinson_collegian,https://www.instagram.com/the_hutchinson_collegian/,825,@HutchCollegian,https://twitter.com/hutchcollegian,@hutchinsoncollegian,https://www.facebook.com/hutchinsoncollegian,,,,,,,,,
Idaho State University,ID,The Bengal,https://isubengal.com  ,https://www.idahostatejournal.com/users/profile/sharris/,,42.8627836,-112.429762,@isubengal,https://www.instagram.com/isubengal/,1282,@ISUBengal,https://x.com/isubengal,@isubengal,https://www.facebook.com/isubengal/,,,,,,,,,
Illinois State University ,IL,The Vidette,https://www.videtteonline.com/,https://www.videtteonline.com/,,40.5121009,-88.994763,@the_vidette,https://www.instagram.com/the_vidette/,2311,@The_Vidette,https://twitter.com/the_vidette,,,,,The Vidette at Illinois State University,https://www.linkedin.com/in/the-vidette-illinois-state-university-6438b4189/,,,,,
Illinois State University ,IL,Onyx Connect Media ,https://www.instagram.com/_theonyxconnectisu?igsh=MWppMTJ3Y2drdXAzeA%3D%3D&utm_source=qr,https://www.instagram.com/_theonyxconnectisu,,40.5121009,-88.994763,@_theonyxconnectisu,https://www.instagram.com/_theonyxconnectisu,1270,,,,,,,,,,,,,
Illinois Wesleyan University,IL,The Argus,https://www.iwuargus.com ,https://www.iwuargus.com/contact-information/ ,,40.4908891,-88.9906541,@iwuargus,https://www.instagram.com/iwuargus/?hl=en,798,@theargusiwu,https://twitter.com/theargusiwu,@iwuargus,https://www.facebook.com/iwuargus/,,,,,,,,,
Indiana State University,IN,Indiana Statesman,https://www.isustudentmedia.com/indianastatesman/,https://www.isustudentmedia.com/contact/,,39.4713985,-87.4082807,@isustatesman,https://www.instagram.com/isustatesman/,1159,@ISUstatesman,https://x.com/isustatesman,@isustatesman,https://www.facebook.com/isustatesman/,,,,,,,,,
Indiana University Bloomington,IN,Indiana Daily Student,https://www.idsnews.com/,https://www.idsnews.com/page/staff-list,,39.1682449,-86.5230073,@idsnews,https://www.instagram.com/idsnews/,19947,@idsnews,https://x.com/idsnews,@idsnews,https://www.facebook.com/idsnews/,@idsnews,https://www.tiktok.com/@idsnews,,,,,@idsnews,https://www.youtube.com/@idsnews,
Indiana University Indianapolis ,IN,The Campus Citizen,https://www.thecampuscitizen.com/,https://www.thecampuscitizen.com/page/contact,,39.7759306,-86.17616,@thecampuscitizen,https://www.instagram.com/thecampuscitizen/,1718,@CampusCitizen,https://x.com/CampusCitizen,@TheCampusCitizen,https://www.facebook.com/TheCampusCitizen/,,,The Campus Citizen,https://www.linkedin.com/company/thecampuscitizen,,,,,
Indiana University Kokomo,IN,The Correspondent,https://iuknews.org,https://www.facebook.com/thecorrespondent,,40.4594494,-86.1317354,@iuk_news,https://www.instagram.com/iuk_news/,343,@iuk_news,https://x.com/iuk_news,@thecorrespondent,https://www.facebook.com/thecorrespondent/,,,,,,,,,
Indiana University of Pennsylvania,PA,The Penn,https://www.thepenn.org,https://www.thepenn.org/site/our_staff.html,,40.6143979,-79.1610224,@thepenniup,https://www.instagram.com/thepenniup/?hl=en,1751,@ThePennIUP,https://x.com/ThePennIUP,@thepenniup,https://www.facebook.com/thepenniup/,,,,,,,,,
Indiana University of Pennsylvania-Main Campus,PA,The Penn,https://www.thepenn.org/,,,40.6143979,-79.1610224,@thepenniup,https://www.instagram.com/thepenniup/?hl=en,1751,@ThePennIUP,https://x.com/ThePennIUP,@thepenniup,https://www.facebook.com/thepenniup/,,,,,,,,,
Indiana University South Bend,IN,The Preface,https://iusbpreface.net,"https://iusbpreface.net/about-2/, https://arts.iusb.edu/faculty/communication-studies/communications-adjunct-faculty.htm, https://www.facebook.com/people/The-Preface-at-IU-South-Bend/61571609124864/?rdid=h52bWhmlUApiAFG1&share_url=https%3A%2F%2Fwww.facebook.com%2Fshare%2F1GCQPX9giD%2F",,41.6617986,-86.2204181,@iusbpreface,https://www.instagram.com/iusbpreface/,822,,,,,,,,,,,,,
Indiana Wesleyan University,IN,The Sojourn,https://thesojourn.online,https://www.facebook.com/iwusojourn/,,40.5180214,-85.6625813,Not found,Not found,,,,@iwusojourn,https://www.facebook.com/iwusojourn/,,,,,,,,,
Iona College,NY,The Ionian,https://theionian.org,"https://theionian.org/about/staff/?schoolyear=2024-2025, https://www.facebook.com/IonianNewspaper/",,40.9270597,-73.7863494,@theioniannewspaper,https://www.instagram.com/theioniannewspaper/,591,@ioniannewspaper,https://twitter.com/ioniannewspaper,@IonianNewspaper,https://www.facebook.com/IonianNewspaper/,,,,,,,,,
Iowa Central Community College,IA,The Collegian,http://www.iowacentralcollegian.com,http://www.iowacentralcollegian.com/about-us/contact/,,42.4903322,-94.2040362,Not found,Not found,,,,@IowaCentralCollegian,https://www.facebook.com/IowaCentralCollegian/,,,,,,,,,
Iowa State University,IA,Iowa State Daily,https://iowastatedaily.com/,https://iowastatedaily.com/contact/,,42.0266573,-93.6464516,@iowastatedaily,https://www.instagram.com/iowastatedaily/,6957,@iowastatedaily,https://twitter.com/iowastatedaily,@iowastatedaily,https://www.facebook.com/iowastatedaily/,,,,,,,,,
Ithaca College,NY,The Ithacan,https://theithacan.org,"https://theithacan.org/staff/?schoolyear=Spring%202025, https://theithacan.org/contact/",,42.4199229,-76.4969344,@ithacanonline,https://www.instagram.com/ithacanonline/,5133,@IthacanOnline,https://x.com/ithacanonline,@ithacanonline,https://www.facebook.com/ithacanonline/,@ithacanonline,https://www.tiktok.com/@ithacanonline,The Ithacan,https://www.linkedin.com/company/the-ithacan,,,,,
Jackson State University,MS,The Blue & White Flash,https://sites.jsums.edu/theflash/ ,"https://sites.jsums.edu/theflash/index.php/contact-us/, https://www.jsums.edu/sjms/personnel/tatum/",,32.2968882,-90.2063989,@experiencetheflash,https://www.instagram.com/experiencetheflash/,623,,,,,,,,,,,,,
Jacksonville State University,AL,The Chanticleer, https://jsuchanticleer.com/,https://www.jsuchanticleer.com/site/about.html,,33.8230953,-85.7681921,@chanticleerjsu,https://www.instagram.com/chanticleerjsu/,,@chanticleerjsu,https://twitter.com/chanticleerjsu,@ChanticleerJSU,https://www.facebook.com/ChanticleerJSU/,,,,,,,,,
Jacksonville University,FL,The Navigator,,https://www.facebook.com/TheJUNavigator/,"Warning on website, did not open ",30.3529114,-81.606213,@ju_navigator,https://www.instagram.com/ju_navigator/,,,,,,,,,,,,,,
James Madison University,VA,The Breeze,https://www.breezejmu.org  ,https://www.breezejmu.org/site/contact/  ,,38.435092,-78.8697548,@breezejmu,https://www.instagram.com/breezejmu/,6377,@TheBreezeJMU,https://x.com/thebreezejmu,@TheBreezeJMU,https://www.facebook.com/TheBreezeJMU/,,,,,,,,,
Jefferson State Community College,AL,The Pioneer,https://library.jeffersonstate.edu/Vol35-Iss2,https://library.jeffersonstate.edu/Vol35-Iss2,,33.386341,-86.7336964,Not found,Not found,,,,,,,,,,,,,,
John A. Logan College ,IL,The Volunteer,https://jalcvol.com,"https://jalcvol.com/about/staff/, https://jalcvol.com/contact/",,37.7484016,-89.0911838,@jalcvol,https://www.instagram.com/jalcvol/,658,,,@JALCVol,https://www.facebook.com/JALCVol/,,,,,,,,,
John Brown University,AR,Threefold Advocate,https://advocate.jbu.edu,https://www.facebook.com/threefoldjbu/,,36.1905331,-94.5592287,@threefoldadvocate,https://www.instagram.com/threefoldadvocate/?hl=en,820,@TheThreefold,https://x.com/thethreefold,@threefoldjbu,https://www.facebook.com/threefoldjbu/,,,,,,,,,
John Carroll University,OH,Carroll News,https://carrollnews.org/,https://carrollnews.org/about/contact-us/,,41.4905602,-81.5297689,@the_carroll_news,https://www.instagram.com/the_carroll_news/,948,@TheCarrollNews,https://x.com/TheCarrollNews,@TheCarrollNews,https://www.facebook.com/TheCarrollNews/,,,,,,,,,
Johns Hopkins University,MD,The Johns Hopkins News-Letter,https://www.jhunewsletter.com,"https://www.jhunewsletter.com/page/staff, https://www.jhunewsletter.com/page/contact",,39.3299013,-76.6205177,@jhunewsletter,https://www.instagram.com/jhunewsletter/,4758,@JHUNewsLetter,https://x.com/JHUNewsLetter,@JHUNewsLetter,https://www.facebook.com/JHUNewsLetter/,,,,,,,,,
Kalamazoo College,MI,The Index,https://index.kzoo.edu,https://index.kzoo.edu,,42.290035,-85.598145,@thekzooindex,https://www.instagram.com/thekzooindex,480,,,@TheKzooIndex,https://www.facebook.com/TheKzooIndex/,,,The Index (Kalamazoo College),https://www.linkedin.com/company/the-index-kalamazoo-college-,,,,,
Kansas State University,KS,The Collegian,https://kstatecollegian.com,"https://kstatecollegian.com/staff/, https://www.facebook.com/kstatecollegian",,39.1974437,-96.5847249,@kstatecollegian,https://www.instagram.com/kstatecollegian/,7024,@kstatecollegian,https://x.com/kstatecollegian,@kstatecollegian,https://www.facebook.com/kstatecollegian/,,,,,,,,,
Kansas Wesleyan University,KS,The Advance Newspaper,https://www.kwustudentmedia.com/category/news/?qtajax=true,https://www.kwustudentmedia.com/team-members/?qtajax=true  ,,38.8135523,-97.609081,@kwustudentmedia,https://www.instagram.com/kwustudentmedia/,341,,,@KWUStuMedia,https://www.facebook.com/KWUStuMedia/,,,,,,,,,
Kean University,NJ,The Tower,https://kutower.com,https://kutower.com/contact-us/,,40.6801659,-74.23311,@keantower,https://www.instagram.com/keantower?igsh=bDlpbjIyOHN5NXc4&utm_source=qr,1036,@KeanTower,https://x.com/keantower,@KUTower,https://www.facebook.com/KUTower/,,,,,,,,,
Keene State College,NH,The Equinox,https://kscequinox.com,https://kscequinox.com/contact/,,42.9254277,-72.2803457,@kscequinox,https://www.instagram.com/kscequinox/,1362,,,@KSCEquinox,https://www.facebook.com/KSCEquinox/,,,,,,,,,
Kellogg Community College,MI,The Bruin News,https://thebruinnews.com ,https://thebruinnews.com/contact/  ,,42.3349381,-85.1777241,@kccbruinnews,https://www.instagram.com/kccbruinnews/,218,,,@TheBruinNews,https://www.facebook.com/TheBruinNews/,,,,,,,,,
Kennesaw State University,GA,The Sentinel,https://theksusentinel.com,"https://theksusentinel.com/contact/, https://www.kennesaw.edu/student-affairs/involvement/activities/contact-us.php",,34.0369014,-84.582481,@ksu_sentinel,https://www.instagram.com/ksu_sentinel/,6114,@ksu_sentinel,https://x.com/ksu_sentinel,,,,,,,,,,,
Kent State University,OH,The Kent Stater,https://kentstater.com,https://kentstater.com/contact-us/,,41.1438917,-81.3365012,@kentwired,https://www.instagram.com/kentwired/,4887,@kentwired,https://x.com/kentwired,@KentWired,https://www.facebook.com/KentWired/,,,,,,,,,
Kentucky State University,KY,The Thorobred News,https://ksuthorobrednews.org,https://ksuthorobrednews.org/staff/,,38.1999772,-84.8565381,Not found,Not found,,,,,,,,,,,,,,
Kenyon College,OH,The Kenyon Collegian,https://kenyoncollegian.com,"https://kenyoncollegian.com/about-us/, https://kenyoncollegian.com/contact-us/, https://www.kenyon.edu/offices-and-services/office-of-communications/contact-us/, https://www.kenyon.edu/directory/fred-kluge/",,40.376152,-82.3957933,@thekenyoncollegian,https://www.instagram.com/kenyoncollegian/,959,@KenyonCollegian,https://twitter.com/KenyonCollegian,@kenyoncollegian,https://www.facebook.com/kenyoncollegian,,,,,,,,,
King's College,PA,The Crown,https://crown.kings.edu,"https://crown.kings.edu/?page_id=2700, https://www.facebook.com/KCTheCrown/",,41.2502745,-75.8794058,@kc_thecrown,https://www.instagram.com/kc_thecrown/,710,,,@KCTheCrown,https://www.facebook.com/KCTheCrown,,,,,,,,,
Kingsborough Community College ,NY,The Scepter,https://www.kbcc.cuny.edu/scepter/index.html,,,40.5786707,-73.9351016,@kccscepter,https://www.instagram.com/kccscepter/,129,,,,,,,,,,,,,
Kirkwood Community College,IA,Eagle Voice,https://www.eaglevoice.com ,https://www.eaglevoice.com/about-2/ ,,41.9109667,-91.6521601,@kirkwood_eaglevoice,https://www.instagram.com/kirkwood_eaglevoice/,141,,,@eaglevoice2,https://www.facebook.com/eaglevoice2,,,,,,,,,
Kishwaukee College,IL,The Kaleidoscope,,https://www.facebook.com/kishwaukeekscope/,Website could not be loaded,41.9384044,-88.8820157,Not found,Not found,,,,,,,,,,,,,,
Knox College,IL,The Knox Student,https://theknoxstudent.org,"https://theknoxstudent.org/staff/, https://www.facebook.com/theknoxstudent",,40.9416992,-90.3721309,@theknoxstudent,https://www.instagram.com/theknoxstudent,1190,@theknoxstudent,https://twitter.com/theknoxstudent,,,,,,,,,,,
Kutztown University of Pennsylvania,PA,Keystone Newspaper,https://thekeystonenews.com,"https://thekeystonenews.com/about-3/staff/, https://www.kutztown.edu/people/profile.html?person=downing",,40.5101216,-75.7822057,@keystoneatku,https://www.instagram.com/keystoneatku,959,@TheKeystoneNews,https://twitter.com/TheKeystoneNews,@TheKeystoneNewspaper,https://www.facebook.com/TheKeystoneNewspaper,,,,,,,,,
La Roche University,PA,The Redhawk Post,https://redhawkpost.com,https://redhawkpost.com/about-2/,,40.5684406,-80.0143294,@redhawkpost,https://www.instagram.com/redhawkpost,141,@redhawkpost,https://twitter.com/redhawkpost,,,,,,,,,@redhawkpost,https://www.youtube.com/@redhawkpost,
Lafayette College,PA,The Lafayette,https://lafayettestudentnews.com,"https://lafayettestudentnews.com/staff/, https://lafayettestudentnews.com/about/",,40.6984713,-75.2101079,@thelafayettenewspaper,https://www.instagram.com/thelafayettenewspaper/,3620,@TheLafayette,https://twitter.com/TheLafayette,@TheLafayette,https://www.facebook.com/TheLafayette,,,,,,,,,
LaGrange College,GA,The Hilltop News,https://lchilltopnews.org,https://lchilltopnews.org/contact-us/,,33.0384447,-85.0433441,@lchilltopnews,https://www.instagram.com/lchilltopnews,152,@LChilltopnews,https://twitter.com/lchilltopnews,,,,,,,,,,,
Lake Forest College,IL,The Stentor,https://stentornews.com,"https://stentornews.com/about/, https://www.lakeforest.edu/academics/student-honors-and-research/student-publications/stentor",,42.2503397,-87.8286109,@lfc_stentor,https://www.instagram.com/lfc_stentor,365,,,@LFCStentor1857,https://www.facebook.com/LFCStentor1857,,,,,,,,,
Lake Land College,IL,The Navigator News,https://thenavigatornews.com,"https://thenavigatornews.com/staff/, https://thenavigatornews.com/about/",,39.4168843,-88.380659,@thenavigatornews,https://www.instagram.com/thenavigatornews/,156,,,@LakeLandNavigator,https://www.facebook.com/LakeLandNavigator,,,,,,,,,
Lake Sumpter State College,FL,The Angler,https://lsscangler.com,"https://lsscangler.com/staff/, https://www.facebook.com/people/The-Angler-LSSC/61555330114822/",,28.8271938,-81.7965862,@theanglerlssc,https://www.instagram.com/theanglerlssc,,@theanglerLSSC,https://twitter.com/theanglerLSSC,,,,,,,,,,,
Lane Community College,OR,The Torch,https://lcctorch.com,https://lcctorch.com/meet-the-team/,,44.0089824,-123.034753,@thetorchnews,https://www.instagram.com/thetorchnews,607,,,,,,,,,,,,,
Laney College,CA,The Citizen,Www.peraltacitizen.com,https://peraltacitizen.com/about/,,37.7970191,-122.2633639,@theperaltacitizen,https://www.instagram.com/theperaltacitizen/,305,,,,,,,,,,,,,
Langston University,OK,The Gazette,https://langstongazette.com,https://langstongazette.com,,35.9459228,-97.2629209,@lu_gazette,https://www.instagram.com/lu_gazette,463,,,,,,,,,,,,,
Lansing Community College,MI,The Lookout,https://www.lcc.edu/lookout/index.html,https://www.lcc.edu/lookout/contact.html,,42.7401745,-84.551141,@lcc_thelookout,https://www.instagram.com/lcc_thelookout,200,@LCC_TheLookout,https://twitter.com/LCC_TheLookout,,,,,,,,,,,
Laramie County Community College,WY,The Wingspan,https://wyomingnewspapers.org/?a=q&hs=1&r=1&results=1&txf=txIN%7CtxCO%7CtxTA&txq=the+wingspan&e=-------en-20--1--img-txIN%7CtxCO%7CtxTA--------0------,https://www.lccc.wy.edu/news/2022-12-15_wingspan_archive.aspx,,41.1054751,-104.7768894,@lcccwingspan,https://www.instagram.com/lcccwingspan/,124,,,,,,,,,,,,,
Lawrence University,WI,The Lawrentian,https://www.lawrentian.com,https://www.lawrentian.com/contact,,44.2610186,-88.3985053,@the_lawrentian,https://www.instagram.com/the_lawrentian,1489,@TheLawrentian,https://twitter.com/TheLawrentian,,,,,,,,,,,
Lebanon Valley College,PA,La Vie Collegienne,http://wordpress.lvc.edu/wordpress/lavie/,http://wordpress.lvc.edu/wordpress/lavie/editors/,,40.3340766,-76.5157582,@lvclavie,https://www.instagram.com/lvclavie,708,@LaVie_LVC,https://twitter.com/LaVie_LVC,,,,,,,,,,,
Lee University,TN,Lee Clarion,https://www.leeclarion.com/,,,35.1657076,-84.869763,@leeclarion,https://www.instagram.com/leeclarion,1955,,,@LeeClarion,https://www.facebook.com/LeeClarion,,,,,,,,,
Leeward Community College,HI,Ka Mana'o,https://www.kamanaoleeward.com,"https://www.kamanaoleeward.com/contact, https://myuh.hawaii.edu/task/leeward/kamanao",,21.3928336,-157.985276,@ka_manao,https://www.instagram.com/ka_manao/,532,,,@kamanao.leewardcc,https://www.facebook.com/kamanao.leewardcc,,,,,,,,,
Lehigh Carbon Community College,PA,The Paw Print,https://www.lcccpawprint.net,https://www.lcccpawprint.net/about-us,,40.6647165,-75.6128436,@lcccpawprint,https://www.instagram.com/lcccpawprint/,283,,,,,,,,,,,,,
Lehigh University,PA,The Brown and White,https://thebrownandwhite.com ,https://thebrownandwhite.com/contact/  ,,40.6054003,-75.3771764,@lubrownwhite,https://www.instagram.com/lubrownwhite/,6044,@lubrownwhite,https://twitter.com/lubrownwhite,,,,,,,,,,,
Lesley University,MA,Lesley Public Post,https://digitalcommons.lesley.edu/lesley_current/,https://lesley.edu/contact-us,,42.3811689,-71.1175668,@lesleypublicpost,https://www.instagram.com/lesleypublicpost,33,,,,,,,,,,,,,
Lewis & Clark College,OR,The Mossy Log,https://mossylog.org,https://mossylog.org/staff/,,45.4485081,-122.6713007,@mossylog.news,https://www.instagram.com/mossylog.news,1455,,,,,,,,,,,,,
Lewis and Clark Community College ,IL,The Bridge,http://thelcbridge.com  ,http://thelcbridge.com/work-with-us/  ,,38.951806,-90.1944326,@thelcbridge,https://www.instagram.com/thelcbridge/,302,,,,,,,,,,,,,
Lewis University,IL,The Flyer,https://thelewisflyer.com,"https://thelewisflyer.com/meet-our-staff/, https://thelewisflyer.com/about/",,41.6048101,-88.0796259,@thelewisflyer,https://www.instagram.com/thelewisflyer,838,@TheLewisFlyer,https://twitter.com/thelewisflyer,,,,,,,,,,,
Lewis-Clark State College,ID,The Pathfinder,https://www.lcsc.edu/student-involvement/student-media/student-newspaper-pathfinder,"https://sites.google.com/lcmail.lcsc.edu/pathfinderpals/home, https://sites.google.com/lcmail.lcsc.edu/pathfinderpals/current-issue, https://www.lcsc.edu/faculty-staff-directory/seth-c-bradshaw, https://www.lcsc.edu/faculty-staff-directory/dana-m-parsons",,46.4116044,-117.0256654,@lcsc_pathfinder,https://www.instagram.com/lcsc_pathfinder,404,,,@LCPathfinder,https://www.facebook.com/LCPathfinder,,,,,,,,,
Liberty University,VA,Liberty Champion,https://www.liberty.edu/champion/category/news/,https://www.liberty.edu/champion/contact-us/,,37.3520604,-79.1753844,@luchampionnews,https://www.instagram.com/luchampionnews,2522,@LUChampionNews,https://twitter.com/luchampionnews,,,,,,,,,,,
Lincoln Land Community College,IL,The Lamp,https://thelamponline.com,"https://thelamponline.com/staff/, https://thelamponline.com/about-us/, https://www.facebook.com/lamp.newspaper/",,39.7203511,-89.6120151,@lampnewspaper,https://www.instagram.com/lampnewspaper,74,,,@lamp.newspaper,https://www.facebook.com/lamp.newspaper,,,,,,,,,
Lincoln University,MO,The Clarion,https://myclarionnews.wordpress.com/,https://myclarionnews.wordpress.com/staff/,,37.8047835,-122.2695869,@theclarionnews,https://www.instagram.com/theclarionnews,97,,,,,,,,,,,,,
Lindenwood University,MO,Lindenlink,https://lindenlink.com/category/news/,https://lindenlink.com/about-us/,,38.7857311,-90.5022054,@lindenwoodlindenlink,https://www.instagram.com/lindenwoodlindenlink,1847,@lindenlink,https://twitter.com/lindenlink,,,,,,,,,,,
Linfield University,OR,The Linfield Review,https://thelinfieldreview.com,https://thelinfieldreview.com/review-staff/,,45.1976558,-123.199904,@linfieldreview,https://www.instagram.com/linfieldreview,1141,@linfieldreview,https://twitter.com/linfieldreview,,,,,,,,,,,
Linn-Benton Community College,OR,The Commuter,https://lbcommuter.com,"https://lbcommuter.com/about-the-commuter/, https://lbcommuter.com/contact-the-commuter/",,44.5863104,-123.113914,@lbcommuter,https://www.instagram.com/lbcommuter,379,@LBCommuter,https://twitter.com/LBCommuter,@LBCCTheCommuter,https://www.facebook.com/LBCCTheCommuter,,,,,,,,,
Lipscomb University,TN,Lumination Network,https://lipscombmedia.com/category/news/,https://lipscombmedia.com/about/,,36.1046846,-86.7988728,@medialipscomb,https://www.instagram.com/medialipscomb/,872,@lipscombmedia,https://twitter.com/lipscombmedia,@lipscombmedia,https://www.facebook.com/lipscombmedia,@lipscombmedia,https://www.tiktok.com/@lipscombmedia,,,,,,,
Lock Haven University,PA,Eagle Eye,https://lhueagleeye.com,https://lhueagleeye.com/about-us/,,41.1412851,-77.4622131,@lhueagleeye,https://www.instagram.com/lhueagleeye,328,@lhueagleeye,https://twitter.com/lhueagleeye,@LHUEagleEye,https://www.facebook.com/LHUEagleEye,,,,,,,,,
Long Island University,NY,The Tide (same as The Pioneer),https://liuthetide.com,https://www.facebook.com/LIUPostPioneer/,,38.7945952,-106.5348379,Not found,Not found,,@thetideatliu,https://twitter.com/thetideatliu,,,,,,,,,,,
Longwood University,VA,The Rotunda,https://www.therotundaonline.com,"https://www.therotundaonline.com/page/about, https://www.longwood.edu/commstudies/about/faculty-staff/",,37.2995844,-78.3963343,@longwoodrotunda,https://www.instagram.com/longwoodrotunda,1611,,,@longwood.rotunda,https://www.facebook.com/longwood.rotunda,,,,,,,,,
Lorain County Community College,OH,The Collegian,https://collegian.lorainccc.edu,https://collegian.lorainccc.edu,,41.4131565,-82.0738172,@The_CollegianLCCC,https://www.instagram.com/The_CollegianLCCC,81,@LCCC_Collegian,https://twitter.com/LCCC_Collegian,,,,,,,,,,,
Loras College,IA,The Lorian,,https://www.facebook.com/TheLorianLC/,Website not loading,42.502908,-90.6811445,@thelorianlc,https://www.instagram.com/thelorianlc,75,,,,,,,,,,,,,
Los Angeles Valley College,CA,The Valley Star News,https://www.thevalleystarnews.com,https://www.thevalleystarnews.com/team-1,,34.1753399,-118.4189817,@thevalleystarnews,https://www.instagram.com/thevalleystarnews/,407,@ValleyStarNews,https://twitter.com/ValleyStarNews,,,,,,,,,,,
Louisiana State University,LA,The Reveille,https://lsureveille.com,"https://lsureveille.com/staff/?schoolyear=The%20Reveille, https://lsureveille.com/contact-us/",,30.4102406,-91.1857059,@lsureveille,https://www.instagram.com/lsureveille/,12180,@lsureveille,https://twitter.com/lsureveille,@lsureveille,https://www.facebook.com/lsureveille,,,,,,,,,
Louisiana State University Shreveport,LA,The Almagest,https://thealmagest.org/,https://www.thealmagest.org/contact,,32.4284824,-93.7034604,@lsusalmagest,https://www.instagram.com/lsusalmagest,170,,,@almagestlsus,https://www.facebook.com/almagestlsus,,,,,,,,,
Loyola Marymount University,CA,The Los Angeles Loyolan,https://www.laloyolan.com,https://www.laloyolan.com/site/staff/,,33.9691953,-118.4188984,@laloyolan,https://www.instagram.com/laloyolan/,8940,@LALoyolan,https://twitter.com/LALoyolan,,,@thelaloyolan,https://www.tiktok.com/@thelaloyolan,,,,,,,
Loyola University Chicago,IL,Loyola Phoenix,https://loyolaphoenix.com/section/news/,https://loyolaphoenix.com/staff/,,41.88325,-87.6323879,@phoenixloyola,https://www.instagram.com/phoenixloyola/,5738,,,@TheLoyolaPhoenix,https://www.facebook.com/TheLoyolaPhoenix,,,,,,,,,
Loyola University Maryland,MD,The Greyhound,https://thegreyhound.org,https://thegreyhound.org/meet-the-editors/,,39.3484521,-76.6164636,@thegreyhoundnews,https://www.instagram.com/thegreyhoundnews/,2012,@loyolagreyhound,https://twitter.com/loyolagreyhound,@thegreyhoundnews,https://www.facebook.com/thegreyhoundnews,,,,,,,,,
Loyola University New Orleans,LA,The Maroon,https://loyolamaroon.com,"https://loyolamaroon.com/staff/, https://www.facebook.com/TheLoyolaMaroon",,29.9345703,-90.1215417,@theloyolamaroon,https://www.instagram.com/theloyolamaroon/,,,,@TheLoyolaMaroon,https://www.facebook.com/TheLoyolaMaroon,,,,,,,,,
Luther College,IA,Luther College Chip,https://www.lutherchips.com/category/news/,https://www.lutherchips.com/about-2/,,43.3147914,-91.8052049,@luthercollegechips,https://www.instagram.com/luthercollegechips/,979,@lutherchips,https://twitter.com/lutherchips,@LutherChips,https://www.facebook.com/LutherChips,,,,,,,,,
Lynn University,MA,iPulse,https://ipulsenews.com/news/,https://ipulsenews.com/ipulse-staff/,,26.384195,-80.1250005,@lynnipulse,https://www.instagram.com/lynnipulse,1191,,,,,,,,,,,,,
Lyon College,AR,The Highlander,https://www.lyonhighlander.com,https://www.lyonhighlander.com,,35.7792058,-91.6283696,@highlander_lyon_college,https://www.instagram.com/highlander_lyon_college,,,,,,,,,,,,,,
Macalester College,MN,The Mac Weekly,https://themacweekly.com,"https://themacweekly.com/staff/staff-profiles/?schoolyear=2024-2025, https://www.facebook.com/themacweekly",,44.9379079,-93.1684804,@macweekly,https://www.instagram.com/macweekly,931,@themacweekly,https://twitter.com/themacweekly,@themacweekly,https://www.facebook.com/themacweekly,,,,,,,,,
Madison Area Technical College,WI,The Clarion,https://www.theonlineclarion.com,https://www.theonlineclarion.com/submit-a-letter/,,43.1214364,-89.3285439,@theclarionmc,https://www.instagram.com/theclarionmc/,221,,,@TheClarionMC,https://www.facebook.com/TheClarionMC,,,,,,,,,
Manhattan College,NY,The Quadrangle,https://mcquad.org,"https://mcquad.org/staff-2/, https://mcquad.org/contact-the-quadrangle/, https://manhattan.edu/campus-directory/thom.gencarelli",,40.889733,-73.9028372,@mu_quad,https://www.instagram.com/mu_quad,1409,@mcquad,https://twitter.com/mcquad,,,,,,,,,,,
Mansfield University of Pennsylvania,PA,The Flashlight,https://library.commonwealthu.edu/mansfield-history/flashlight,https://archive.org/details/flashlight-spring-2025/page/n3/mode/2up?view=theater,,41.8047541,-77.070428,Not found,Not found,,,,,,,,,,,,,,
Marian University Indianapolis,IN,MU Knightwatch,https://themarianphoenix.com,https://themarianphoenix.com/about/staff/,,39.8174995,-86.202823,Not found,Not found,,,,,,,,,,,,,,
Marietta College,OH,Marcolian,https://www.marcolian.com,,,39.4167881,-81.4492565,Not found,Not found,,,,@TheMarcolian,https://www.facebook.com/TheMarcolian,,,,,,,,,
Marist College,NY,Marist Circle,https://www.maristcircle.com/,,,41.7216281,-73.9345125,@maristcircle,https://www.instagram.com/maristcircle,3914,,,,,,,,,,,,,
Marshall University,WV,The Parthenon,https://marshallparthenon.com,"https://marshallparthenon.com/staff/, https://www.facebook.com/muparthenon/",,38.4236597,-82.4247198,@muparthenon,https://www.instagram.com/muparthenon/,2399,,,,,,,,,,,,,
Marymount University,VA,The Banner,https://mubanner.com/,https://mubanner.com/contact/ ,,38.9051975,-77.1277085,Not found,Not found,,,,@TheBannerMU,https://www.facebook.com/TheBannerMU,,,,,,,,,
Maryville University,MO,Pawprint,https://www.maryvillepawprint.com,"https://www.maryvillepawprint.com/advertising/, https://www.facebook.com/MvillePawprint/?eid=ARAyG6aF5KnwxS7iUWfZYg3yUh0B7Fo6V2rxNCvmc6MKVqb2ePn9UDrJ9rPyHjU7MMFS64FC54zUOHCy&hc_ref=ARTpjL2W8AKnPjMiJiwhi0_dVVrHIr2eLubXQ92SEECJenMZ-oUvsLDGCblgabrqCkw",,38.6461821,-90.5036535,@maryvillepawprint,https://www.instagram.com/maryvillepawprint,554,@MvillePawprint,https://twitter.com/MvillePawprint,@MvillePawprint,https://www.facebook.com/MvillePawprint,,,,,,,,,
Marywood University,PA,The Wood Word,https://www.thewoodword.org,https://www.thewoodword.org/meet-the-staff/,,41.4347083,-75.6332979,@TheWoodWord,https://www.instagram.com/TheWoodWord,1589,@TheWoodWord,https://twitter.com/TheWoodWord,@muwoodword,https://www.facebook.com/muwoodword,,,,,,,,,
Massachusetts Institute of Technology,MA,The Tech,https://thetech.com,"https://thetech.com/about/staff, https://thetech.com/about/contact",,42.360091,-71.09416,@thetechmit,https://www.instagram.com/thetechmit,7435,@thetech,https://twitter.com/thetech,@themittech,https://www.facebook.com/themittech,,,,,,,,,
McDaniel College,MD,The McDaniel Free Press,http://www.mcdanielfreepress.com,http://www.mcdanielfreepress.com/about/,,39.5858328,-77.0032158,@mcdfreepress,https://www.instagram.com/mcdfreepress,836,@mcdfreepress,https://twitter.com/mcdfreepress,@mcdfreepress,https://www.facebook.com/mcdfreepress,,,,,,,,,
McPherson College,KS,The Spectator,https://spectator.mcpherson.edu,https://spectator.mcpherson.edu,,38.3721279,-97.642027,Not found,Not found,,,,,,,,,,,,,,
Mercer County Community College ,NJ,The Voice,https://www.mcccvoice.org/,,,40.2530834,-74.6515038,Not found,Not found,,,,,,,,,,,,,,
Mercer University,GA,Mercer Cluster,https://www.mercercluster.comm,https://www.mercercluster.com/page/contact-us,,32.8284878,-83.6496991,@mercercluster,https://www.instagram.com/mercercluster/,1916,,,,,,,,,,,,,
Mercy College,NY,The Impact,https://theimpactnews.com/,,,41.0222482,-73.8734969,@TheImpactNews,https://www.instagram.com/TheImpactNews,357,@TheImpactNews,https://twitter.com/TheImpactNews,@theimpactnews,https://www.facebook.com/theimpactnews,,,,,,,,,
Mercyhurst University,PA,The Merciad,https://www.mercyhurst.edu/campus-life/merciad,"https://www.mercyhurst.edu/campus-life/merciad, https://www.facebook.com/TheMerciad/",,42.1034771,-80.0531764,@merciadmu,https://www.instagram.com/merciadmu,346,@themerciad,https://twitter.com/themerciad,@TheMerciad,https://www.facebook.com/TheMerciad,,,,,,,,,
Meredith College,NC,Meredith Herald,https://www.meredithherald.comm,https://www.meredithherald.com/contact,,35.798208,-78.6886419,@meredith_herald,https://www.instagram.com/meredith_herald/,1474,,,,,,,,,,,,,
Merrimack College,MA,The Beacon,https://merrimacknewspaper.com  ,https://merrimacknewspaper.com/staff/,,42.6673814,-71.1234527,@mcbeacon,https://www.instagram.com/mcbeacon/,1384,,,@merrimacknewspaper,https://www.facebook.com/merrimacknewspaper,,,,,,,,,
Mesa Community College,AZ,Mesa CC Legend,https://mesalegend.comm,https://mesalegend.com/home/,,33.3895475,-111.8735409,@mesalegend,https://www.instagram.com/mesalegend/,66,,,,,,,,,,,,,
Messiah University,PA,The Pulse,https://pulse.messiah.edu,"https://pulse.messiah.edu/staff/, https://pulse.messiah.edu/about-the-pulse/contact/",,40.157528,-76.9873898,@messiahpulse,https://www.instagram.com/messiahpulse,2848,@MessiahPulse,https://twitter.com/MessiahPulse,@MessiahPulse,https://www.facebook.com/MessiahPulse,,,,,,,,,
Metropolitan State University,MN,The Metropolitan,https://themetropolitan.metrostate.edu,https://themetropolitan.metrostate.edu/about/,,44.9574512,-93.0745329,@themetropolitanatmetro,https://www.instagram.com/themetropolitanatmetro,5,,,@TheMetropolitanMN,https://www.facebook.com/TheMetropolitanMN,,,,,,,,,
Metropolitan State University - Denver,CO,The Metropolitan,https://www.mymetmedia.com/entity/metropolitan/,https://www.mymetmedia.com/contact-about-us/,,39.7439156,-105.0046843,@metmedia_msu,https://www.instagram.com/metmedia_msu/,389,,,,,,,,,,,,,
"Miami Dade College - Wolfson Campus, North Campus, and Kendall Campus",FL,The Reporter,https://mdcthereporter.com,https://mdcthereporter.com/team/,,25.6754086,-80.3743101,@mdcthereporter,https://www.instagram.com/mdcthereporter,2588,@mdcthereporter,https://twitter.com/mdcthereporter,,,,,,,,,,,
Miami Regional University ,FL,Miami Regionals Pulse News,https://sites.miamioh.edu/mu-regional-pulse/,"https://sites.miamioh.edu/mu-regional-pulse/staff/, https://sites.miamioh.edu/mu-regional-pulse/https-miamioh-formstack-com-forms-pulse_story_ideads/",,25.810681,-80.2669641,Not found,Not found,,,,,,,,,,,,,,
Miami University,OH,The Miami Student,https://www.miamistudent.net,"https://www.miamistudent.net/page/about, https://www.miamistudent.net/page/contact, https://miamioh.edu/profiles/cas/fred-reeder-jr.html",,39.5087485,-84.7344915,@themiamistudentmedia,https://www.instagram.com/themiamistudentmedia/,2824,@miamistudent,https://twitter.com/miamistudent,@TheMiamiStudent,https://www.facebook.com/TheMiamiStudent,,,,,,,,,
Michigan State University,MI,The State News,https://statenews.com/,https://statenews.com/page/contact,,42.7250725,-84.4790827,@statenews,https://www.instagram.com/statenews/,23098,@thesnews,https://twitter.com/thesnews,@thesnews,https://www.facebook.com/thesnews,,,,,,,,,
Michigan Technological University,MI,The Lode,https://mtulode.com,https://mtulode.com/about-us/,,47.1167589,-88.5460115,@michigantechlode,https://www.instagram.com/michigantechlode,889,@MTULode,https://twitter.com/MTULode,@mtulode,https://www.facebook.com/mtulode,,,,,,,,,
Middle Georgia State University,GA,The Statement,https://statementmga.wordpress.com,https://statementmga.wordpress.com/contact/,,32.8109077,-83.7326161,@the.statement_mga,https://www.instagram.com/the.statement_mga,131,,,,,,,,,,,,,
Middlebury College,VT,The Middlebury Campus,https://www.middleburycampus.com,https://www.middleburycampus.com/page/join,,44.0081076,-73.1760412,@middleburycampus,https://www.instagram.com/middleburycampus/,4938,@middcampus,https://twitter.com/middcampus,@middleburycampus,https://www.facebook.com/middleburycampus,,,,,,,,,
Midwestern State University,TX,The Wichitan,https://thewichitan.com,https://thewichitan.com/work-with-us/,,33.8713843,-98.5224401,@wichitanonline,https://www.instagram.com/wichitanonline,1117,@WichitanOnline,https://twitter.com/WichitanOnline,@thewichitan,https://www.facebook.com/thewichitan,,,,,,,,,
Millersville University,PA,The Snapper,https://blogs.millersville.edu/thesnapper/,https://getinvolved.millersville.edu/organization/thesnapper,,39.9987943,-76.3527392,@thesnappergram,https://www.instagram.com/thesnappergram,734,@TheSnapperMU,https://twitter.com/TheSnapperMU,@thesnapper.mu,https://www.facebook.com/thesnapper.mu,,,,,,,,,
Milligan College,TN,Milligan Stampede,https://www.milliganstampede.com,https://www.milliganstampede.com/contact/,,36.3010824,-82.2956653,@milliganstampede,https://www.instagram.com/milliganstampede,814,@mcstampede,https://twitter.com/mcstampede,@themilliganstampede,https://www.facebook.com/themilliganstampede,,,,,,,,,
Millikin,,,,,,32.9618334,-91.2258283,@thedecaturian,https://www.instagram.com/thedecaturian/,252,,,,,,,,,,,,,
Millikin University,IL,The Decaturian ,https://decaturian.com/,,,39.8430777,-88.974894,@thedecaturian,https://www.instagram.com/thedecaturian,252,,,,,,,,,,,,,
Milwaukee Area Technical College,WI,MATC Times,https://matctimes360.com,"https://matctimes360.com/about/, https://matctimes360.com/staff_name/zanaia-joshua/",,43.0435021,-87.9211124,@matctimes,https://www.instagram.com/matctimes,383,@MATCTimes,https://twitter.com/MATCTimes,,,,,,,,,,,
Minot State University,ND,Red & Green,https://www.minotstateu.edu/redgreen/,https://www.minotstateu.edu/redgreen/_documents/2024-2025/4-19-25_Red_Green.pdf,,48.2486186,-101.3014106,@msuredgreen,https://www.instagram.com/msuredgreen,539,@RGNewspaper,https://twitter.com/RGNewspaper,,,,,,,,,,,
Misericordia University,PA,The Highlander,https://thehighlandernews.org,https://thehighlandernews.org/contact-us/,,41.345915,-75.9709978,@the_highlander_newspaper,https://www.instagram.com/the_highlander_newspaper,896,@HighlanderNews,https://twitter.com/HighlanderNews,@Highlandernews,https://www.facebook.com/Highlandernews,,,,,,,,,
Mississippi College,MS,Blue & Gold Media,https://www.blueandgoldmc.com,https://www.blueandgoldmc.com/about,,32.3358902,-90.3305927,@blueandgold_mc,https://www.instagram.com/blueandgold_mc/,1836,,,@blueandgoldmc,https://www.facebook.com/blueandgoldmc,,,,,,,,,
Mississippi State University,MS,The Reflector,https://reflector-online.com,https://reflector-online.com/staff/,,33.4555279,-88.7903868,@reflectoronline,https://www.instagram.com/reflectoronline/,5429,@reflectoronline,https://twitter.com/reflectoronline,@Reflectoronline,https://www.facebook.com/Reflectoronline,,,,,,,,,
Mississippi University for Women,MS,MUW Spectator,http://www.muwspectator.com,http://www.muwspectator.com/about,,33.4912194,-88.4185425,@thespectatormuw,https://www.instagram.com/thespectatormuw/,366,,,,,,,,,,,,,
Missouri Southern State University,MO,The Chart,https://www.thechartonline.com/,https://thechartonline.com/contact-us/,,37.0959022,-94.4607637,@thechartonline,https://www.instagram.com/thechartonline,225,,,,,,,,,,,,,
Missouri State University,MO,The Standard,https://www.the-standard.org,"https://www.the-standard.org/site/about.html, https://www.the-standard.org/staff/, https://www.missouristate.edu/cmjf/profile-display.aspx?p=JackDimond",,37.2005546,-93.2806806,@thestandard_msu,https://www.instagram.com/thestandard_msu/,2812,@TheStandard_MSU,https://twitter.com/TheStandard_MSU,@TheStandardMSU,https://www.facebook.com/TheStandardMSU,,,,,,,,,
Missouri Western State University,MO,The Griffon News,https://www.thegriffonnews.com/,,,39.7596804,-94.7844794,@griffon_news,https://www.instagram.com/griffon_news,854,,,@griffonnews,https://www.facebook.com/griffonnews,,,,,,,,,
Monmouth College,IL,The Courier,https://www.monmouthcollegecourier.org,"https://www.monmouthcollegecourier.org/archive?sort=new, https://www.monmouthcollege.edu/live/profiles/436-chris-goble",,40.9121319,-90.6403249,@mccourier1,https://www.instagram.com/mccourier1,452,,,,,,,,,,,,,
Monmouth University,NJ,The Outlook,https://outlook.monmouth.edu,"https://outlook.monmouth.edu/meet-the-editors/, https://outlook.monmouth.edu/about-us/",,40.2802758,-74.0054114,@muoutlook,https://www.instagram.com/muoutlook,1214,@MUoutlook,https://twitter.com/MUoutlook,@theoutlook,https://www.facebook.com/theoutlook,,,,,,,,,
Monroe County Community College,MI,Agora,https://mcccagora.com,"https://mcccagora.com/category/staff/, https://mcccagora.com/contact-us/",,41.9191093,-83.4678421,@mcccagora,https://www.instagram.com/mcccagora,259,@mcccagora,https://twitter.com/mcccagora,@agoramccc,https://www.facebook.com/agoramccc,,,,,,,,,
Montana State University,MT,The MSU Exponent,https://www.msuexponent.com,https://www.msuexponent.com/site/contact.html,,45.6673524,-111.0546211,@msuexponent,https://www.instagram.com/msuexponent/,2628,,,@MSUExponent,https://www.facebook.com/MSUExponent,,,,,,,,,
Montclair State University,NJ,The Montclarion,https://themontclarion.org,"https://themontclarion.org/about-us/, https://www.facebook.com/themontclarion/",,40.8657564,-74.1988555,@themontclarion,https://www.instagram.com/themontclarion/,6150,@themontclarion,https://twitter.com/themontclarion,,,,,,,,,,,
Montgomery College,MD,The Advocate,https://mcadvocate.com,https://mcadvocate.com/contact/,,39.0987977,-77.1582647,@mcadvocate_official,https://www.instagram.com/mcadvocate_official,575,,,@MontgomeryAdvocate,https://www.facebook.com/MontgomeryAdvocate,,,,,,,,,
Montreat College,NC,The Whetstone,https://newspapers.digitalnc.org/search/pages/results/?proxtext=whetstone&proxdistance=5&ortext=&andtext=&phrasetext=&county=&date1=&date2=&lccn=2016236513&lccn=2016236509&lccn=2016236508&lccn=2016236507&lccn=2016236506&lccn=2016236505&lccn=2016236504&lccn=2016236503&lccn=2016236502&lccn=2016236501&page=26&sort=date,https://www.montreat.edu/wp-content/uploads/2020/02/the-whetstone-fall-2019.pdf,,35.6464927,-82.2975138,@montreatwhetstone,https://www.instagram.com/montreatwhetstone/,97,,,,,,,,,,,,,
Moraine Valley Community College,IL,The Glacier,https://mvccglacier.com/category/news/,https://mvccglacier.com/student-life-from-a-distance/,,41.6924106,-87.8393005,@mvccglacier,https://www.instagram.com/mvccglacier,72,@MoraineGlacier,https://twitter.com/MoraineGlacier,@MVCCglacier,https://www.facebook.com/MVCCglacier,,,,,,,,,
Moravian University,PA,The Comenian,https://comenian.org,"https://comenian.org/staff/, https://www.facebook.com/thecomenian/?ref=aymt_homepage_panel",,40.6310228,-75.3809334,@thecomenian,https://www.instagram.com/thecomenian,651,@Moco_Comenian,https://twitter.com/Moco_Comenian,@thecomenian,https://www.facebook.com/thecomenian,,,,,,,,,
Morehead State University,KY,The Trail Blazer,https://www.thetrailblazeronline.net,https://www.thetrailblazeronline.net/site/contact.html,,38.18943,-83.4310035,@msutrailblazer,https://www.instagram.com/msutrailblazer/,629,@MSUTrailBlazer,https://twitter.com/MSUTrailBlazer,@MSUTrailBlazer,https://www.facebook.com/MSUTrailBlazer,,,,,,,,,
Morningside College,IA,The Collegian Reporter,https://wordpress.morningside.edu/thecr/,https://www.facebook.com/people/The-Collegian-Reporter/100063495515267/,,42.4731744,-96.3584236,Not found,Not found,,,,,,,,,,,,,,
Mount Aloysius College,PA,The Belltower,https://belltower.mtaloy.edu  ,https://belltower.mtaloy.edu/staff/,,40.4595885,-78.603312,@mountaloysiuscollege,https://www.instagram.com/mountaloysiuscollege,4821,,,,,,,,,,,,,
Mount Holyoke College,MA,The Mount Holyoke News,https://www.mountholyokenews.com,https://www.mountholyokenews.com/contact-us,,42.255425,-72.5728843,@mtholyokenews_,https://www.instagram.com/mtholyokenews_,2750,@mtholyokenews_,https://twitter.com/mtholyokenews_,,,,,,,,,,,
Mount Mary University,WI,Arches,http://archesnews.com/,"http://archesnews.com/sample-page/arches-staff-page/, https://archesnews.com/sample-page/",,43.072484,-88.0308616,@mmu_arches,https://www.instagram.com/mmuarches,95,@ArchesNews,https://twitter.com/ArchesNews,,,,,,,,,,,
Mount Mercy University,IA,Mount Mercy Times,https://mountmercytimes.home.blog,https://mountmercytimes.home.blog/the-editorial-staff/,,42.0027013,-91.6522379,@mtmercytimes,https://www.instagram.com/mtmercytimes,211,,,,,,,,,,,,,
Mount St. Mary's University,MD,The Mountain Echo,https://www.msmuecho.com,https://www.msmuecho.com/staff,,39.6799914,-77.3486971,@msmecho,https://www.instagram.com/msmecho/,315,,,,,,,,,,,,,
Mount Wachusett Community College ,MA,Mt. Observer,https://www.mountobserver.com/,,,42.5939085,-71.9853297,Not found,Not found,,,,,,,,,,,,,,
Mt. Hood Community College,OR,The Advocate,https://www.advocate-online.net/news-2/,https://www.advocate-online.net/contact/,,45.5143998,-122.3956309,@mhccadvocate,https://www.instagram.com/mhccadvocate,316,@mhccadvocate,https://twitter.com/mhccadvocate,@TheAdvocateOnline,https://www.facebook.com/TheAdvocateOnline,,,,,,,,,
Mt. San Antonio College,CA,SAC Media,https://sac.media/,https://sac.media/about/,,34.0487487,-117.8421321,@sacmediaofficial,https://www.instagram.com/sacmediaofficial/,2299,,,,,,,,,,,,,
Muhlenberg College,PA,The Muhlenberg Weekly,https://muhlenbergweekly.com,"https://muhlenbergweekly.com/about/who-we-are/, https://muhlenbergweekly.com/contact/, https://www.muhlenberg.edu/facultysearch/facultyresults/svigneri/",,40.5981933,-75.5081076,@bergweekly,https://www.instagram.com/bergweekly,1784,@bergweekly,https://twitter.com/bergweekly,@MuhlenbergWeekly,https://www.facebook.com/MuhlenbergWeekly,,,,,,,,,
Murray State University,KY,The Murray State News,https://murraystatenews.org,https://murraystatenews.org/about-the-news/contactthenews/,,36.616251,-88.3209372,@themurraystatenews,https://www.instagram.com/themurraystatenews,3053,@MurrayStateNews,https://twitter.com/MurrayStateNews,@TheMurrayStateNews,https://www.facebook.com/TheMurrayStateNews,,,,,,,,,
New England College,NH,The NewEnglander,https://www.the-new-englander.com,https://www.the-new-englander.com,,43.1778442,-71.8214393,@newenglandernec,https://www.instagram.com/newenglandernec/,633,,,,,,,,,,,,,
New Jersey Institute of Technology,NJ,The Vector,https://njitvector.com,https://njitvector.com/contact-us/,,40.7424259,-74.1784006,@njit_vector,https://www.instagram.com/njit_vector,1440,@TheNJITVector,https://twitter.com/TheNJITVector,@njitvector,https://www.facebook.com/njitvector,,,,,,,,,
New Mexico State University,NM,The Round Up,https://nmsuroundup.com,https://nmsuroundup.com/contact-us/,,32.2792887,-106.7491391,@nmsuroundup,https://www.instagram.com/nmsuroundup,2974,@nmsuroundup,https://twitter.com/nmsuroundup,@NMSURoundUp,https://www.facebook.com/NMSURoundUp,,,,,,,,,
New York University,NY,Washington Square News,https://nyunews.com,https://nyunews.com/staff,,40.73012093,-73.9965634,@nyunews,https://www.instagram.com/nyunews/,25069,@nyunews,https://twitter.com/nyunews,@nyunews,https://www.facebook.com/nyunews,,,,,,,,,
Newman University,KS,The Vantage,https://www.newmanvantage.com,"https://www.newmanvantage.com/staff/, https://www.newmanvantage.com/about/, https://newmanu.edu/academics/undergraduate/journalism-wichita/the-vantage",,37.673508,-97.377744,@thevantage_nu,https://www.instagram.com/thevantage_nu/,107,,,@NUVantage,https://www.facebook.com/NUVantage,,,,,,,,,
Newmark Graduate School of Journalism at CUNY,NY,NYCity News Service,https://www.nycitynewsservice.com,https://www.nycitynewsservice.com/contact-us/,,40.7554192,-73.9889219,Not found,Not found,,,,,,,,,,,,,,
Norfolk State University,VA,Spartan Echo,https://spartanecho.org,https://spartanecho.org/staff/,,36.8479292,-76.2620987,@spartanecho,https://www.instagram.com/spartanecho,1071,@Spartan_Echo,https://twitter.com/Spartan_Echo,,,,,,,,,,,
North Carolina A&T University,NC,The A&T Register,https://ncatregister.com,https://ncatregister.com/meet-the-staff/,,36.0770034,-79.7718199,@theatregister,https://www.instagram.com/theatregister,3514,@theatregister,https://twitter.com/theatregister,,,,,,,,,,,
North Carolina Central University,NC,Campus Echo,https://campusecho.com,"https://campusecho.com/about-me/, https://bdepyssler.smugmug.com/Stie-files/About-Me",,35.972982,-78.8962889,@campusecho,https://www.instagram.com/campusecho,1282,@campusecho,https://twitter.com/campusecho,,,,,,,,,,,
North Carolina State University,NC,Technician,https://www.technicianonline.com,https://www.technicianonline.com/site/editorialstaff.html,,35.7850744,-78.6812824,@ncsutechnician,https://www.instagram.com/ncsutechnician/,8330,@NCSUTechnician,https://twitter.com/NCSUTechnician,,,,,,,,,,,
North Carolina State University,NC,The Nubian Message,https://thenubianmessage.com/,https://thenubianmessage.com/about-2/staff/,,35.7850744,-78.6812824,@thenubianmessage,https://www.instagram.com/thenubianmessage,3132,,,,,,,,,,,,,
North Carolina Wesleyan College,NC,The Decree,https://anyflip.com/kosg/nbmo/,"https://anyflip.com/kosg/nbmo/, https://ncwu.edu/academics/faculty/",,36.0171946,-77.7756167,Not found,Not found,,,,,,,,,,,,,,
North Central College,IL,The Chronicle,https://ncclinked.com/,https://ncclinked.com/staff/,,41.7722717,-88.1439455,@chroniclencc,https://www.instagram.com/chroniclencc,1230,@chronicleNCC,https://twitter.com/chronicleNCC,@North.Central.Chronicle,https://www.facebook.com/North.Central.Chronicle,,,,,,,,,
North Central University,MN,The Northerner,,https://www.facebook.com/ncunortherner/,Website not working,44.9688111,-93.2618835,@northernermedia,https://www.instagram.com/northernermedia/,3005,,,,,,,,,,,,,
North Dakota State University,ND,The Spectrum,https://ndsuspectrum.com,https://www.ndsu.edu/communication/student_organizations/the_spectrum/,,46.8977528,-96.8024367,@ndsu.spectrum,https://www.instagram.com/ndsu.spectrum,782,@NDSUSpectrum,https://twitter.com/NDSUSpectrum,,,,,,,,,,,
North Greenville University,SC,The Vision,https://thevisionngu.com,"https://thevisionngu.com/meet-the-staff/, https://www.ngu.edu/faculty/karyn-campbell/",,35.0664415,-82.3730904,@nguvisionmedia,https://www.instagram.com/nguvisionmedia,1021,,,@NGUVisionMedia,https://www.facebook.com/NGUVisionMedia,,,,,,,,,
North Idaho College,ID,The Sentinel,https://nicsentinel.com,https://nicsentinel.com/contact-us/,,47.6760213,-116.7975299,@nicsentinel,https://www.instagram.com/nicsentinel,695,@NICSentinel,https://twitter.com/NICSentinel,@nicsentinel,https://www.facebook.com/nicsentinel,,,,,,,,,
North Lake College,TX,News-Register,https://nlcnewsregister.com,https://nlcnewsregister.com/category/campus-news/,,32.8744085,-96.9658817,@nlcnewsregister,https://www.instagram.com/nlcnewsregister,55,@NLCNewsRegister,https://twitter.com/NLCNewsRegister,@NLCNewsRegister,https://www.facebook.com/NLCNewsRegister,,,,,,,,,
Northampton Community College,PA,The Commuter,https://www.commuterncc.com/blog,https://www.commuterncc.com/contact-8,,40.6724332,-75.3257474,Not found,Not found,,,,@ncccommuter,https://www.facebook.com/ncccommuter,,,,,,,,,
Northeast Alabama Community College,AL,Aurora,https://www.nacc.edu/programs-of-study/english-and-fine-arts-division/english-department/aurora,https://www.nacc.edu/programs-of-study/english-and-fine-arts-division/english-department/aurora,,34.5451573,-85.9128128,Not found,Not found,,,,,,,,,,,,,,
Northeast Community College,NE,The Viewpoint,https://neviewpoint.com/about/,"https://neviewpoint.com/staff/, https://www.linkedin.com/in/jacie-ambrose-798649312/, https://neviewpoint.com/contact/",,42.0499081,-97.3940962,@neviewpoint,https://www.instagram.com/neviewpoint/,62,,,,,,,,,,,,,
Northeast Texas Community College,TX,The Eagle,http://www.ntcceagleonline.com," http://www.ntcceagleonline.com/staff/, http://www.ntcceagleonline.com/contact/",,33.1045694,-94.8807873,@NTCCeaglenewspaper,https://www.instagram.com/NTCCeaglenewspaper,324,,,,,,,,,,,,,
Northeastern Illinois University,IL,The Independent,https://neiuindependent.org,"https://neiuindependent.org/about-us/, https://neiuindependent.org/contact/",,41.9794789,-87.7188527,@neiuindienews,https://www.instagram.com/neiuindienews,669,@neiuindienews,https://twitter.com/neiuindienews,,,,,,,,,,,
Northeastern State University,OK,The Northeastern,https://www.nsunews.com/,,,35.921141,-94.965904,@tnenews,https://www.instagram.com/tnenews,1620,@TNENEWS,https://twitter.com/TNENEWS,,,,,,,,,,,
Northeastern University,MA,The Huntington News,https://huntnewsnu.com,"https://huntnewsnu.com/staff-directory/, https://huntnewsnu.com/2436/campus/contact-us/",,42.3398067,-71.0891717,@huntnewsnu,https://www.instagram.com/huntnewsnu/,13505,@HuntNewsNU,https://twitter.com/HuntNewsNU,@HuntNewsNU,https://www.facebook.com/HuntNewsNU,,,,,,,,,
Northern Arizona University,AZ,The Lumberjack,https://www.jackcentral.org,https://www.jackcentral.org/site/contact.html,,35.1802684,-111.6540336,@TheNAULumberjack,https://www.instagram.com/TheNAULumberjack,5208,@jackcentral,https://twitter.com/jackcentral,,,,,,,,,,,
University of Northern Colorado,CO,The Mirror,https://www.uncmirror.com/,https://www.uncmirror.com/page/about,,40.4027669,-104.700274,@theuncmirror,https://www.instagram.com/theuncmirror,892,,,@UNCMirror,https://www.facebook.com/UNCMirror,,,,,,,,,
Northern Essex Community College,MA,NECC Observer,https://observer.necc.mass.edu,https://observer.necc.mass.edu/about#contact-us,,42.7967355,-71.0490114,@necc_observer,https://www.instagram.com/necc_observer/,194,,,,,,,,,,,,,
Northern Illinois University,IL,Northern Star,https://northernstar.info/,https://northernstar.info/contact-us/,,41.934194,-88.7738783,@niunorthernstar,https://www.instagram.com/niunorthernstar/,5335,@niunorthernstar,https://twitter.com/niunorthernstar,@NIUNorthernStar,https://www.facebook.com/NIUNorthernStar,,,,,,,,,
Northern Kentucky University,KY,The Northerner,https://www.thenortherner.com,"https://www.thenortherner.com/contact-us/, https://www.thenortherner.com/staff/, https://www.nku.edu/academics/informatics/schools/smc/people.html",,39.0312035,-84.4625345,@northernermedia,https://www.instagram.com/northernermedia,3005,@northernermedia,https://twitter.com/northernermedia,@northernermedia,https://www.facebook.com/northernermedia,,,,,,,,,
Northern Michigan University,MI,The North Wind,https://thenorthwindonline.com,https://thenorthwindonline.com/staff-profiles/,,46.5601965,-87.4076051,@northwindnews,https://www.instagram.com/northwindnews,2032,@northwindnews,https://twitter.com/northwindnews,@NMUNorthWind,https://www.facebook.com/NMUNorthWind,,,,,,,,,
Northern State University,SD,Exponent,https://exponentnsu.wordpress.com/home/,https://exponentnsu.wordpress.com/exponent-staff/,,45.4510068,-98.4829326,@nsuexponent,https://www.instagram.com/nsuexponent,67,,,,,,,,,,,,,
Northern Vermont University - Johnson,VT,Basement Medicine,https://www.basementmedicine.org,"https://www.facebook.com/jscbasementmedicine/, https://www.northernvermont.edu/about/our-people/directory/basement-medicine/",,44.5588028,-72.5778415,Not found,Not found,,,,,,,,,,,,,,
Northern Vermont University - Lyndon,VT,The Critic,https://nvulyndoncritic.com/,https://nvulyndoncritic.com/contact-us/,,44.5453088,-72.0000723,@lyndoncritic,https://www.instagram.com/lyndoncritic,248,@lyndoncritic,https://twitter.com/lyndoncritic,@NVULyndonCritic,https://www.facebook.com/NVULyndonCritic,,,,,,,,,
Northwest Arkansas Community College,AR,Eagle View,https://eagleview.news.blog/blog/,https://www.nwacc.edu/academicdivisions/commart/studentnewspaper/lettertotheeditor.aspx ,,36.358598,-94.172471,@nwacceagleview,https://www.instagram.com/nwacceagleview/,354,,,,,,,,,,,,,
Northwest Missouri State University,MO,Northwest Missourian,https://www.nwmissourinews.com/,https://www.nwmissourinews.com/site/staff/personnel.html,,40.3519854,-94.8825243,@themissourian,https://www.instagram.com/themissourian,1694,@TheMissourian,https://twitter.com/TheMissourian,@TheMissourian,https://www.facebook.com/TheMissourian,,,,,,,,,
Northwestern Michigan College,MI,White Pine Press,https://www.whitepinepresstc.com,https://www.whitepinepresstc.com/about-us-1,,44.7659019,-85.5824341,@tcwhitepinepress,https://www.instagram.com/tcwhitepinepress,245,@WhitePinePress,https://twitter.com/WhitePinePress,@thewhitepinepress,https://www.facebook.com/thewhitepinepress,,,,,,,,,
Northwestern State University,LA,The Current Sauce,https://purplemedianetwork.com/the-current-sauce/,https://purplemedianetwork.com/staff/,,31.7489726,-93.097876,@thecurrentsauce,https://www.instagram.com/thecurrentsauce,2074,,,,,,,,,,,,,
Northwestern University,IL,The Daily Northwestern,https://dailynorthwestern.com/featured-stories/,https://dailynorthwestern.com/contact/,,42.0564594,-87.675267,@thedailynu,https://www.instagram.com/thedailynu/,14477,@thedailynu,https://twitter.com/thedailynu,@thedailynorthwestern,https://www.facebook.com/thedailynorthwestern,@thedailynu,https://www.tiktok.com/@thedailynu,,,,,,,
Norwalk Community College,CT,The Voice,https://nccvoice.wixsite.com/mysite/news,https://nccvoice.wixsite.com/mysite/general-7,,41.1025499,-73.452181,Not found,Not found,,,,,,,,,,,,,,
Norwich University,VT,The Guidon,https://norwichguidon.org,"https://norwichguidon.org/staff/, https://norwichguidon.org/about/",,44.1387642,-72.6615774,@thenorwichguidon,https://www.instagram.com/thenorwichguidon/,1213,,,@theNUguidon,https://www.facebook.com/theNUguidon,,,,,,,,,
Notre Dame,,,,,https://irishrover.net/council-of-faculty-advisors/,41.7001908,-86.2379328,Not found,Not found,,,,,,,,,,,,,,
Nova Southeastern University,FL,The Current,https://www.makomedia.nova.edu,https://www.makomedia.nova.edu/mmn-staff/,,26.0791417,-80.2465466,@nsu_makomedia,https://www.instagram.com/nsu_makomedia,673,,,@MakoMediaNetwork,https://www.facebook.com/MakoMediaNetwork,,,,,,,,,
Oakland University,MI,Oakland Post,https://oaklandpostonline.com/,https://oaklandpostonline.com/contact-us/,,42.6678782,-83.2082347,@oaklandpostonline,https://www.instagram.com/oaklandpostonline/,128,@theoaklandpost,https://twitter.com/theoaklandpost,@theoakpost,https://www.facebook.com/theoakpost,,,,,,,,,
Oakton Community College,IL,Occurence,https://oaktonoccurrence.com/,https://www.oakton.edu/life-at-oakton/student-activities/student-newspaper.php,,42.0633881,-87.8802226,Not found,Not found,,,,,,,,,,,,,,
Oberlin College,OH,The Oberlin Review,https://oberlinreview.org,https://oberlinreview.org/contact-us/,,41.2958696,-82.221089,@ocreview,https://www.instagram.com/ocreview/,3085,@oberlinreview,https://twitter.com/oberlinreview,@oberlinreview,https://www.facebook.com/oberlinreview,,,,,,,,,
Occidental College,CA,The Occidental,https://theoccidentalnews.com,https://theoccidentalnews.com,,34.12736,-118.2104777,@theoccidentalnews,https://www.instagram.com/theoccidentalnews/,2176,@occidentalnews,https://twitter.com/occidentalnews,@theoccidentalnews,https://www.facebook.com/theoccidentalnews,,,,,,,,,
Ohio Northern University,OH,Northern Review,https://northernreview.org,https://northernreview.org,,40.7656634,-83.8328479,@northernonline,https://www.instagram.com/northernonline,1002,,,,,,,,,,,,,
Ohio University,OH,The Post,https://www.thepostathens.com,https://www.thepostathens.com/page/about,,39.324358,-82.1013889,@thepostathens,https://www.instagram.com/thepostathens,8087,@ThePost,https://twitter.com/ThePost,@ThePostAthens,https://www.facebook.com/ThePostAthens,,,,,,,,,
Oklahoma Baptist University,OK,The Bison,https://www.google.com/search?client=safari&rls=en&q=The+Bison%2C+https%3A%2F%2Fthebisonnews.com%2F&ie=UTF-8&oe=UTF-8,https://thebisonnews.com/contact/ ,,35.3614905,-96.9351116,@thebisonnewsobu,https://www.instagram.com/thebisonnewsobu/,561,,,,,,,,,,,,,
Oklahoma Christian University,OK,Talon News,http://www.talon.news,http://www.talon.news/staff/,,35.6126232,-97.4697937,@talon.news.oc,https://www.instagram.com/talon.news.oc,1028,@OCTalon,https://twitter.com/OCTalon,@TalonAtOC,https://www.facebook.com/TalonAtOC,,,,,,,,,
Oklahoma City University,OK,Media OCU,http://mediaocu.com/,https://mediaocu.com/contact-us/,,35.495481,-97.5410111,@media_ocu,https://www.instagram.com/media_ocu,652,,,@mediaocu,https://www.facebook.com/mediaocu,,,,,,,,,
Oklahoma State University,OK,The O'Colly,https://www.ocolly.com/news/,https://www.ocolly.com/static/contact_the_ocolly/contact.html,,36.126572,-97.0734821,@ocolly_newsroom,https://www.instagram.com/ocolly_newsroom,3669,@OColly,https://twitter.com/OColly,@ocolly,https://www.facebook.com/ocolly,,,,,,,,,
Old Dominion University,VA,Mace and Crown,https://maceandcrown.com,https://maceandcrown.com/about/contact-us/,,36.8853217,-76.3058786,@maceandcrown,https://www.instagram.com/maceandcrown,1589,@maceandcrown,https://twitter.com/maceandcrown,@maceandcrown,https://www.facebook.com/maceandcrown,,,,,,,,,
Oral Roberts University,OK,The Oracle,https://oruoracle.com/,,,36.0508093,-95.9528284,@oruoracle,https://www.instagram.com/oruoracle/,1508,,,,,,,,,,,,,
Oregon State University,OR,The Daily Barometer,https://dailybaro.orangemedianetwork.com,https://dailybaro.orangemedianetwork.com/about/,,44.5618097,-123.2822671,@thedailybaro,https://www.instagram.com/thedailybaro/,4413,@DailyBaro,https://twitter.com/DailyBaro,@DailyBarometer,https://www.facebook.com/DailyBarometer,,,,,,,,,
Ouachita Baptist University,AR,The Signal,https://www.obusignal.com,https://www.obusignal.com/about-2/,,34.1312878,-93.0517521,@obusignal,https://www.instagram.com/obusignal/,1178,,,@obusignal,https://www.facebook.com/obusignal,,,,,,,,,
Pace University Pleasantville,NY,The Pace Chronicle,https://pacechronicle.com,https://pacechronicle.com/staff/,,41.1333,-73.7926,@pacechronicle,https://www.instagram.com/pacechronicle,1085,@pacechronicle,https://twitter.com/pacechronicle,@pacechronicle,https://www.facebook.com/pacechronicle,,,,,,,,,
Pacific Lutheran University,WA,The Mast,https://www.plu.edu/studentmedia/mooring-mast/,https://www.plu.edu/studentmedia/mooring-mast/,Website not working,47.1451931,-122.4436669,@mastmedia,https://www.instagram.com/mastmedia/,840,,,,,,,,,,,,,
Pacific University,OR,Pacific Index,https://pacindex.com,https://pacindex.com/staff/,,45.5243174,-123.1103252,@pacindex,https://www.instagram.com/pacindex/,815,,,,,,,,,,,,,
Palm Beach Atlantic University,FL,The Beacon Today,https://www.thebeacontoday.com  ,https://www.thebeacontoday.com/contact,,26.70319,-80.0528845,@upbeacon,https://www.instagram.com/upbeacon,2951,@upbeacon,https://twitter.com/upbeacon,,,,,,,,,,,
Palm Beach State College,FL,Beachcomber,https://www.facebook.com/PBSCBeachcomber/,https://www.facebook.com/PBSCBeachcomber/,Possibly not active anymore and website down,26.6119841,-80.0869018,Not found,Not found,,,,,,,,,,,,,,
Park University,MO,Stylus,https://www.stylusonline.org,https://www.stylusonline.org,,39.191576,-94.6755573,@stylusbrockport,https://www.instagram.com/stylusbrockport,715,@brockportstylus,https://twitter.com/brockportstylus,@thestylus,https://www.facebook.com/thestylus,,,,,,,,,
Parkland College,IL,Prospectus,https://www.prospectusnews.com/ ,https://www.prospectusnews.com/about-contact/  ,,40.1319415,-88.2885819,@prospectus_news,https://www.instagram.com/prospectus_news/?hl=en,262,,,@ProspectusNews,https://www.facebook.com/ProspectusNews,,,,,,,,,
Pasadena City College,CA,PCC Courier,https://www.pcccourier.com/ ,https://www.pcccourier.com/about-us/staff,,34.1439461,-118.118761,@pcccourier,https://www.instagram.com/pcccourier,1600,,,,,,,,,,,,,
Passaic County Community College,NJ,Visions Newspaper,https://www.visionsnewspaper.com,https://www.visionsnewspaper.com/contact,,40.917911,-74.1687677,@pcccvisions,https://www.instagram.com/pcccvisions/,98,,,,,,,,,,,,,
Peninsula College,WA,The Buccaneer,https://www.passthebuc.com  ,https://www.passthebuc.com/about-and-contact/  ,,48.1022666,-123.4124396,Not found,Not found,,,,,,,,,,,,,,
Penn State Beaver,PA,The Roar,https://sites.psu.edu/theroar/,https://sites.psu.edu/theroar/about/,,40.678811,-80.2963765,Not found,Not found,,,,,,,,,,,,,,
Penn State Behrend,PA,The Behrend Beacon,https://behrendbeacon.com ,https://behrendbeacon.com/contact-us-the-behrend-beacon/,,38.7945952,-106.5348379,@behrend_beacon,https://www.instagram.com/behrend_beacon/,612,@behrendbeacon,https://twitter.com/behrendbeacon,@thebehrendbeacon,https://www.facebook.com/thebehrendbeacon,,,,,,,,,
Penn State New Kensington,PA,Nittany Pride, https://nittanypride.wordpress.com/,https://nittanypride.wordpress.com/about/,,40.5697892,-79.7647705,Not found,Not found,,,,,,,,,,,,,,
Penn State University,PA,Daily Collegian,https://www.psucollegian.com ,https://www.psucollegian.com/site/contact.html,,40.7982133,-77.8599084,@dailycollegian,https://www.instagram.com/dailycollegian/,26072,@DailyCollegian,https://twitter.com/DailyCollegian,@collegian,https://www.facebook.com/collegian,,,,,,,,,
Pensacola State College,FL,The Corsair,https://ecorsair.pensacolastate.edu/ ,,,30.4827432,-87.2021504,@corsairpsc,https://www.instagram.com/corsairpsc,311,,,@corsairpsc,https://www.facebook.com/corsairpsc,,,,,,,,,
Pepperdine University,CA,Graphic,https://pepperdine-graphic.com/category/news/,https://pepperdine-graphic.com/contact/,,34.0415037,-118.709596,@peppgraphic,https://www.instagram.com/peppgraphic,4321,@peppgraphic,https://twitter.com/peppgraphic,@peppgraphic,https://www.facebook.com/peppgraphic,,,,,,,,,
Peru State College,NE,Peru State Times,https://www.peru.edu/newsroom/all-news/2/  ,https://www.peru.edu/studentlife/clubs/,,40.4741686,-95.7336054,Not found,Not found,,,,,,,,,,,,,,
Piedmont Community College,NC,The Forum,https://www.piedmontforum.com,https://www.pvcc.edu/forum-student-newspaper-club,,36.431842,-78.980434,Not found,Not found,,,,,,,,,,,,,,
Piedmont University,GA,The Roar,https://piedmontroar.com/roar-news/,https://piedmontroar.com/staff/,,34.5665363,-83.5419975,@piedmontroar,https://www.instagram.com/piedmontroar/?hl=en,790,,,,,,,,,,,,,
Piedmont Virginia Community College,VA,The Forum,https://www.piedmontforum.com,https://www.pvcc.edu/forum-student-newspaper-club,,38.0063054,-78.484332,@pvccforum,https://www.instagram.com/pvccforum/,135,,,,,,,,,,,,,
Pierce College,CA,Pierce College Roundup,https://theroundupnews.com,https://www.facebook.com/theroundupnews/,,34.1837594,-118.5797975,@roundupnews,https://www.instagram.com/roundupnews,1176,,,@theroundupnews,https://www.facebook.com/theroundupnews,,,,,,,,,
Pikes Peak State College,CO,The Pikes Peak Echo,https://pikespeakpaper.org,https://pikespeakpaper.org,,38.7642369,-104.788468,Not found,Not found,,,,,,,,,,,,,,
Pima Community College,AZ,Aztec Press Online,https://www.pimapost.com,https://pima.edu/student-resources/student-activities/student-publications/index.html,,32.3435478,-111.0272835,@thepimapost,https://www.instagram.com/thepimapost,196,@thepimapost,https://twitter.com/thepimapost,@pimapost,https://www.facebook.com/pimapost,,,,,,,,,
Pittsburg State University,KS,The Collegio,https://psucollegio.com,https://www.facebook.com/thepsucollegio/,,37.390414,-94.691094,@thecollegio,https://www.instagram.com/collegio.psu/,481,,,,,,,,,,,,,
Plymouth State University,NH,The Clock Online,https://www.plymouth.edu/theclock/,https://www.plymouth.edu/theclock/staff/,,43.7614453,-71.6891605,@psutheclock,https://www.instagram.com/psutheclock,918,@ClockPSU,https://twitter.com/ClockPSU,,,,,,,,,,,
Point Loma Nazarene University,CA,The Point,https://lomabeat.com,https://lomabeat.com/contact-us/,,32.7177636,-117.2513541,@thepointweekly,https://www.instagram.com/thepointweekly/,1751,,,,,,,,,,,,,
Point Park University,PA,The Globe,https://ppuglobe.com/#The%20Globe,"https://ppuglobe.com/staff-profiles/, https://ppuglobe.com/about/",,40.4384916,-80.0017987,@ppuglobe,https://www.instagram.com/ppuglobe/,1639,,,,,,,,,,,,,
Portland State University,OR,PSU Vanguard,https://psuvanguard.com,https://psuvanguard.com/contact-2/,,45.5111153,-122.6833385,@psuvanguard,https://www.instagram.com/psuvanguard/,9847,@psuvanguard,https://twitter.com/psuvanguard,,,,,,,,,,,
Prairie State College,IL,The Pioneer,https://pscpioneer.com,"https://pscpioneer.com/staff/, https://pscpioneer.com/about/contact-us/",,41.5273773,-87.6384429,Not found,Not found,,,,,,,,,,,,,,
Prairie View A&M University,TX,The Panther,http://www.pvpanther.com,https://www.pvamu.edu/sa/the-panther-contact/,,30.0954974,-95.9907076,@pvpantheronline,https://www.instagram.com/pvpantheronline,359,,,,,,,,,,,,,
Pratt Institute,NY,The Prattler,https://www.prattleronline.com,https://www.prattleronline.com/officers,,40.6913844,-73.9629858,@prattler,https://www.instagram.com/prattler/,1869,,,,,,,,,,,,,
Princeton University,NJ,The Daily Princetonian,https://www.dailyprincetonian.com/section/news,https://www.dailyprincetonian.com/page/contact,,40.3430942,-74.6550739,@dailyprincetonian,https://www.instagram.com/DailyPrincetonian/,16305,@princetonian,https://twitter.com/princetonian,@DailyPrincetonian,https://www.facebook.com/DailyPrincetonian,,,,,,,,,
Providence College,RI,The Cowl,https://www.thecowl.com/,https://www.thecowl.com/about-us/meet-our-staff/,,41.8440047,-71.4347475,@the_cowl,https://www.instagram.com/the_cowl,1509,@thecowl,https://twitter.com/thecowl,@thecowl,https://www.facebook.com/thecowl,,,,,,,,,
Purdue University,IN,The Exponent,https://www.purdueexponent.org,https://www.purdueexponent.org/site/contact.html,,40.4237054,-86.9211946,@purdueexponent,https://www.instagram.com/purdueexponent/,25836,@purdueexponent,https://twitter.com/purdueexponent,@purdueexponent,https://www.facebook.com/purdueexponent,,,,,,,,,
Purdue University Northwest,IN,PNW Pioneer,https://pnwpioneer.com/,,,41.5808418,-87.4723763,@pnw_pioneer_,https://www.instagram.com/pnw_pioneer_,352,,,@PNWPioneer,https://www.facebook.com/PNWPioneer,,,,,,,,,
Quincy University,IL,The Falcon,https://qumedia.net/the-falcon/,https://qumedia.net/the-falcon/,,39.9405844,-91.3854387,@qutvnews,https://www.instagram.com/qutvnews/?hl=en,514,,,,,,,,,,,,,
Quinnipiac University,CT,The Quinnipiac Chronicle,https://quchronicle.com,"https://quchronicle.com/meet-the-editors/staff/, https://quchronicle.com/contact-us/",,41.4189262,-72.8936493,@quchronicle,https://www.instagram.com/quchronicle,3195,@QUChronicle,https://twitter.com/QUChronicle,@QUChronicle,https://www.facebook.com/QUChronicle,,,,,,,,,
Radford University,VA,The Tartan,https://rutartan.com,https://www.facebook.com/rutartan/,,37.1382597,-80.5506161,@thetartan_cmu,https://www.instagram.com/thetartan_cmu,4268,@thetartan,https://twitter.com/thetartan,@thetartan,https://www.facebook.com/thetartan,,,,,,,,,
Ramapo College of New Jersey,NJ,Ramapo News,https://www.ramaponews.com,https://www.ramaponews.com/contact-us/,,41.081602,-74.1753734,@ramaponews,https://www.instagram.com/ramaponews,1172,@RamapoNews,https://twitter.com/RamapoNews,@ramaponews,https://www.facebook.com/ramaponews,,,,,,,,,
Randolph-Macon College,VA,The Yellow Jacket,https://yjpaper.org,https://yjpaper.org/staff/,,37.7631796,-77.4773666,@yjpaper,https://www.instagram.com/yjpaper/,438,,,,,,,,,,,,,
Raritan Valley Community College,NJ,The Record,https://rvccrecord.com,"https://rvccrecord.com/contactus/, https://www.facebook.com/rvcctherecord/",,40.6099967,-74.6881866,@rvccrecord,https://www.instagram.com/rvccrecord/,226,@RVCCTheRecord,https://twitter.com/RVCCTheRecord,@rvcctherecord,https://www.facebook.com/rvcctherecord,,,,,,,,,
Reading Area Community College,PA,The Front Street Journal,https://www.thefrontstreetjournal.com,https://www.thefrontstreetjournal.com/about,,40.3343637,-75.9343947,@thefrontstreetjournal,https://www.instagram.com/thefrontstreetjournal/,32,,,,,,,,,,,,,
Reed College,OR,The Reed College Quest,https://www.reedquest.org,https://www.reedquest.org/contact,,45.4810848,-122.6308086,@reedquest,https://www.instagram.com/reedquest,1063,@reedquest,https://twitter.com/reedquest,@reedquest,https://www.facebook.com/reedquest,,,,,,,,,
Regent University,VA,Daily Runner,https://dailyrunneronline.com ,https://dailyrunneronline.com/contactus/,,36.8007899,-76.1928949,@thedailyrunnernews,https://www.instagram.com/thedailyrunnernews,939,,,,,,,,,,,,,
Regis University,CO,The Regis Highlander,https://ruhighlander.org,"https://ruhighlander.org/the-staff, https://ruhighlander.org/about-us, https://www.regis.edu/academics/faculty-finder/faculty/meghan-sobel-cohen",,39.7896087,-105.0302396,@ruhighlander,https://www.instagram.com/ruhighlander,648,@RegisHighlander,https://twitter.com/RegisHighlander,@RUHighlanderNews,https://www.facebook.com/RUHighlanderNews,,,,,,,,,
Reinhardt University,GA,The Eagle Eye,,https://www.facebook.com/RUEagleEye/,"Website not working for The Eagle Eye, https://thehiltonian.com Also a Reinhardt University paper, however it's unclear if it's student-run or not ",34.3205083,-84.5509513,Not found,Not found,,,,,,,,,,,,,,
Rensselaer Polytechnic Institute,NY,The Polytechnic,https://poly.rpi.edu/,,,42.7297628,-73.6788884,@rpipoly,https://www.instagram.com/rpipoly,2034,,,@thepolytechnic,https://www.facebook.com/thepolytechnic,,,,,,,,,
Rhode Island College,RI,The Anchor,https://www.anchorweb.org,https://www.anchorweb.org/contact-us,,41.8417288,-71.4627575,@rictheanchor,https://www.instagram.com/rictheanchor/,1000,@TheAnchorRIC,https://twitter.com/TheAnchorRIC,@TheAnchorRIC,https://www.facebook.com/TheAnchorRIC,,,,,,,,,
Rhode Island School of Design,RI,The College Hill Independent,https://www.theindy.org/about,https://www.theindy.org/about,,41.8270818,-71.4092975,@theindypvd,https://www.instagram.com/theindypvd,3000,@theindy_tweets,https://twitter.com/theindy_tweets,@collegehillindependent,https://www.facebook.com/collegehillindependent,,,,,,,,,
Rhodes College,TN,The Sou'wester,https://rhodes.presence.io/organization/the-souwester,https://www.facebook.com/souwesternewspaper/,,35.1555409,-89.9893293,@rhodes_college_souwester,https://www.instagram.com/rhodes_college_souwester,325,,,,,,,,,,,,,
Rice University,TX,The Rice Thresher,https://www.ricethresher.org,"https://www.ricethresher.org/page/about, https://www.ricethresher.org/page/contact",,29.7168363,-95.4035531,@ricethresher,https://www.instagram.com/ricethresher/,7032,@TheRiceThresher,https://twitter.com/TheRiceThresher,@TheRiceThresher,https://www.facebook.com/TheRiceThresher,,,,,,,,,
Richland College,TX,Richland Chronicle,https://richlandstudentmedia.com/category/online-only/,"https://richlandstudentmedia.com/editors/, https://richlandstudentmedia.com/staff/",,32.9211773,-96.7284623,@richlandstudentmedia,https://www.instagram.com/richlandstudentmedia/,509,,,,,,,,,,,,,
Rider University,NJ,The Rider News,https://theridernews.com,"https://theridernews.com/staff/, https://theridernews.com/contact-us/",,40.2811583,-74.7407633,@theridernews,https://www.instagram.com/theridernews,2576,@theridernews,https://twitter.com/theridernews,,,,,,,,,,,
Ripon College,WI,College Days,https://riponmedia.com/college-days/,https://riponmedia.com/about/,,43.8440322,-88.8423614,@riponcollegedays,https://www.instagram.com/riponcollegedays,533,@rccollegedays,https://twitter.com/rccollegedays,@riponcollegedays,https://www.facebook.com/riponcollegedays,,,,,,,,,
Riverside City College,CA,Viewpoints,https://viewpointsonline.org,"https://viewpointsonline.org/staff-list/, https://viewpointsonline.org/contact-us/",,33.9711925,-117.3811035,@viewpointsonline,https://www.instagram.com/viewpointsonline,1491,@RCCViewpoints,https://twitter.com/RCCViewpoints,@RCCviewpoints,https://www.facebook.com/RCCviewpoints,,,,,,,,,
Roanoke College,VA,Brackety-Ack,https://brackety-ack.com,https://brackety-ack.com/?page_id=8,,37.2974467,-80.0552666,@thebracketyack,https://www.instagram.com/thebracketyack/,622,@RCbracketyack,https://twitter.com/RCbracketyack,,,,,,,,,,,
Robert Morris University,PA,Sentry Media,https://www.rmusentrymedia.com,https://www.rmusentrymedia.com/about-2/,,40.5213461,-80.2127179,@rmusentrymedia,https://www.instagram.com/rmusentrymedia,1342,@RMUSentryMedia,https://twitter.com/RMUSentryMedia,@RMUSentryMedia,https://www.facebook.com/RMUSentryMedia,,,,,,,,,
Rochester Institute of Technology,NY,Reporter Magazine,https://reporter.rit.edu/,,,43.0803647,-77.6707924,@reportermag,https://www.instagram.com/reportermag,2803,,,@reportermag,https://www.facebook.com/reportermag,,,,,,,,,
Rock Valley College,IL,The Valley Forge,https://www.rvcvalleyforge.com,https://www.rvcvalleyforge.com/index.php/valley-forge-staff/,,42.3081071,-88.9939767,@rvcvalleyforge,https://www.instagram.com/rvcvalleyforge/,561,,,@RVCValleyForge,https://www.facebook.com/RVCValleyForge,,,,,,,,,
Rockhurst University,MO,The Sentinel,https://rusentinel.com,https://rusentinel.com/about/,,39.0303478,-94.5710674,@therusentinel,https://www.instagram.com/therusentinel/,806,@theRUsentinel,https://twitter.com/theRUsentinel,@TheRUSentinel,https://www.facebook.com/TheRUSentinel,,,,,,,,,
Rockland Community College,NY,Outlook Student Press,https://medium.com/@outlookstudentpressrcc,https://medium.com/@outlookstudentpressrcc/about,,41.1344472,-74.0846692,Not found,Not found,,,,,,,,,,,,,,
Rocky Mountain College,MT,"The Rocky Mountain Collegian, The Summit",https://collegian.com,"https://collegian.com/staff-page/, https://rmsmc.com/contact-us/ - The Collegian, https://www.facebook.com/rmcsummit/ - The Summit",,45.7965967,-108.5581514,@rmcollegian,https://www.instagram.com/rmcollegian,6946,,,@CSUCollegian,https://www.facebook.com/CSUCollegian,,,,,,,,,
Roger Williams University,RI,The Hawks' Herald,https://rwuhawksherald.com,https://rwuhawksherald.com,,41.6508516,-71.2592083,@thehawksherald,https://www.instagram.com/thehawksherald/,1466,,,@thehawksherald,https://www.facebook.com/thehawksherald,,,,,,,,,
Roosevelt University,IL,The Torch,https://rutorch.wordpress.com,https://www.facebook.com/RooseveltTorchNews/,,41.8760026,-87.6251806,@rutorch,https://www.instagram.com/rutorch/,521,,,,,,,,,,,,,
Rose State College,OK,15th Street News,https://www.15thstreetnews.org/,https://www.rosestatemediagroup.com/about,,35.4446054,-97.4137767,Not found,Not found,,,,,,,,,,,,,,
Rowan University,NJ,The Whit,https://thewhitonline.com,https://thewhitonline.com/staff/,,39.7099689,-75.1191932,@thewhitatrowan,https://www.instagram.com/thewhitatrowan,3296,@TheWhitOnline,https://twitter.com/TheWhitOnline,,,,,,,,,,,
Rutgers University-Camden,NJ,The Daily Targum,https://dailytargum.com/,,,39.9484052,-75.1217367,@dailytargum,https://www.instagram.com/dailytargum/,8958,,,@thedailytargum,https://www.facebook.com/thedailytargum,,,,,,,,,
Rutgers University-Newark,NJ,The Observer,https://rutgersobserver.wordpress.com,https://rutgersobserver.wordpress.com/contact-us/,,40.739586,-74.1736908,@rnobserver,https://www.instagram.com/rnobserver/,469,,,,,,,,,,,,,
Rutgers-Camden,NJ,The Gleaner,https://gleaner.rutgers.edu/category/news-features/,https://gleaner.rutgers.edu/contact-us/,,39.9484052,-75.1217367,@gleanerruc,https://www.instagram.com/gleanerruc/,430,,,,,,,,,,,,,
Rutgers-New Brunswick,NJ,The Daily Targum,https://dailytargum.com/category/news,https://dailytargum.com/page/contact,,40.5037764,-74.4508342,@dailytargum,https://www.instagram.com/dailytargum,8958,,,@thedailytargum,https://www.facebook.com/thedailytargum,,,,,,,,,
Sacred Heart University,CT,Spectrum,https://www.shuspectrum.com,https://www.shuspectrum.com/meet-the-staff/,,41.220562,-73.2423947,@shuspectrum,https://www.instagram.com/shuspectrum,1808,@TheSpectrumSHU,https://twitter.com/TheSpectrumSHU,@SHUSpectrumNewspaper,https://www.facebook.com/SHUSpectrumNewspaper,,,,,,,,,
Saddleback College,CA,Lariat,https://lariatnews.com,https://www.facebook.com/lariatnews,,33.5542768,-117.6640079,@lariatnews,https://www.instagram.com/lariatnews,304,@lariatnews,https://twitter.com/lariatnews,@lariatnews,https://www.facebook.com/lariatnews,,,,,,,,,
Saginaw Valley State University,MI,The Valley Vanguard,https://thevalleyvanguard.com,"https://thevalleyvanguard.com/2024-staff/, https://www.facebook.com/TheValleyVanguard/",,43.5142733,-83.9623559,@thevalleyvanguard,https://www.instagram.com/thevalleyvanguard/,1236,,,@TheValleyVanguard,https://www.facebook.com/TheValleyVanguard,,,,,,,,,
Saint Cloud State University,MN,University Chronicle,http://universitychron.com/,,,45.548639,-94.1515367,@universitychronicle,https://www.instagram.com/universitychronicle,525,@univesitychron,https://twitter.com/univesitychron,@universitychron,https://www.facebook.com/universitychron,,,,,,,,,
Saint Francis University,PA,The Troubadour,https://troubadour.francis.edu,https://troubadour.francis.edu/about/staff/,,40.5037488,-78.6388875,@troubadourfus,https://www.instagram.com/troubadourfus/,780,@troubadour_sfu,https://twitter.com/troubadour_sfu,,,,,,,,,,,
Saint Joseph's University,PA,The Hawk Newspaper,https://sjuhawknews.com,"https://sjuhawknews.com/staff/, https://www.facebook.com/sjuhawknews/, https://directory.sju.edu/shenid-bhayroo",,39.9951217,-75.2399328,@sjuhawknews,https://www.instagram.com/sjuhawknews/,3411,,,@sjuhawknews,https://www.facebook.com/sjuhawknews,,,,,,,,,
Saint Leo University,FL,The Lions' Pride,https://lionsprideonline.com/,,,28.3383111,-82.2572858,@lionspridemedia,https://www.instagram.com/lionspridemedia/,854,@TVTLP,https://twitter.com/TVTLP,@lionspridemedia,https://www.facebook.com/lionspridemedia,,,,,,,,,
Saint Louis Community College-Florissant Valley                                                                                                                                                                                                ,MO,The Forum,https://www.theforumfv.com/,https://www.theforumfv.com/about,,38.7685917,-90.2882323,@fvforumstlcc,https://www.instagram.com/fvforumstlcc/,169,,,@FVForum,https://www.facebook.com/FVForum,,,,,,,,,
Saint Louis Community College-Forest Park,MO,The Scene,https://thescenefp.com,"https://thescenefp.com/staff/, https://stlcc.edu/clubs/",,38.6290512,-90.2787956,Not found,Not found,,,,,,,,,,,,,,
Saint Louis Community College-Meramec,MO,The Montage,https://www.meramecmontage.com,https://stlcc.edu/campus-life-community/student-media.aspx,,38.5687591,-90.4206356,@meramecmontage,https://www.instagram.com/meramecmontage/,335,,,@meramecmontage,https://www.facebook.com/meramecmontage,,,,,,,,,
Saint Louis University,MO,The University News,https://unewsonline.com,https://unewsonline.com/contact/,,38.6358876,-90.2341231,@theunews,https://www.instagram.com/theunews/,3095,@TheUNews,https://twitter.com/TheUNews,@TheUNews,https://www.facebook.com/TheUNews,,,,,,,,,
Saint Mary's College,IN,The Observer,https://www.ndsmcobserver.com,https://www.ndsmcobserver.com/page/contact,"Holy Cross, Saint Mary's, and Notre Dame",41.7069755,-86.2619381,@ndsmcobserver,https://www.instagram.com/ndsmcobserver/,8595,@NDSMCObserver,https://twitter.com/NDSMCObserver,@ndsmcobserver,https://www.facebook.com/ndsmcobserver,,,,,,,,,
Saint Mary's College of California,CA,The Collegian,https://www.smccollegian.org,"https://www.smccollegian.org/meet-the-team.html, https://www.stmarys-ca.edu/faculty-directory/higdon-nolan",,37.8408837,-122.1089374,@smc_collegian,https://www.instagram.com/smc_collegian/,673,,,,,,,,,,,,,
Saint Michael's College,VT,Defender,https://defender.smcvt.edu,https://defender.smcvt.edu/staff/ ,,44.49598,-73.163743,@smcvtdefender,https://www.instagram.com/smcvtdefender/,937,,,@SMCDefender,https://www.facebook.com/SMCDefender,,,,,,,,,
Saint Peter's University,NJ,Saint Peter's Tribune,https://www.saintpeterstribune.com,https://www.saintpeterstribune.com/site/contact.html,,40.7269492,-74.0700326,@saintpeterstribune,https://www.instagram.com/saintpeterstribune/,990,@saintpeterstrib,https://twitter.com/saintpeterstrib,,,,,,,,,,,
Saint Xavier University,IL,The Xavierite,https://sxustudentmedia.com/category/news/,"https://sxustudentmedia.com/staff/, https://www.facebook.com/thexavieritenewspaper/, https://www.sxu.edu/directory/cas/communication/peter-kreten.html",,41.7090693,-87.7151551,@xavieritenewspaper,https://www.instagram.com/xavieritenewspaper/,368,,,@thexavieritenewspaper,https://www.facebook.com/thexavieritenewspaper,,,,,,,,,
Salem College,NC,The Salemite,https://thesalemite.com,"https://thesalemite.com/about/the-staff-2019-2020/, https://thesalemite.com/about/contact-us/, https://www.salem.edu/team/t-sharee-fowler/",,36.0875173,-80.2412072,@thesalemite,https://www.instagram.com/thesalemite/,554,,,,,,,,,,,,,
Salisbury University,MD,The Flyer,https://www.thesuflyer.com,https://www.thesuflyer.com/about-1,,38.3462183,-75.6055949,@salisburyflyer,https://www.instagram.com/salisburyflyer/,1775,@suflyer,https://twitter.com/suflyer,@SalisburyFlyer,https://www.facebook.com/SalisburyFlyer,,,,,,,,,
Salt Lake Community College,UT,The Globe,https://www.globeslcc.com,"https://www.globeslcc.com/staff/, https://www.globeslcc.com/contact-us/, https://www.slcc.edu/arts-comm/faculty.aspx",,40.672139,-111.9427925,@slccsmc,https://www.instagram.com/slccsmc/,784,,,@slccsmc,https://www.facebook.com/slccsmc,,,,,,,,,
Salve Regina University,RI,Mosaic,https://www.srumosaic.com,https://events.salve.edu/event/a-conversation-with-kashmir-hill?utm_source=chatgpt.com,,41.4728515,-71.3018716,@srumosaic,https://www.instagram.com/srumosaic,526,@mosaicsru,https://twitter.com/mosaicsru,@SRUMosaic,https://www.facebook.com/SRUMosaic,,,,,,,,,
Sam Houston State University,TX,The Houstonian,https://thehoustoniannews.com,https://thehoustoniannews.com/about-the-houstonian/,,30.7151799,-95.5466174,@houstoniannews,https://www.instagram.com/houstoniannews/,1030,@houstoniannews,https://twitter.com/houstoniannews,@HoustonianNews,https://www.facebook.com/HoustonianNews,,,,,,,,,
Samford University,AL,The Samford Crimson,https://www.thesamfordcrimson.com/,,,33.4649218,-86.7913423,@thesamfordcrimson,https://www.instagram.com/thesamfordcrimson/,1930,,,@samford.crimson,https://www.facebook.com/samford.crimson,,,,,,,,,
San Antonio College,TX,The Sundial,https://sacsundial.com,https://sacsundial.com/contact/,Formerly called The Ranger,29.4457849,-98.4959969,@thesundial,https://www.instagram.com/thesundial/,8413,@DailySundial,https://twitter.com/DailySundial,@dailysundial,https://www.facebook.com/dailysundial,,,,,,,,,
San Diego City College,CA,City Times,https://sdcitytimes.com/,,,32.7175697,-117.1508543,@sdcitytimes,https://www.instagram.com/sdcitytimes/,1353,@sdcitytimes,https://twitter.com/sdcitytimes,@SDCityTimes,https://www.facebook.com/SDCityTimes,,,,,,,,,
San Diego Mesa College,CA,The Mesa Press,https://www.mesapress.com/,https://www.mesapress.com/about/,,32.8049085,-117.1675503,@mesa.press,https://www.instagram.com/mesa.press/,499,,,@themesapress,https://www.facebook.com/themesapress,,,,,,,,,
San Diego State University,CA,The Daily Aztec,https://thedailyaztec.com,https://thedailyaztec.com/staff/,,32.7764121,-117.0719191,@thedailyaztec,https://www.instagram.com/thedailyaztec/,7956,@TheDailyAztec,https://twitter.com/TheDailyAztec,@thedailyaztec,https://www.facebook.com/thedailyaztec,,,,,,,,,
San Francisco State University,CA,Golden Gate Xpress,https://goldengatexpress.org,https://goldengatexpress.org/about/contact/,,37.7241492,-122.4799405,@ggxnews,https://www.instagram.com/ggxnews/,6380,@GGXnews,https://twitter.com/GGXnews,@GGXnews,https://www.facebook.com/GGXnews,,,,,,,,,
San Jacinto College Central,TX,San Jacinto Times,https://sanjactimes.com,https://sanjactimes.com/about/,,38.7945952,-106.5348379,@sanjacintotimes,https://www.instagram.com/sanjacintotimes/,98,,,,,,,,,,,,,
San Joaquin Delta College,CA,The Collegian ,https://deltacollegian.net,https://deltacollegian.net,,37.9953671,-121.3195528,@deltacollegian,https://www.instagram.com/deltacollegian/,776,,,,,,,,,,,,,
San Jose State University,CA,Spartan Daily,https://sjsunews.com/publication/spartan-daily,https://sjsunews.com/contact,,37.3351874,-121.8810715,@spartandaily,https://www.instagram.com/spartandaily/,6698,@SpartanDaily,https://twitter.com/SpartanDaily,@spartandaily,https://www.facebook.com/spartandaily,,,,,,,,,
Santa Ana College,CA,el Don News,https://eldonnews.org,"https://eldonnews.org/about/, https://eldonnews.org/contact-us-spring-2025/",,33.7579713,-117.888884,@eldonnews,https://www.instagram.com/eldonnews/,1919,@eldonnews,https://twitter.com/eldonnews,,,,,,,,,,,
Santa Clara University,CA,The Santa Clara,https://www.thesantaclara.org,https://www.thesantaclara.org/contact,,37.3489255,-121.9367804,@thesantaclara,https://www.instagram.com/thesantaclara/,3350,@TheSantaClara,https://twitter.com/TheSantaClara,@thesantaclaranewspaper,https://www.facebook.com/thesantaclaranewspaper,,,,,,,,,
Santa Monica College,CA,The Corsair,https://www.thecorsaironline.com,https://www.thecorsaironline.com/contact,,34.0167814,-118.4706934,@corsairnews,https://www.instagram.com/corsairnews/,3203,,,,,,,,,,,,,
Santa Rosa Junior College,CA,The Oak Leaf,https://www.theoakleafnews.com/,https://www.theoakleafnews.com/contact/,,38.4552325,-122.7212677,@theoakleafnews,https://www.instagram.com/theoakleafnews/,2264,,,@theoakleafnews,https://www.facebook.com/theoakleafnews,,,,,,,,,
Sarah Lawrence College,NY,The Phoenix,https://sarahlawrencephoenix.com,https://sarahlawrencephoenix.com/staff,,40.93459,-73.8455821,@slcphoenix,https://www.instagram.com/slcphoenix/,1249,@SLCPhoenix,https://twitter.com/SLCPhoenix,@slcphoenix,https://www.facebook.com/slcphoenix,,,,,,,,,
Sauk Valley Community College,IL,The Skyhawk View,,https://www.facebook.com/svccskyhawkview/,Webpage not found,41.8197944,-89.5974457,Not found,Not found,,,,,,,,,,,,,,
Savannah College of Art and Design-Atlanta,GA,The Connector,https://scadconnector.com,"https://scadconnector.com/contact-us/, https://scadconnector.com/our-staff/",,33.7501275,-84.3885209,@scadconnector,https://www.instagram.com/scadconnector/,1538,,,,,,,,,,,,,
Savannah College of Art and Design-Savannah,GA,District,https://scaddistrict.com,https://docs.google.com/forms/d/e/1FAIpQLSceWZT56G7fbtYutP2xLGo7DP5Wh9Xo_w076ioeCmgVzy8YXw/viewform,,32.0691097,-81.0938141,@scaddistrict,https://www.instagram.com/scaddistrict/,4769,@scaddistrict,https://twitter.com/scaddistrict,,,,,,,,,,,
Savannah State University,GA,The Tiger's Roar,https://www.tigersroar.com,https://www.tigersroar.com/site/staff.html,,32.0241968,-81.0625787,@ssutigersroar,https://www.instagram.com/ssutigersroar/,1318,,,@SSUTigersRoar,https://www.facebook.com/SSUTigersRoar/,,,,,,,,,
Schoolcraft College,MI,Schoolcraft Connection,https://schoolcraftconnection.com,https://schoolcraftconnection.com/contact-us/,,42.4203969,-83.429228,@schoolcraftconnection,https://www.instagram.com/schoolcraftconnection/,644,@connectionSAO,https://twitter.com/connectionSAO,@schoolcraftconnection,https://www.facebook.com/schoolcraftconnection,,,,,,,,,
Seattle Pacific University,WA,The Falcon,https://thefalcon.seapacmedia.com,"https://thefalcon.seapacmedia.com/about/editors/, https://www.facebook.com/thefalcononline/",,47.6491714,-122.3618554,@thefalcon_spu,https://www.instagram.com/thefalcon_spu/,1613,,,@thefalcononline,https://www.facebook.com/thefalcononline/,,,,,,,,,
Seattle University,WA,The Spectator,https://seattlespectator.com,"https://seattlespectator.com/staff-2/staff/, https://www.facebook.com/SeattleSpectator/",,47.6061389,-122.3328481,@seattlespectator,https://www.instagram.com/seattlespectator/,1403,@SU_Spectator,https://twitter.com/SU_Spectator,@SeattleSpectator,https://www.facebook.com/SeattleSpectator,,,,,,,,,
Seminole State College,FL,The Seminole Scribe,,https://www.facebook.com/SeminoleScribe/,Webpage not found,28.7449872,-81.3045654,@scribeseminole,https://www.instagram.com/scribeseminole/,175,@SeminoleScribe,https://twitter.com/SeminoleScribe,,,,,,,,,,,
Seton Hall University,NJ,The Setonian,https://www.thesetonian.com,https://www.thesetonian.com/page/about,,40.7430841,-74.246082,@thesetonian,https://www.instagram.com/thesetonian/,5495,@Setonian,https://twitter.com/Setonian,@TheSetonian,https://www.facebook.com/TheSetonian,,,,,,,,,
Seton Hill University,PA,Setonian,https://setonianonline.com,https://setonianonline.com/about-us/,,40.3089241,-79.555889,@setonianonline,https://www.instagram.com/setonianonline/,468,,,,,,,,,,,,,
Sewanee: The University of the South,TN,The Sewanee Purple,https://thesewaneepurple.org,"https://thesewaneepurple.org/staff/, https://www.facebook.com/TheSewaneePurple/?fref=ts, https://new.sewanee.edu/online-directory/",,35.2050343,-85.9176238,@sewaneepurple,https://www.instagram.com/sewaneepurple/,3495,@SewaneePurple,https://twitter.com/SewaneePurple,@TheSewaneePurple,https://www.facebook.com/TheSewaneePurple,,,,,,,,,
Seward County Community College,KS,Crusader News,https://crusadernews.com/news-2/,"https://crusadernews.com/contact-us/, https://www.facebook.com/CrusaderNews/?fref=nf",,37.0592889,-100.9190636,@crusadernews,https://www.instagram.com/crusadernews/,453,,,,,,,,,,,,,
Shawnee State University,OH,The Chronicle,https://shawneestatechronicle.com/,https://shawneestatechronicle.com/about/,,38.7313546,-82.9919621,@ssuchronicle,https://www.instagram.com/ssuchronicle/,217,@TheSSUChronicle,https://twitter.com/TheSSUChronicle,@TheSSUChronicle,https://www.facebook.com/TheSSUChronicle,,,,,,,,,
Shepherd University,WV,SUPicket,https://supicket.com,https://supicket.com/contact/,,39.4338148,-77.8044392,@supicketgram,https://www.instagram.com/supicketgram/,696,@supicket,https://twitter.com/supicket,@SUPicket,https://www.facebook.com/SUPicket,,,,,,,,,
Shippensburg University,PA,The Slate,https://www.theslateonline.com,"https://www.theslateonline.com/page/contact, https://www.ship.edu/academics/cas/communication-journalism/faculty/drager/",,40.0615522,-77.5232461,@shipuslate,https://www.instagram.com/shipuslate/,1431,@ShipUSlate,https://twitter.com/ShipUSlate,@TheSlate,https://www.facebook.com/TheSlate,,,,,,,,,
Simmons University,MA,The Simmons Voice,https://simmonsvoice.com,"https://simmonsvoice.com/about/, https://simmonsvoice.com/staff/",,42.339063,-71.1004376,@TheSimmonsVoice,https://www.instagram.com/TheSimmonsVoice/,1227,@TheSimmonsVoice,https://twitter.com/TheSimmonsVoice,@TheSimmonsVoice,https://www.facebook.com/TheSimmonsVoice,,,,,,,,,
Simpson College,IA,The Simpsonian,https://thesimpsonian.com,https://thesimpsonian.com/contact-us/,,41.3660163,-93.562973,@simpsoniansc,https://www.instagram.com/simpsoniansc/,1357,@SimpsonianSC,https://twitter.com/SimpsonianSC,,,,,,,,,,,
Sinclair Community College,OH,The Clarion,https://www.sinclairclarion.com,https://www.sinclairclarion.com/home/staff/,,39.7572689,-84.1993987,@sinclairclarion,https://www.instagram.com/sinclairclarion/,862,@sinclairclarion,https://twitter.com/sinclairclarion,@sinclairclarion,https://www.facebook.com/sinclairclarion,,,,,,,,,
Skidmore College,NY,The Skidmore News,https://skidmorenews.com/news,https://skidmorenews.com/about,,43.0959241,-73.7852385,@skidmorenews,https://www.instagram.com/skidmorenews/,2513,@TheSkidmoreNews,https://twitter.com/TheSkidmoreNews,@skidnews,https://www.facebook.com/skidnews,,,,,,,,,
Skyline College,CA,The Skyline View,https://www.theskylineview.com/,https://www.theskylineview.com/about/,,37.6301616,-122.468515,@theskylineview,https://www.instagram.com/theskylineview/,638,,,@theskylineviewnews,https://www.facebook.com/theskylineviewnews,,,,,,,,,
Slippery Rock University,PA,The Rocket,https://www.theonlinerocket.com,https://www.facebook.com/SRURocket,,41.0623618,-80.0395205,@srurocket,https://www.instagram.com/srurocket/,2113,,,,,,,,,,,,,
Smith College,MA,The Sophian,https://thesophian.com,https://thesophian.com/staff/,,42.3162992,-72.6403095,@thesophian,https://www.instagram.com/thesophian/,2353,@smithsophian,https://twitter.com/smithsophian,@smithsophian,https://www.facebook.com/smithsophian,,,,,,,,,
Snow College ,UT,Snowdrift,https://www.snowcollegenews.com,https://www.snowcollegenews.com/staff,,39.3612246,-111.5829275,@snowcollege_snowdrift,https://www.instagram.com/snowcollege_snowdrift/,721,@snowcollegenews,https://twitter.com/snowcollegenews,@SnowCollegeSnowdrift,https://www.facebook.com/SnowCollegeSnowdrift/,,,,,,,,,
Sonoma State University,CA,Sonoma State Star,https://sonomastatestar.com,https://sonomastatestar.com/staff/,,38.3380036,-122.6763181,@sonomastatestar,https://www.instagram.com/sonomastatestar/,1922,@sonomastatestar,https://twitter.com/sonomastatestar,@sonomastatestar,https://www.facebook.com/sonomastatestar,,,,,,,,,
South Dakota State University,SD,The Collegian,https://sdsucollegian.com,https://sdsucollegian.com/staff/,,44.3191071,-96.7835182,@sdsucollegianmedia,https://www.instagram.com/sdsucollegianmedia/,1958,@sdsucollegian,https://twitter.com/sdsucollegian,@thecollegian,https://www.facebook.com/thecollegian,,,,,,,,,
Southeastern Louisiana University,LA,The Lion's Roar,https://lionsroarnews.com,"https://lionsroarnews.com/about/staff/, https://lionsroarnews.com/about/, https://www.southeastern.edu/employee/chelsea-slack/",,30.5178932,-90.4710715,@lionsroarnews,https://www.instagram.com/lionsroarnews/,5307,,,@lionsroarnews,https://www.facebook.com/lionsroarnews,,,,,,,,,
Southeastern Oklahoma State University,OK,The Southeastern,https://thesoutheastern.com,"https://thesoutheastern.com/contact/, https://thesoutheastern.com/about/",,34.0056034,-96.3781707,@thesoutheasternnews,https://www.instagram.com/thesoutheasternnews/,597,,,,,,,,,,,,,
Southern Adventist University,TN,Southern Accent,https://southern-accent.org,https://southern-accent.org/contact/,,35.0482015,-85.0519507,@sauaccent,https://www.instagram.com/sauaccent/,2758,,,@the.southern.accent,https://www.facebook.com/the.southern.accent/,,,,,,,,,
Southern Connecticut State University,CT,Southern News,https://thesouthernnews.org,https://thesouthernnews.org/contact-us/,,41.3317662,-72.9483416,Not found,Not found,,@Southern_News,https://twitter.com/southern_news,,,,,,,,,,,
Southern Illinois University,IL,Daily Egyptian,https://dailyegyptian.com,https://dailyegyptian.com/contact-us/,,37.7079717,-89.2229983,@dailyegyptian,https://www.instagram.com/dailyegyptian/,4146,,,@dailyegyptian,https://www.facebook.com/dailyegyptian,,,,,,,,,
Southern Illinois University-Edwardsville,IL,The Alestle,http://www.alestlelive.com/,https://www.alestlelive.com/site/contact.html,,38.7951375,-89.9996714,@thealestle,https://www.instagram.com/thealestle/,1535,,,@Alestlelive,https://www.facebook.com/Alestlelive,,,,,,,,,
Southern Methodist University,TX,The Daily Campus,https://smudailycampus.com,https://smudailycampus.com/1061116/uncategorized-zh/contact-our-editors/,,32.8412178,-96.7845175,@smudailycampus,https://www.instagram.com/smudailycampus/,6871,,,@thedailycampus,https://www.facebook.com/thedailycampus,,,,,,,,,
Southern Methodist University's Journalism Division,TX,The Daily Campus,https://smudailycampus.com,https://smudailycampus.com/1061116/uncategorized-zh/contact-our-editors/,,32.8412178,-96.7845175,@smudailycampus,https://www.instagram.com/smudailycampus/,6871,,,@thedailycampus,https://www.facebook.com/thedailycampus,,,,,,,,,
Southern Nazarene University,OK,The Echo,https://echo.snu.edu,"https://echo.snu.edu/staff-2/, https://www.facebook.com/SNUEcho",,35.5135594,-97.6288124,@theechosnu,https://www.instagram.com/theechosnu/,564,,,,,,,,,,,,,
Southern New Hampshire University,NH,The Penmen Press,https://penmenpress.com,https://www.facebook.com/penmenpress,,43.0382166,-71.4493554,@penmenpress,https://www.instagram.com/penmenpress/,1009,@PenmenPress,https://twitter.com/penmenpress,@penmenpress,https://www.facebook.com/penmenpress/,,,,,,,,,
Southern Oregon University,OR,The Siskiyou,https://siskiyou.sou.edu,"https://siskiyou.sou.edu/contact/, https://www.facebook.com/TheSiskiyou/",,42.1854223,-122.6938211,@the_siskiyou,https://www.instagram.com/the_siskiyou/,672,,,,,,,,,,,,,
Southern University and A&M College,LA,The Southern Digest,,"https://www.subr.edu/page/4810, https://www.subr.edu/page/meet-the-staff, https://www.facebook.com/southernuosm1/",Website not working,30.5265222,-91.1929407,Not found,Not found,,,,,,,,,,,,,,
Southern University at New Orleans,LA,The Observer,https://www.suno.edu/page/the-observer,https://www.suno.edu/assets/suno/The-Observer-2025-March-Edition--1.pdf,,30.0259133,-90.0449055,@suno_observer,https://www.instagram.com/suno_observer/,,,,,,,,,,,,,,
Southern Utah University,UT,SUU News,https://suunews.net,https://suunews.net/about/our-staff/,,40.7606608,-111.8939487,@suu_news,https://www.instagram.com/suu_news/,3521,@suunews,https://twitter.com/suunews,@suunews,https://www.facebook.com/suunews/,,,,,,,,,
Southern Virginia University,VA,The Herald,https://medium.com/theherald,https://medium.com/theherald/about,,37.7407843,-79.3497177,Not found,Not found,,,,,,,,,,,,,,
Southwest Minnesota State University,MN,The Mustang Buzz,https://www.mustangbuzz.net,"https://www.mustangbuzz.net/staff/, https://www.mustangbuzz.net/contact/",Used to be called The Spur,44.4561597,-95.759877,@themustangbuzz,https://www.instagram.com/themustangbuzz/,143,,,,,,,,,,,,,
Southwestern College,CA,The Sun,https://swcsun.org,"https://swcsun.org, https://www.facebook.com/swcsun/",,32.6400996,-116.9978233,@theswcsun,https://www.instagram.com/theswcsun/,868,@TheSWCSun,https://twitter.com/theswcsun,@swcsun,https://www.facebook.com/swcsun/,,,,,,,,,
Spartanburg Methodist College,SC,The Trailblazer,https://smctrailblazer.com,"https://www.smcsc.edu/academics/degrees-programs/trailblazer/, https://www.smcsc.edu/directory/jill-coyle/",,34.9551165,-81.9708637,Not found,Not found,,,,@SMCtrailblazer,https://www.facebook.com/SMCtrailblazer,,,,,,,,,
Spelman College ,GA,The Blueprint ,https://thespelmanblueprint.framer.website/,https://thespelmanblueprint.framer.website/contact,,33.7451954,-84.4114376,@thespelmanblueprint,https://www.instagram.com/thespelmanblueprint/?hl=en,4309,@TheSpelmanBP,https://twitter.com/thespelmanbp,,,,,,,,,,,
Spokane Falls Community College,WA,The Communicator,https://communicatoronline.org,https://communicatoronline.org/find_us/,,47.676861,-117.464318,@thefalls_communicator,https://www.instagram.com/thefalls_communicator/,64,@SFCCcom,https://twitter.com/sfcccom,@TheFallsCommunicator,https://www.facebook.com/TheFallsCommunicator/,,,,,,,,,
Spring Hill College,AL,The SpringHillian,https://thespringhillian.com,https://www.facebook.com/SHCStudentMedia/,,30.6944109,-88.1373223,@shcstudentmedia,https://www.instagram.com/shcstudentmedia/,765,,,,,,,,,,,,,
Springfield College,MA,,https://scstudentmedia.com/,,,42.1034769,-72.5557675,Not found,Not found,,,,,,,,,,,,,,
St. Ambrose University,IA,The Buzz,https://sauthebuzz.com ,https://sauthebuzz.com/contact-us/  ,,41.5398467,-90.5806112,@sauhive.thebuzz,https://www.instagram.com/sauhive.thebuzz,585,,,,,,,,,,,,,
St. Anselm College,NH,The Crier Newspaper,https://criernewsroom.com,https://criernewsroom.com/about/staff/,,42.9846853,-71.5060271,@stanselmcrier,https://www.instagram.com/stanselmcrier/,1205,,,@StAnselmCrier,https://www.facebook.com/StAnselmCrier/,,,,,,,,,
St. Catherine University,MN,The Wheel,https://www.stkateswheel.org,"https://www.stkateswheel.org/staff, https://www.facebook.com/stcatherinewheel/",,44.9248169,-93.182336,@stcatherinewheel,https://www.instagram.com/stcatherinewheel/?hl=en,555,@StKatesWheel,https://twitter.com/stkateswheel,@stcatherinewheel,https://www.facebook.com/stcatherinewheel/,,,,,,,,,
St. Cloud State University,MN,University Chronicle,https://www.universitychron.com,https://www.universitychron.com/contact-us-2/,,45.548639,-94.1515367,@universitychronicle,https://www.instagram.com/universitychronicle/,525,@UniversityChron,https://twitter.com/universitychron,@universitychron,https://www.facebook.com/universitychron/,,,,,,,,,
St. Edward's University,TX,Hilltop Views,https://www.hilltopviewsonline.com/,https://www.hilltopviewsonline.com/about/,,30.2296915,-97.7537163,@hilltopviews,https://www.instagram.com/hilltopviews/,1345,@hilltopviews,https://twitter.com/hilltopviews,@hilltopviews,https://www.facebook.com/hilltopviews,,,,,,,,,
St. John's University,NY,The Torch,https://www.torchonline.com,"https://www.torchonline.com/about/, https://www.torchonline.com/about/staff/",,40.7201737,-73.7978908,@sju_torch,https://www.instagram.com/sju_torch/,2280,@SJUTorch,https://twitter.com/SJUTorch,@STJTorch,https://www.facebook.com/STJTorch/,,,,,,,,,
St. Lawrence University,NY,The Hill News,https://thehillnews.org,"https://thehillnews.org/about-us, https://www.stlawu.edu/people/juraj-kittler",,44.5892119,-75.1608814,@thehillnews,https://www.instagram.com/thehillnews/,1620,@hillnews,https://twitter.com/hillnews,@SLUHillNews,https://www.facebook.com/SLUHillNews/,,,,,,,,,
St. Mary's College of Maryland,MD,The Point News,https://smcmpoint.news,"https://smcmpoint.news/staff-list/, https://smcmpoint.news/contact-us/, https://inside.smcm.edu/directory/brian-osullivan",,38.1885119,-76.426275,Not found,Not found,,,,,,,,,,,,,,
St. Mary's University,TX,The Rattler,https://www.stmurattlernews.com/home/,https://www.stmurattlernews.com/home/,,29.4522978,-98.5646836,Not found,Not found,,,,,,,,,,,,,,
St. Norbert College,WI,St. Norbert Times,https://sntimes.wordpress.com,https://sntimes.wordpress.com/about/,,44.4436106,-88.069485,@snctimes,https://www.instagram.com/snctimes/,343,@SNTimes,https://twitter.com/sntimes,@StNorbertTimes,https://www.facebook.com/StNorbertTimes/,,,,,,,,,
St. Olaf College,MN,The Olaf Messenger ,https://olafmessenger.com,https://olafmessenger.com/about/,,44.4621325,-93.1840272,@theolafmessenger,https://www.instagram.com/theolafmessenger/,2024,@theolafmess,https://twitter.com/theolafmess,@theolafmess,https://www.facebook.com/theolafmess,,,,,,,,,
Stanford University,CA,The Stanford Daily,https://stanforddaily.com,https://stanforddaily.com/contact-us/,,37.42766,-122.17006,@stanforddaily,https://www.instagram.com/stanforddaily/,12903,@StanfordDaily,https://twitter.com/stanforddaily,@stanforddaily,https://www.facebook.com/stanforddaily/,,,,,,,,,
Stephen F. Austin State University,TX,The Pine Log,https://www.thepinelog.com,https://www.thepinelog.com/site/contact.html,,31.6218702,-94.644305,@sfapinelog,https://www.instagram.com/sfapinelog/,2292,@thepinelog,https://twitter.com/thepinelog,,,,,,,,,,,
Stetson University,FL,The Reporter,https://hatternetwork.com/category/reporter/,"https://hatternetwork.com/about/contact-us/, https://www.facebook.com/HatterNetwork/",,29.0353509,-81.3001125,@thereportermag,https://www.instagram.com/thereportermag/,966,,,,,,,,,,,,,
Stevens Institute of Technology,NJ,The Stute,https://ducklink.stevens.edu/organization/the-stute,,,40.744403,-74.0251573,@thestute,https://www.instagram.com/thestute/,4859,@TheStute,https://twitter.com/TheStute,@stevensthestute,https://www.facebook.com/stevensthestute/,,,,,,,,,
Stevenson University,MD,Stevenson Villager,https://stevensonvillager.com,https://stevensonvillager.com/contact-2/,,39.4105843,-76.7132892,@thevillager.su,https://www.instagram.com/thevillager.su/,647,,,@TheVillageratStevenson,https://www.facebook.com/TheVillageratStevenson/,,,,,,,,,
Stockton University,NJ,The Argo,https://stocktonargo.com/author/stocktonargo/,https://stocktonargo.com/contact/,,39.4933319,-74.5335077,@stocktonargo,https://www.instagram.com/stocktonargo/,1245,@stocktonargo,https://twitter.com/stocktonargo,@StocktonArgo,https://www.facebook.com/StocktonArgo/,,,,,,,,,
Stony Brook University,NY,The Statesman,https://www.sbstatesman.com/,,,40.9041385,-73.1237618,@sbstatesman,https://www.instagram.com/sbstatesman/,2792,@sbstatesman,https://twitter.com/sbstatesman,@sbstatesman,https://www.facebook.com/sbstatesman/,,,,,,,,,
Suffolk University,MA,The Suffolk Journal,https://thesuffolkjournal.com,"https://thesuffolkjournal.com/our-staff/?schoolyear=2024-2025, https://thesuffolkjournal.com/contact/",,42.3578508,-71.0611037,@thesuffolkjournal,https://www.instagram.com/thesuffolkjournal/,2316,@SuffolkJournal,https://twitter.com/suffolkjournal,@suffolkjournal,https://www.facebook.com/suffolkjournal/,,,,,,,,,
SUNY at Albany,NY,Albany Student Press,https://www.albanystudentpress.online/,,,42.6778439,-73.8266975,@albanystudentpress,https://www.instagram.com/albanystudentpress/,2206,@albstudentpress,https://twitter.com/albstudentpress,@albanystudentpress,https://www.facebook.com/albanystudentpress/,,,,,,,,,
SUNY Binghamton University ,NY,Pipe Dream,https://www.bupipedream.com/  ,https://www.bupipedream.com/about/#contact,,42.0894288,-75.9694885,@bupipedream,https://www.instagram.com/bupipedream/,10150,,,@bupipedream,https://www.facebook.com/bupipedream/,,,,,,,,,
SUNY Brockport,NY,The Stylus,https://thestylus.org,"https://thestylus.org/staff/, https://www.facebook.com/thestylus/",,43.2104711,-77.9507866,@stylusbrockport,https://www.instagram.com/stylusbrockport/?hl=en,715,@brockportstylus,https://twitter.com/brockportstylus,@thestylus,https://www.facebook.com/thestylus/,,,,,,,,,
SUNY Broome,NY,The Fulcrum,https://fulcrumnewspaper.wordpress.com,https://fulcrumnewspaper.wordpress.com/contact/,,42.1128178,-75.9542403,Not found,Not found,,,,,,,,,,,,,,
SUNY Buffalo State University,NY,The Record,https://buffstaterecord.com,"https://buffstaterecord.com/contact-us/, https://buffstaterecord.com/about/",,42.9321225,-78.8836293,@bsurecord,https://www.instagram.com/bsurecord/,734,,,@buffstaterecord,https://www.facebook.com/buffstaterecord/,,,,,,,,,
SUNY Farmingdale State College,NY,The Dale News,https://blogs.farmingdale.edu/sites/the-dale/ , https://blogs.farmingdale.edu/sites/the-dale/about/ ,,40.7529167,-73.4266988,@fsc_dalenews,https://www.instagram.com/fsc_dalenews/,1364,,,,,,,,,,,,,
SUNY Fredonia,NY,The Leader,https://fredonialeader.org,"https://fredonialeader.org, https://www.facebook.com/LeaderFredonia/",Website under construction,42.4532293,-79.340738,@leaderfredonia,https://www.instagram.com/leaderfredonia/,1354,,,@LeaderFredonia,https://www.facebook.com/LeaderFredonia/,,,,,,,,,
SUNY Genesee Community College,NY,The New Courier,https://gccnewcourier.com,"https://gccnewcourier.com/aboutus/, https://www.genesee.edu/academics/library/about-us-library/contact-the-library/library-staff-directory/",,43.0169369,-78.1378683,Not found,Not found,,,,,,,,,,,,,,
SUNY Geneseo Community College,NY,The Lamron,https://www.thelamron.com,"https://www.thelamron.com, https://www.geneseo.edu/communication/lee-pierce",,42.7952798,-77.8231279,@thelamron,https://www.instagram.com/thelamron/,1397,@thelamron,https://twitter.com/thelamron,@TheLamronGeneseo,https://www.facebook.com/TheLamronGeneseo/,,,,,,,,,
SUNY New Paltz,NY,The Oracle,https://oracle.newpaltz.edu,https://oracle.newpaltz.edu/about/,,41.741615,-74.08292,@newpaltzoracle,https://www.instagram.com/newpaltzoracle/,2410,,,@newpaltzoracle,https://www.facebook.com/newpaltzoracle/,,,,,,,,,
SUNY Old Westbury,NY,The Catalyst,http://www.oldwestburycatalyst.org/,https://oldwestburycatalyst.org/about-2/,,40.797082,-73.5717581,@owcatalyst,https://www.instagram.com/owcatalyst/,421,,,,,,,,,,,,,
SUNY Oneonta,NY,The State Times,https://thestatetimes.com,"https://thestatetimes.com/contentabout-us/, https://www.facebook.com/thestatetimes/",,42.4692143,-75.0632511,@thestatetimes,https://www.instagram.com/thestatetimes/,706,@thestatetimes,https://twitter.com/thestatetimes,@thestatetimes,https://www.facebook.com/thestatetimes/,,,,,,,,,
SUNY Oswego,NY,The Oswegonian,https://www.oswegonian.com,"https://www.oswegonian.com/staff/?, https://www.facebook.com/oswegonian/",,43.453756,-76.5459331,@the_oswegonian,https://www.instagram.com/the_oswegonian/,1308,,,@oswegonian,https://www.facebook.com/oswegonian/,,,,,,,,,
SUNY Plattsburgh,NY,Cardinal Points,https://cardinalpointsonline.com/,"https://cardinalpointsonline.com/about-us-3/, https://www.facebook.com/cardinalpts/",,44.6876659,-73.4809264,@cardinalpointsnews,https://www.instagram.com/cardinalpointsnews/,903,,,@cardinalpts,https://www.facebook.com/cardinalpts/,,,,,,,,,
SUNY Purchase,NY,The Purchase Phoenix,https://www.purchasenews.org,https://www.purchasenews.org,,41.0470553,-73.700419,@thepurchasephoenix,https://www.instagram.com/thepurchasephoenix/,1651,,,@thepurchasephoenix,https://www.facebook.com/thepurchasephoenix/,,,,,,,,,
SUNY Westchester Community College,NY,The Viking News,https://vikingnews.org,https://www.sunywcc.edu/student-services/getinvolved/clubs/viking-news/,,41.0659732,-73.7891834,@thevikingnews,https://www.instagram.com/thevikingnews/,738,,,,,,,,,,,,,
Swarthmore College,PA,The Phoenix,https://swarthmorephoenix.com,"https://swarthmorephoenix.com/masthead/, https://swarthmorephoenix.com/contact-us-2/",,39.903833,-75.3526567,@swarthmorephoenix,https://www.instagram.com/swarthmorephoenix/,1643,@swat_phoenix,https://twitter.com/swat_phoenix,@swarthmore.phoenix,https://www.facebook.com/swarthmore.phoenix/,,,,,,,,,
Syracuse University,NY,The Daily Orange,https://dailyorange.com/news/,https://dailyorange.com/contact/,,43.0494832,-76.1473977,@dailyorange,https://www.instagram.com/dailyorange/,22583,@dailyorange,https://twitter.com/dailyorange,@thedailyorange,https://www.facebook.com/thedailyorange/,,,,,,,,,
Tabor College,KS,The View,,https://tabor.edu/undergraduate/student-life/student-organizations/,Website not found,38.3487594,-97.2001241,Not found,Not found,,,,,,,,,,,,,,
Tarleton State University,TX,The JTAC,https://www.texannews.net/#,"https://www.texannews.net/article/265,texan-news-service-jtac-newspaper-combine-under-one-roof, https://www.facebook.com/thejtac/",Combined with The Texan News Service,32.2160433,-98.215953,@thejtac1919,https://www.instagram.com/thejtac1919/,1706,,,@thejtac,https://www.facebook.com/thejtac/,,,,,,,,,
Tarrant County College,TX,The Collegian,https://collegian.tccd.edu,https://collegian.tccd.edu/contact/,,32.8481076,-97.1907383,@tccthecollegian,https://www.instagram.com/tccthecollegian/,850,@TCCthecollegian,https://twitter.com/tccthecollegian,@TCCthecollegian,https://www.facebook.com/TCCthecollegian/,,,,,,,,,
Taylor University,IN,The Echo,https://www.theechonews.com,"https://www.theechonews.com/page/about, https://www.taylor.edu/employees/alan-blanchard",,40.456052,-85.4987912,@theecho_taylor,https://www.instagram.com/theecho_taylor/,1300,,,@TaylorUniversityEcho,https://www.facebook.com/TaylorUniversityEcho/,,,,,,,,,
Tennessee State University,TN,The Meter,https://www.tnstate.edu/campus_life/meter.aspx,https://www.tnstate.edu/themeter/contact.aspx,,36.1683703,-86.8258566,@tsuthemeter,https://www.instagram.com/tsuthemeter/,1195,,,,,,,,,,,,,
Texas A&M International University,TX,The Bridge News,https://www.thebridgestudentnews.com  ,https://www.thebridgestudentnews.com/1790-2/  ,,27.5718315,-99.4350371,@thebridgestudentnews,https://www.instagram.com/thebridgestudentnews,,,,,,,,,,,,,,
Texas A&M University,TX,The Batallion,https://thebatt.com  ,https://thebatt.com/staff/  ,,30.6186625,-96.3364251,@thebattonline,https://www.instagram.com/thebattonline/,15013,@TheBattOnline,https://twitter.com/TheBattOnline,@TheBattalion,https://www.facebook.com/TheBattalion/,,,,,,,,,
Texas A&M University-San Antonio,TX,Mesquite News,https://mesquite-news.com,https://mesquite-news.com/contact/,,29.3042745,-98.5247016,@themesquite,https://www.instagram.com/themesquite/,1525,,,,,,,,,,,,,
Texas Christian University,TX,TCU 360,https://tcu360.com  , https://tcu360.com/about-tcu-360/,,32.7078531,-97.3628041,@tcu360,https://www.instagram.com/tcu360/,11416,@tcu360,https://twitter.com/tcu360,@TCU360,https://www.facebook.com/TCU360/,,,,,,,,,
Texas Southern University,TX,The TSU Herald,,https://www.facebook.com/TheTSUHerald/,,29.7214214,-95.3592691,@thetsuherald,https://www.instagram.com/thetsuherald/,3182,,,,,,,,,,,,,
Texas State University,TX,The University Star,https://universitystar.com/,https://universitystar.com/meetthestaff/,,29.888411,-97.938351,@universitystar,https://www.instagram.com/universitystar/,12393,@UniversityStar,https://twitter.com/universitystar,@universitystar,https://www.facebook.com/universitystar/,,,,,,,,,
Texas Tech University ,TX,The Daily Toreador,https://www.dailytoreador.com,https://www.dailytoreador.com/site/contact.html,,33.5844949,-101.8751391,@dailytoreador,https://www.instagram.com/dailytoreador/,8224,@DailyToreador,https://twitter.com/DailyToreador,@DailyToreador,https://www.facebook.com/DailyToreador/,,,,,,,,,
Texas Wesleyan University,TX,The Rambler,https://therambler.org,"https://therambler.org/staff/, https://therambler.org/contact-us/, https://txwes.edu/academics/artssciences/undergraduate-majors/mass-communication/faculty-and-staff/jenny-j-dean/",,32.7323764,-97.280207,@theramblertwu,https://www.instagram.com/theramblertwu/,1114,,,@thetwurambler,https://www.facebook.com/thetwurambler/,,,,,,,,,
Texas Woman's University,TX,The Lasso,https://www.twulasso.com,https://www.twulasso.com/staff/,,33.2272211,-97.127052,@twulasso,https://www.instagram.com/twulasso/,995,,,,,,,,,,,,,
The Catholic University of America,D.C.,The Tower,https://cuatower.com,,,38.9368811,-76.998692,@cuatower,https://www.instagram.com/cuatower/,1254,@cuatower,https://twitter.com/cuatower,@cutower,https://www.facebook.com/cutower/,,,,,,,,,
The College of New Jersey,NJ,The Signal,https://www.tcnjsignalnews.com,https://www.tcnjsignalnews.com/page/staff,,40.268479,-74.7776333,@tcnjsignal,https://www.instagram.com/tcnjsignal/,5592,@tcnjsignal,https://twitter.com/tcnjsignal,@tcnjsignal,https://www.facebook.com/tcnjsignal/,,,,,,,,,
The College of St. Scholastica,MN,The Script,https://sites.google.com/css.edu/thescript,https://www.facebook.com/scholasticascript/,,46.8157787,-92.1008043,@css_script,https://www.instagram.com/css_script/,294,,,,,,,,,,,,,
The College of Wooster,OH,The Wooster Voice,https://thewoostervoice.spaces.wooster.edu,https://thewoostervoice.spaces.wooster.edu/contact-us-2/,,40.811716,-81.9307916,@thewoostervoiceofficial,https://www.instagram.com/thewoostervoiceofficial/,1051,,,,,,,,,,,,,
The Evergreen State College,WA,The Cooper Point Journal,https://www.cooperpointjournal.com/category/news/,https://www.cooperpointjournal.com/about-us/,,47.0730714,-122.9739949,@yourcpj,https://www.instagram.com/yourcpj/,1319,,,,,,,,,,,,,
The George Washington University,D.C.,The GW Hatchet,https://gwhatchet.com,"https://gwhatchet.com/contactus/, https://www.facebook.com/gwhatchet/",,38.8997145,-77.0485992,@gwhatchet,https://www.instagram.com/gwhatchet/,11836,@gwhatchet,https://twitter.com/gwhatchet,@gwhatchet,https://www.facebook.com/gwhatchet/,,,,,,,,,
The King's College,NY,Empire State Tribune,https://www.empirestatetribune.com/estv,https://empirestatetribune.com/about,,40.7066799,-74.01234,@estribune,https://www.instagram.com/estribune,420,,,,,,,,,,,,,
The Master's University,CA,The TMU Mane,https://tmumane.com,"https://tmumane.com/print-editions/, https://www.masters.edu/faculty_staff_bio/bob-dickson/",,34.38247,-118.519341,Not found,Not found,,,,,,,,,,,,,,
The New School,NY,The New School Free Press,https://www.newschoolfreepress.com,"https://www.newschoolfreepress.com/submissions/, https://www.facebook.com/NewSchoolFreePress",,40.7354925,-73.9971361,@nsfreepress,https://www.instagram.com/nsfreepress/,5827,,,,,,,,,,,,,
The Ohio State University,OH,The Lantern,https://www.thelantern.com,https://www.thelantern.com/contact-us/,,39.9993865,-83.0227103,@thelanternosu,https://www.instagram.com/thelanternosu/,30904,,,@TheLanternOSU,https://www.facebook.com/TheLanternOSU/,,,,,,,,,
The School of the Art Institute of Chicago,IL,F Newsmagazine,https://fnewsmagazine.com/category/news/,"https://fnewsmagazine.com/staff/, https://www.saic.edu/profiles/faculty/sophie-goalson",,41.8809789,-87.6266205,@fnewsmag,https://www.instagram.com/fnewsmag/,2581,,,,,,,,,,,,,
The University of Akron,OH,The Buchtelite,https://buchtelite.com ,https://buchtelite.com/about/contact/  ,,41.0753688,-81.5123424,@buchtelite,https://www.instagram.com/buchtelite/,1200,@thebuchtelite,https://twitter.com/thebuchtelite,@buchtelite,https://www.facebook.com/buchtelite/,,,,,,,,,
The University of Arizona,AZ,The Daily Wildcat,https://wildcat.arizona.edu ,https://wildcat.arizona.edu/staff/  ,,32.2318981,-110.9535407,@dailywildcat,https://www.instagram.com/dailywildcat/,8346,,,@dailywildcat,https://www.facebook.com/dailywildcat/,,,,,,,,,
The University of Findlay,OH,The Pulse,https://pulse.findlay.edu,"https://pulse.findlay.edu/about-us/, https://www.facebook.com/UFPulse",,41.0545606,-83.6549481,@ufpulse,https://www.instagram.com/ufpulse/,1434,,,,,,,,,,,,,
The University of Olivet,MI,The Echo,https://www.ocecho.com,"https://www.ocecho.com/staff, https://www.ocecho.com/about",,42.4402454,-84.9236035,@the_oc_echo,https://www.instagram.com/the_uo_echo/,261,,,,,,,,,,,,,
The University of Scranton,PA,The Aquinas,https://aquinas.scranton.edu,https://aquinas.scranton.edu/contact,,41.406562,-75.6577868,@scrantonaquinas,https://www.instagram.com/scrantonaquinas/,944,,,,,,,,,,,,,
The University of Southern Mississippi,MS,The Student Printz,https://sm2media.com,https://sm2media.com/contact/,,31.325997,-89.3320146,@sm2.usm,https://www.instagram.com/sm2.usm/,4972,,,,,,,,,,,,,
The University of Texas at Dallas,TX,The Retrograde,https://retrogradenews.com,https://retrogradenews.com/join/,Was The Mercury until 2024,32.9859295,-96.7503304,@retrograde_news,https://www.instagram.com/retrograde_news/,6028,,,,,,,,,,,,,
The University of Texas at El Paso,TX,The Prospector,https://www.theprospectordaily.com,https://www.utep.edu/student-affairs/student-publications/publications/,General [redacted],31.7731979,-106.5047208,@utep_prospector,https://www.instagram.com/utep_prospector/,3868,,,,,,,,,,,,,
The University of Texas at San Antonio,TX,The Paisano,https://paisano-online.com,https://paisano-online.com/contact-us/,,29.5830733,-98.6198779,@paisanomedia,https://www.instagram.com/paisanomedia/,3684,,,,,,,,,,,,,
The University of Texas at Tyler,TX,The Patriot Talon,https://thepatriottalon.com,https://thepatriottalon.com/get-in-touch-2/,,32.3150044,-95.2519974,@thepatriottalon,https://www.instagram.com/thepatriottalon/?utm_source=ig_embed&utm_campaign=loading,1889,,,,,,,,,,,,,
Thiel College,PA,The Thielensian,https://thethielensian.wordpress.com,https://thethielensian.wordpress.com/about/,,41.4119742,-80.3839179,@tc_thielensian,https://www.instagram.com/tc_thielensian/?utm_source=ig_web_button_share_sheet&igshid=OGQ5ZDc2ODk2ZA%3D%3D,310,,,,,,,,,,,,,
Towson University,MD,The Towerlight,https://thetowerlight.com,https://thetowerlight.com/about/,,39.3919027,-76.6124675,@thetowerlight,https://www.instagram.com/thetowerlight/,4215,@thetowerlight,https://twitter.com/thetowerlight,@thetowerlight,https://www.facebook.com/thetowerlight/,,,,,,,,,
Transylvania University,KY,The Rambler,https://transyrambler.com,https://transyrambler.com,,38.0516801,-84.4933419,@turambler,https://www.instagram.com/turambler,569,,,,,,,,,,,,,
Trinity College,CT,Trinity Tripod,https://trinitytripod.com,"https://trinitytripod.com/tripod-staff/, https://trinitytripod.com/contact-us/",,41.7477163,-72.6905038,@thetrinitytripod,https://www.instagram.com/thetrinitytripod/,2024,@TrinityTripod,https://twitter.com/trinitytripod,,,,,,,,,,,
Trinity University,TX,Trinitonian,https://trinitonian.com/,https://trinitonian.com/about/,,29.4618769,-98.4833382,@trinitonian,https://www.instagram.com/trinitonian/,2189,@Trinitonian,https://twitter.com/trinitonian,,,,,,,,,,,
Triton College,IL,5th Ave Journal,https://www.triton.edu/campus/5th-ave-journal/,https://www.triton.edu/campus/5th-ave-journal/,,41.9152058,-87.8407378,Not found,Not found,,,,,,,,,,,,,,
Troy University,AL,The Tropolitan,https://www.tropnews.com,https://www.tropnews.com/team-4,,31.8025926,-85.9571615,@thetropolitan,https://www.instagram.com/thetropolitan/,1691,,,,,,,,,,,,,
Truman State University,MO,The Index,https://tmn.truman.edu,https://www.facebook.com/TrumanMediaNetwork/,,40.1831629,-92.5809621,@trumanstateuniversityindex,https://www.instagram.com/trumanstateuniversityindex/,,@trumanindex,https://twitter.com/trumanindex,@trumanstateuniversityindex,https://www.facebook.com/trumanstateuniversityindex/,,,,,,,,,
Tufts University,MA,The Tufts Daily,https://www.tuftsdaily.com,https://www.tuftsdaily.com/page/contact,,42.4085371,-71.1182729,@tuftsdaily,https://www.instagram.com/tuftsdaily/,10565,@TuftsDaily,https://twitter.com/tuftsdaily,@thetuftsdaily,https://www.facebook.com/thetuftsdaily/,,,,,,,,,
Tulane University,LA,The Tulane Hullabaloo,https://tulanehullabaloo.com,"https://tulanehullabaloo.com/about/join-the-hullabaloo/, https://tulanehullabaloo.com/staff/",,29.9407282,-90.1203167,@tulanehullabaloo,https://www.instagram.com/tulanehullabaloo/,12132,@thetuhullabaloo,https://twitter.com/thetuhullabaloo,@tulanehullabaloo,https://www.facebook.com/tulanehullabaloo/,,,,,,,,,
Tulsa Community College,OK,The TCC Connection,https://tccconnection.com,https://tccconnection.com/contact/,,36.1936191,-95.9385369,@tccconnection,https://www.instagram.com/tccconnection/,724,,,,,,,,,,,,,
Tunxis Community College,CT,The Tunxis Sun,,https://www.facebook.com/tunxissunnews/,Nothing else found,41.706144,-72.8794757,@tunxis_sun,https://www.instagram.com/tunxis_sun/,57,,,,,,,,,,,,,
Tuskegee University,AL,The Campus Digest,https://tucampusdigest.com,https://tucampusdigest.com/contact-us/,,32.4307809,-85.7073277,@tucampusdigest,https://www.instagram.com/tucampusdigest/,422,,,,,,,,,,,,,
Tyler Junior College,TX,The Drum Beat,https://thedrumbeatcom.wpcomstaging.com,https://www.facebook.com/TJCDrumbeat/,,32.3353861,-95.2819187,@tjcdrumbeat,https://www.instagram.com/tjcdrumbeat/,614,,,,,,,,,,,,,
Union College,NY,The Concordiensis,https://concordiensis.com,https://www.facebook.com/concordiensis/,,42.8179321,-73.9294347,@concordiensis,https://www.instagram.com/concordiensis/,838,@concordiensis,https://twitter.com/concordiensis,@concordiensis,https://www.facebook.com/concordiensis/,,,,,,,,,
Union University,TN,Cardinal & Cream,https://www.cardinalandcream.info/,"https://www.cardinalandcream.info/about/, https://www.facebook.com/cardandcream",,35.6769772,-88.8602452,@CardandCream,https://www.instagram.com/CardandCream/,1236,,,,,,,,,,,,,
University at Albany,NY,Albany Student Press,https://www.albanystudentpress.online/,https://www.albanystudentpress.online/admin,,42.6518095,-73.7544707,@albanystudentpress,https://www.instagram.com/albanystudentpress/,2206,@albstudentpress,https://twitter.com/albstudentpress,@albanystudentpress,https://www.facebook.com/albanystudentpress/,,,,,,,,,
University at Buffalo,NY,The Spectrum,https://www.ubspectrum.com,https://www.ubspectrum.com/page/contact,,43.0018111,-78.7895239,@ubspectrum,https://www.instagram.com/ubspectrum/,5867,@UBSpectrum,https://twitter.com/UBSpectrum,@UBSpectrum,https://www.facebook.com/UBSpectrum/,,,,,,,,,
University of Akron Main Campus,OH,The Buchtelite,https://buchtelite.com/,,,41.0753688,-81.5123424,@buchtelite,https://www.instagram.com/buchtelite/,1200,@thebuchtelite,https://twitter.com/thebuchtelite,@buchtelite,https://www.facebook.com/buchtelite/,,,,,,,,,
University of Alabama,AL,The Crimson White,https://thecrimsonwhite.com,https://thecrimsonwhite.com/current-staff/,,33.2114385,-87.5401002,@thecrimsonwhite,https://www.instagram.com/thecrimsonwhite/,14680,@TheCrimsonWhite,https://twitter.com/TheCrimsonWhite,@TheCrimsonWhite,https://www.facebook.com/TheCrimsonWhite/,,,,,,,,,
University of Alabama at Birmingham,AL,The Kaleidoscope,https://uabblazermedia.com/kaleidoscope/,https://www.facebook.com/uabstudentmedia,,33.502086,-86.8051588,@kaleidoscopeuab,https://www.instagram.com/kaleidoscopeuab/,2728,,,,,,,,,,,,,
University of Alaska Anchorage,AK,The Northern Light,https://www.thenorthernlight.org,"https://www.thenorthernlight.org/contact, https://www.uaa.alaska.edu/academics/college-of-arts-and-sciences/departments/journalism-and-communication/banchero.cshtml",,61.1910421,-149.8195598,@tnl_updates,https://www.instagram.com/tnl_updates/,1283,,,@tnlupdates,https://www.facebook.com/tnlupdates/,,,,,,,,,
University of Alaska Fairbanks,AK,"
The Sun Star",https://www.uafsunstar.com/ ,https://www.uafsunstar.com/about ,,64.8555748,-147.8340598,@uafsunstar,https://www.instagram.com/uafsunstar/,656,,,@thesunstar,https://www.facebook.com/thesunstar/,,,,,,,,,
University of Alaska Southeast,AK,Whalesong,https://uaswhalesong.com,https://uaswhalesong.com/about/,,58.3855214,-134.6407459,@uaswhalesong,https://www.instagram.com/uaswhalesong/,388,,,,,,,,,,,,,
University of Arkansas,AR,The Arkansas Traveler,https://www.uatrav.com,https://www.uatrav.com/site/about.html ,,36.0686895,-94.1748471,@uatrav,https://www.instagram.com/uatrav,3037,@UAtrav,https://twitter.com/uatrav,,,,,,,,,,,
University of Arkansas at Little Rock,AR,The Forum,https://ualr.edu/forum/,"https://ualr.edu/forum/, https://issuu.com/theualrforum/docs/the_forum_february_2025, https://directory.ualr.edu/search?p=4148",,34.7252717,-92.3378705,Not found,https://www.instagram.com/ualittlerockforum,,,,,,,,,,,,,,
University of California-Berkeley,CA,The Daily Californian,https://www.dailycal.org/ ,https://www.dailycal.org/site/contact-us.htmll,,37.8712141,-122.255463,@dailycal,https://www.instagram.com/dailycal/,37600,@dailycal,https://twitter.com/dailycal,@dailycal,https://www.facebook.com/dailycal/,,,,,,,,,
University of California-Davis,CA,The Aggie,https://theaggie.org,https://theaggie.org/contact/,,38.539095,-121.7608193,@theaggie,https://www.instagram.com/thecaliforniaaggie,163,@CaliforniaAggie,https://twitter.com/californiaaggie,@CaliforniaAggie,https://www.facebook.com/CaliforniaAggie/,,,,,,,,,
University of California-Irvine,CA,New University,https://newuniversity.org,https://newuniversity.org/contact/,,33.6429785,-117.8411678,@newuniversity,https://www.instagram.com/newuniversity/,3498,@NewUniversity,https://twitter.com/NewUniversity,@thenewuniversity,https://www.facebook.com/thenewuniversity/,,,,,,,,,
University of California-Los Angeles,CA,Daily Bruin,https://dailybruin.com,https://dailybruin.com/contact,,34.0699182,-118.4438495,@dailybruin,https://www.instagram.com/dailybruin/,51528,@dailybruin,https://twitter.com/dailybruin,@dailybruin,https://www.facebook.com/dailybruin/,,,,,,,,,
University of California-Riverside,CA,The Highlander,https://www.highlandernews.org,https://www.highlandernews.org/the-staff/,,33.9737055,-117.3280644,@thehighlanderucr,https://www.instagram.com/thehighlanderucr/,5777,@ucrhighlander,https://twitter.com/ucrhighlander,@thehighlandernewsucr,https://www.facebook.com/thehighlandernewsucr/,,,,,,,,,
University of California-San Diego,CA,The Guardian,https://ucsdguardian.org,https://ucsdguardian.org/staff/,,32.881168,-117.2343605,@ucsdguardian,https://www.instagram.com/ucsdguardian/,11922,@UCSDGuardian,https://twitter.com/UCSDGuardian,@ucsdguardian,https://www.facebook.com/ucsdguardian/,,,,,,,,,
University of California-Santa Barbara,CA,"The Daily Nexus, The Bottom Line","https://dailynexus.com, https://thebottomline.as.ucsb.edu","https://dailynexus.com/aboutcontact/staff-contact/, https://thebottomline.as.ucsb.edu/contact-us",,34.4153601,-119.8514162,@dailynexus,https://www.instagram.com/dailynexus/,12408,@dailynexus,https://twitter.com/dailynexus,@dailynexus,https://www.facebook.com/dailynexus/,,,,,,,,,
University of California-Santa Cruz,CA,City on a Hill Press,https://cityonahillpress.com/,https://cityonahillpress.com/contact-us/,,36.9905322,-122.0584354,@chpnow,https://www.instagram.com/chpnow/,4094,,,@CityonaHillPress,https://www.facebook.com/CityonaHillPress/,,,,,,,,,
University of Central Arkansas,AR,The Echo,https://www.ucanews.live/news/,https://www.ucanews.live/site/contact.html,,35.0780939,-92.4578916,@ucaecho,https://www.instagram.com/ucaecho/,2104,,,,,,,,,,,,,
University of Central Florida,FL,Knight News,https://knightnews.com/category/news/,https://knightnews.com/contact-us/,,28.6024274,-81.2000599,@ucfknightnews,https://www.instagram.com/ucfknightnews/,16261,@UCFKnightNews,https://twitter.com/ucfknightnews,@knightnews,https://www.facebook.com/knightnews/,,,,,,,,,
University of Central Missouri,MO,Muleskinner,https://muleskinnernews.com,https://muleskinnernews.com/staff-2/,,38.7565603,-93.7405067,@muleskinner_ucm,https://www.instagram.com/muleskinner_ucm/,1442,,,,,,,,,,,,,
University of Central Oklahoma,OK,The Vista,https://issuu.com/thevista,"https://issuu.com/thevista/docs/vista_5a96baae444a20, https://www.uco.edu/cla/about/faculty-staff",,35.6580275,-97.4710135,@thevista1903,https://www.instagram.com/thevista1903/,1127,,,,,,,,,,,,,
University of Chicago,IL,Chicago Maroon,https://chicagomaroon.com/,https://chicagomaroon.com/contact/,,41.7904484,-87.6003953,@chicagomaroon,https://www.instagram.com/chicagomaroon/,8088,@ChicagoMaroon,https://twitter.com/ChicagoMaroon,@chicagomaroon,https://www.facebook.com/chicagomaroon/,,,,,,,,,
University of Cincinnati,OH,The News Record,https://www.newsrecord.org,"https://www.newsrecord.org/site/fall_2019_staff.html, https://researchdirectory.uc.edu/p/wohlfajj",,39.1329219,-84.5149504,@thenewsrecord,https://www.instagram.com/thenewsrecord/,2519,,,,,,,,,,,,,
University of Cincinnati-Main Campus,OH,News Record,https://www.newsrecord.org/,,,39.1329219,-84.5149504,@thenewsrecord,https://www.instagram.com/thenewsrecord/,2519,,,,,,,,,,,,,
University of Colorado-Boulder,CO,CU Independent,https://cuindependent.org/,https://cuindependent.org/contact-us/,,40.0073499,-105.2659871,@thecuindependent,https://www.instagram.com/thecuindependent/,2181,@The_CUI,https://twitter.com/the_cui,@CUIndependent,https://www.facebook.com/CUIndependent/,,,,,,,,,
University of Colorado-Colorado Springs,CO,The Scribe,https://scribe.uccs.edu,https://scribe.uccs.edu/contact-us-2/,,38.8928151,-104.8007996,@uccsscribe,https://www.instagram.com/uccsscribe,1388,,,,,,,,,,,,,
University of Colorado-Denver,CO,The Sentry,https://sentrynewspaper.com,https://www.ucdenver.edu/student-life/student-organizations/the-sentry-newspaper,,39.7463596,-105.002342,@cu_sentry,https://www.instagram.com/cu_sentry/,1195,,,,,,,,,,,,,
University of Connecticut,CT,The Daily Campus,https://dailycampus.com/daily-campus-news/,https://dailycampus.com/staff/ ,,41.8135415,-72.2452715,@the_dailycampus,https://www.instagram.com/the_dailycampus/,6416,@the_dailycampus,https://twitter.com/the_dailycampus,@dailycampus1896,https://www.facebook.com/dailycampus1896,,,,,,,,,
University of Dayton,OH,Flyer News,https://flyernews.com,https://flyernews.com/about-us/,,39.7401454,-84.1790445,@flyernews,https://www.instagram.com/flyernews/,2882,@FlyerNews,https://twitter.com/FlyerNews,@UDFlyerNews,https://www.facebook.com/UDFlyerNews/,,,,,,,,,
University of Delaware,DE,The Review,https://udreview.com,"https://udreview.com/about/, https://udreview.com/about/our-staff/",,39.6809151,-75.7523313,@udreview,https://www.instagram.com/udreview/,2981,@udreview,https://twitter.com/udreview,@udreview,https://www.facebook.com/udreview/,,,,,,,,,
University of Denver,CO,DU Clarion,https://duclarion.com ,https://duclarion.com/contact/,,39.6748442,-104.9652808,@duclarion,https://www.instagram.com/duclarion,2801,,,,,,,,,,,,,
University of Detroit Mercy,MI,The Varsity News,https://www.thevarsitynews.net,https://www.thevarsitynews.net/contact-us/,,42.4142367,-83.1377466,@thevarsitynewsudm,https://www.instagram.com/thevarsitynewsudm/,261,,,,,,,,,,,,,
University of Florida,FL,The Independent Florida Alligator,https://www.alligator.org,https://www.alligator.org/page/contact,,29.6465428,-82.3533266,@thealligator_,https://www.instagram.com/thealligator_/,21635,@TheAlligator,https://twitter.com/thealligator,@floridaalligator,https://www.facebook.com/floridaalligator/,,,,,,,,,
University of Georgia,GA,Red and Black,https://www.redandblack.com,https://www.redandblack.com/site/contact.html,,33.9423394,-83.3724242,@redandblackga,https://www.instagram.com/redandblackga/,22471,@redandblack,https://twitter.com/redandblack,@theredandblack,https://www.facebook.com/theredandblack/,,,,,,,,,
University of Hartford,CT,The Informer,https://thehartfordinformer.com,https://thehartfordinformer.com/staff/,,41.7984942,-72.7138039,@thehartfordinformer,https://www.instagram.com/thehartfordinformer/,801,@UHartInformer,https://twitter.com/uhartinformer,,,,,,,,,,,
University of Hawai'i at Manoa,HI,Ka Leo,https://www.manoanow.org/kaleo/,https://www.manoanow.org/kaleo/about/,,21.299824,-157.8148228,@kaleoohawaii,https://www.instagram.com/kaleoohawaii/,6171,,,@KaLeoOHawaii,https://www.facebook.com/KaLeoOHawaii/,,,,,,,,,
University of Hawai'i-Kapi'olani Community College,HI,Kapi'o News,https://kapionews.comm,https://kapionews.com/index.php/staff/,,21.2704298,-157.8001709,@thekapionews,https://www.instagram.com/thekapionews/,668,@KapioNews,https://twitter.com/KapioNews,@thekapionews,https://www.facebook.com/thekapionews/,,,,,,,,,
University of Houston,TX,The Daily Cougar,https://thedailycougar.com/news/,https://thedailycougar.com/contact-us/,,29.7204627,-95.3429319,@thedailycougar,https://www.instagram.com/thedailycougar/,8792,,,@thedailycougar,https://www.facebook.com/thedailycougar/,,,,,,,,,
University of Houston-Clear Lake,TX,The Signal,https://thesignalnews.net,https://thesignalnews.net/about-us/,,29.5824608,-95.0989342,@uhclthesignal,https://www.instagram.com/uhclthesignal/,989,@UHCLTheSignal,https://x.com/uhclthesignal,@UHCLTheSignal,https://www.facebook.com/UHCLTheSignal/,,,,,,,,,
University of Houston-Downtown,TX,Dateline,https://www.uhd.edu/academics/humanities/about/departments/english/dateline/index.aspx,https://www.uhd.edu/academics/humanities/about/departments/english/dateline/contact-us.aspx,,29.7667618,-95.3591151,@the_dateline,https://www.instagram.com/the_dateline/,923,,,@thedateline,https://www.facebook.com/thedateline/,,,,,,,,,
University of Illinois-Chicago,IL,The Bonfire,https://bonfire.digital.uic.edu  , https://bonfire.digital.uic.edu/contact-us/ ,,41.8686034,-87.6484377,@bonfirenews,https://www.instagram.com/bonfirenews/,1044,,,@UICBonfire,https://www.facebook.com/UICBonfire/,,,,,,,,,
University of Illinois-Springfield,IL,The Observer,https://uisobserver.com,"https://uisobserver.com/about/, https://www.uis.edu/directory/priyanka-deo",Formerly called The Journal,39.7305338,-89.6176711,@uisobserver,https://www.instagram.com/uisobserver/,641,,,@TheUISObserver,https://www.facebook.com/TheUISObserver/,,,,,,,,,
University of Illinois-Urbana-Champaign,IL,The Daily Illini,https://dailyillini.com/news-stories/,https://dailyillini.com/staff/,,40.0985023,-88.2290783,@thedailyillini,https://www.instagram.com/thedailyillini/,23643,,,@thedailyillini,https://www.facebook.com/thedailyillini/,,,,,,,,,
University of Indianapolis,IN,The Reflector,https://reflector.uindy.edu,https://reflector.uindy.edu/contact/,,39.7095769,-86.1346692,@reflectoruindy,https://www.instagram.com/reflectoruindy/,883,@ReflectorUIndy,https://x.com/reflectoruindy,@ReflectorUIndy,https://www.facebook.com/ReflectorUIndy/,,,,,,,,,
University of Iowa,IA,The Daily Iowan,https://dailyiowan.com/category/news/,https://dailyiowan.com/contact/,,41.6627078,-91.5549771,@thedailyiowan,https://www.instagram.com/thedailyiowan/,8298,@TheDailyIowan,https://twitter.com/TheDailyIowan,@TheDailyIowan,https://www.facebook.com/TheDailyIowan/,,,,,,,,,
University of Kansas,KS,The University Daily Kansan,https://www.kansan.com,https://www.kansan.com/site/contact.html,,38.8991444,-94.7254893,@universitydailykansan,https://www.instagram.com/universitydailykansan/,20429,@KansanNews,https://twitter.com/KansanNews,@universitydailykansan,https://www.facebook.com/universitydailykansan/,,,,,,,,,
University of Kentucky,KY,The Kentucky Kernel,https://kykernel.com,https://kykernel.com,,38.0306511,-84.5039697,@kentuckykernel,https://www.instagram.com/kentuckykernel/,22459,@KyKernel,https://twitter.com/KyKernel,@kykernel,https://www.facebook.com/kykernel/,,,,,,,,,
University of La Verne,CA,Campus Times,https://lvcampustimes.org/home/,https://lvcampustimes.org/staff/,,34.1002277,-117.7715774,@campustimes,https://www.instagram.com/campustimes/,870,@lvcampustimes,https://x.com/lvcampustimes,@lvcampustimes,https://www.facebook.com/lvcampustimes/,,,,,,,,,
University of Louisiana at Lafayette,LA,The Vermilion,https://thevermilion.net,https://thevermilion.net/contact/,,30.211991,-92.019914,@thevermilion,https://www.instagram.com/thevermilion/,1939,@thevermilion,https://twitter.com/thevermilion,@TheVermilionUL,https://www.facebook.com/TheVermilionUL/,,,,,,,,,
University of Louisiana at Monroe,LA,The Hawkeye,https://ulmhawkeyeonline.com,"https://ulmhawkeyeonline.com/staffprofile/, https://www.facebook.com/ulm.hawkeye/",,32.5313471,-92.068744,@ulm_hawkeye,https://www.instagram.com/ulm_hawkeye/,1670,,,@ulm.hawkeye,https://www.facebook.com/ulm.hawkeye/,,,,,,,,,
University of Louisville,KY,The Louisville Cardinal,https://www.louisvillecardinal.com,https://www.louisvillecardinal.com/contact/,,38.2157954,-85.7614322,@thelouisvillecardinal,https://www.instagram.com/thelouisvillecardinal/,4551,@TheCardinalNews,https://x.com/thecardinalnews,,,,,,,,,,,
University of Lynchburg,VA,The Critograph,https://thecritograph.com,"https://thecritograph.com/meet-our-staff/, https://www.lynchburg.edu/ghislaine-lewis/",,37.3983158,-79.1811789,@critograph,https://www.instagram.com/critograph_,,@TheCritograph,https://x.com/Thecritograph,@TheCritograph,https://www.facebook.com/TheCritograph/,,,,,,,,,
University of Maine,ME,The Maine Campus,https://mainecampus.com,https://mainecampus.com/about/team/,,44.9019885,-68.6680916,@mainecampus,https://www.instagram.com/mainecampus/,2419,,,@mainecampusmedia,https://www.facebook.com/mainecampusmedia/,,,,,,,,,
University of Mary-Hardin-Baylor,TX,The Bells,https://www.umhb.edu/thebells/more/p9  ,https://www.umhb.edu/resources/hr/directory/alpha/C#1845,,31.070358,-97.4671645,@umhb_thebells,https://www.instagram.com/umhb_thebells/,527,@UMHB_TheBells,https://x.com/umhb_thebells,@thebellsumhb,https://www.facebook.com/thebellsumhb/,,,,,,,,,
University of Mary-Washington,VA,The Weekly Ringer,https://theweeklyringer.com ,https://theweeklyringer.com/editors/  ,,38.3013039,-77.47447,@theweeklyringer,https://www.instagram.com/theweeklyringer/,1145,,,@weeklyringer,https://www.facebook.com/weeklyringer/,,,,,,,,,
University of Maryland,MD,"The Diamondback, Mitzpeh","https://dbknews.com, https://umdmitzpeh.com/category/news/","https://dbknews.com/contact-us/, https://umdmitzpeh.com/contact-us/",,39.2892118,-76.6236815,@thedbk,https://www.instagram.com/thedbk/,16043,@thedbk,https://twitter.com/thedbk,@TheDiamondback,https://www.facebook.com/TheDiamondback/,,,,,,,,,
"University of Maryland, Baltimore County",MD,The Retriever,https://retriever.umbc.edu,https://retriever.umbc.edu/contact-us/,,39.2892118,-76.6236815,@retrieverumbc,https://www.instagram.com/retrieverumbc/,1500,@retrieverumbc,https://x.com/retrieverumbc,@theretriever,https://www.facebook.com/theretriever/,,,,,,,,,
University of Massachusetts Amherst,MA,Massachusetts Daily Collegian,https://dailycollegian.com/,https://dailycollegian.com/submit-a-tip/,,42.3865581,-72.5314278,@mdcollegian,https://www.instagram.com/mdcollegian/,6173,,,@MassachusettsDailyCollegian,https://www.facebook.com/MassachusettsDailyCollegian/,,,,,,,,,
University of Massachusetts-Boston,MA,The Mass Media,https://umassmedia.com,https://umassmedia.com/contact-us/,,42.3141992,-71.0419953,@umassmedia,https://www.instagram.com/umassmedia/,1924,,,,,,,,,,,,,
University of Massachusetts-Dartmouth,MA,The Torch,https://umassdtorch.com/news/,https://umassdtorch.com/news/,,41.6269122,-71.0054336,@umassdtorch,https://www.instagram.com/umassdtorch/,198,,,,,,,,,,,,,
University of Massachusetts-Lowell,MA,The Connector,https://umlconnector.com,https://umlconnector.com/about/official-staff/,,42.6552587,-71.3247164,@umlconnector,https://www.instagram.com/umlconnector/,1191,,,@UMLConnector,https://www.facebook.com/UMLConnector/,,,,,,,,,
University of Miami,FL,The Miami Hurricane,https://themiamihurricane.com,"https://themiamihurricane.com/tmh-staff/, https://www.facebook.com/themiamihurricane/, https://com.miami.edu/profile/antonio-mora/",,25.7169568,-80.2798198,@themiamihurricane,https://www.instagram.com/themiamihurricane/,13365,@MiamiHurricane,https://twitter.com/miamihurricane,@themiamihurricane,https://www.facebook.com/themiamihurricane/,,,,,,,,,
University of Michigan,MI,The Michigan Daily,https://www.michigandaily.com,"https://www.michigandaily.com/about/, https://www.facebook.com/michigandaily/",,42.277145,-83.7382071,@michigandaily,https://www.instagram.com/michigandaily/,38700,@michigandaily,https://twitter.com/michigandaily,@michigandaily,https://www.facebook.com/michigandaily/,,,,,,,,,
University of Michigan-Dearborn,MI,The Michigan Journal,https://www.wolverinemedianetwork.com/michiganjournal,https://www.wolverinemedianetwork.com/michiganjournal,,42.3160854,-83.2324265,@michiganjournal,https://www.instagram.com/umd_wmn?igsh=MW93YmtkOW40Z2N6YQ%3D%3D,650,@MichiganJournal,https://x.com/MichiganJournal,,,,,,,,,,,
University of Minnesota,MN,The Minnesota Daily,https://mndaily.com,https://mndaily.com/about-us/contact-us/,,44.9753541,-93.2330739,@mndailynews,https://www.instagram.com/mndailynews/,10906,@mndailynews,https://twitter.com/mndailynews,@mndailynews,https://www.facebook.com/mndailynews/,,,,,,,,,
University of Minnesota-Duluth,MN,The Bark,https://www.thebarkumd.com/contact-us  ,https://www.thebarkumd.com/contact-us,,46.8195917,-92.0831108,@thebarkumd,https://www.instagram.com/thebarkumd/,1609,,,@thebarkUMD,https://www.facebook.com/thebarkUMD/,,,,,,,,,
University of Mississippi,MS,The Daily Mississippian,https://thedmonline.com/category/news/,https://thedmonline.com/contact/,,34.3662492,-89.5379687,@thedailymississippian,https://www.instagram.com/thedailymississippian/,13372,@thedm_news,https://x.com/thedm_news,@thedailymississippian,https://www.facebook.com/thedailymississippian/,,,,,,,,,
University of Missouri,MO,The Maneater,https://themaneater.com,https://themaneater.com/contact-us/,,38.9403808,-92.3277375,@themaneater,https://www.instagram.com/themaneater/,4304,@TheManeater,https://twitter.com/TheManeater,,,,,,,,,,,
University of Missouri-Kansas City,MO,Roo News,https://kcroonews.com,https://kcroonews.com/get-involved/staff/,,39.0333035,-94.577545,@roonewsumkc,https://www.instagram.com/roonewsumkc/,3144,,,@RooNewsUMKC,https://www.facebook.com/RooNewsUMKC/,,,,,,,,,
University of Missouri-St. Louis,MO,The Current,https://thecurrent-online.net,https://thecurrent-online.net/staff/,,38.7038727,-90.305756,@umslthecurrent,https://www.instagram.com/umslthecurrent/,544,@umslthecurrent,https://twitter.com/umslthecurrent,@UMSLTheCurrent,https://www.facebook.com/UMSLTheCurrent/,,,,,,,,,
University of Montana,MT,Montana Kaimin,https://www.montanakaimin.com,https://www.montanakaimin.com/site/contact.html,,46.8619309,-113.9845969,@montanakaimin,https://www.instagram.com/montanakaimin/,5522,@MontanaKaimin,https://twitter.com/MontanaKaimin,@montanakaimin,https://www.facebook.com/montanakaimin/,,,,,,,,,
University of Montevallo,AL,The Alabamian,https://www.thealabamian.com,https://www.thealabamian.com/contact-us/,,33.1061608,-86.865545,@umalabamian,https://www.instagram.com/umalabamian/,1145,@TheUMAlabamian,https://twitter.com/theumalabamian,@TheAlabamian,https://www.facebook.com/TheAlabamian/,,,,,,,,,
University of Mount Union,OH,Dynamo,https://www.raiderstudentmedia.com/dynamo/,https://www.raiderstudentmedia.com/dynamo/,,40.9039033,-81.110238,@raiderstudentmedia,https://www.instagram.com/raiderstudentmedia/,940,,,,,,,,,,,,,
University of Nebraska,NE,The Daily Nebraskan,https://www.dailynebraskan.com,https://www.dailynebraskan.com,,40.8201966,-96.7004763,@dailynebraskan,https://www.instagram.com/dailynebraskan/,12007,,,@thedailynebraskan,https://www.facebook.com/thedailynebraskan/,,,,,,,,,
University of Nebraska-Kearney,NE,The Antelope,https://unkantelope.com,https://unkantelope.com/more/about/,,40.7011879,-99.1014292,@unkantelope,https://www.instagram.com/unkantelope/,1439,@unkantelope,https://x.com/unkantelope,@unkantelope,https://www.facebook.com/unkantelope/,,,,,,,,,
University of Nebraska-Lincoln,NE,The Daily Nebraskan,https://www.dailynebraskan.com/news/,https://www.dailynebraskan.com/about-us/,,40.8201966,-96.7004763,@dailynebraskan,https://www.instagram.com/dailynebraskan/,12007,,,@thedailynebraskan,https://www.facebook.com/thedailynebraskan/,,,,,,,,,
University of Nebraska-Omaha,NE,The Gateway,https://www.unothegateway.com/news/,https://www.unothegateway.com/site/contact.html,,41.2580268,-96.010696,@thegatewayuno,https://www.instagram.com/thegatewayuno/,1589,,,@UNOtheGateway,https://www.facebook.com/UNOtheGateway/,,,,,,,,,
University of Nevada-Las Vegas,NV,The Scarlet & Gray,https://unlvscarletandgray.com,https://unlvscarletandgray.com/staff/,,36.107496,-115.1435252,@unlvfreepress,https://www.instagram.com/unlvfreepress/,5204,,,@unlvfreepress,https://www.facebook.com/unlvfreepress/,,,,,,,,,
University of Nevada-Reno,NV,The Nevada Sagebrush,https://nevadasagebrush.com,https://www.facebook.com/nvsagebrush/,,39.5485651,-119.8156924,@nevadasagebrush,https://www.instagram.com/nevadasagebrush/,3698,,,@nvsagebrush,https://www.facebook.com/nvsagebrush/,,,,,,,,,
University of New England,ME,The Bolt,https://unethebolt.com  ,https://unethebolt.com/staff/?schoolyear=2024-2025  ,,43.9653889,-70.8226541,@thebolt_une,https://www.instagram.com/thebolt_une/,431,,,,,,,,,,,,,
University of New Hampshire-Main Campus,NH,The New Hampshire,https://tnhdigital.com/,,,43.138948,-70.9370252,@thenewhampshire,https://www.instagram.com/thenewhampshire/,2685,,,,,,,,,,,,,
University of New Haven,CT,The Charger Bulletin, https://chargerbulletin.com/,https://chargerbulletin.com/about/our-staff/,,41.291297,-72.9617874,@chargerbulletin,https://www.instagram.com/chargerbulletin/,1823,@ChargerBulletin,https://x.com/chargerbulletin,,,,,,,,,,,
University of New Mexico,NM,Daily Lobo,https://www.dailylobo.com,https://www.dailylobo.com/page/about_us,,35.0907712,-106.6210407,@dailylobo,https://www.instagram.com/dailylobo/,3616,@DailyLobo,https://x.com/dailylobo,,,,,,,,,,,
University of North Alabama,AL,The Flor-Ala,https://theflorala.com,https://theflorala.com/contact-us/,,34.8077916,-87.6804051,@theflorala,https://www.instagram.com/theflorala/,2707,,,@UNAFlorAla,https://www.facebook.com/UNAFlorAla/,,,,,,,,,
University of North Carolina Asheville,NC,The Blue Banner,https://thebluebanner.net , https://thebluebanner.net/staff/,,35.6170787,-82.5665332,@uncabluebanner,https://www.instagram.com/uncabluebanner/,2006,@TheBlueBanner,https://x.com/thebluebanner,,,,,,,,,,,
University of North Carolina at Chapel Hill,NC,The Daily Tar Heel,https://www.dailytarheel.com/,https://www.dailytarheel.com/page/contact,,35.9049122,-79.0469134,@dailytarheel,https://www.instagram.com/dailytarheel/,59924,@dailytarheel,https://twitter.com/dailytarheel,@dailytarheel,https://www.facebook.com/dailytarheel/,,,,,,,,,
University of North Carolina at Charlotte,NC,Niner Times,https://www.ninertimes.com/,https://www.ninertimes.com/editorial_board/,,35.3074169,-80.7352122,@niner_times,https://www.instagram.com/niner_times/,14482,@niner_times,https://x.com/niner_times,@NinerTimes,https://www.facebook.com/NinerTimes/,,,,,,,,,
University of North Carolina at Greensboro,NC,The Carolinian,https://carolinianuncg.com,https://carolinianuncg.com/about/,,36.0689296,-79.8101976,@carolinianuncg,https://www.instagram.com/carolinianuncg/,1403,@thecarolinian,https://x.com/thecarolinian,@thecarolinian01,https://www.facebook.com/thecarolinian01/,,,,,,,,,
University of North Carolina at Wilmington,NC,The Seahawk,https://theseahawk.org,https://www.facebook.com/theseahawk/?eid=ARA1fX3HL3Dx5DwDYtdnaYj1T4YTxXHpeQT4SlPj7o7IP9TK1YU-kp_AJb6jVkV_vnWzDNA2H8tFjhJT,,34.2222785,-77.8681706,@theseahawknews,https://www.instagram.com/theseahawknews/,2269,,,,,,,,,,,,,
University of North Dakota,ND,Dakota Student,https://dakotastudent.comm,https://dakotastudent.com/contact-us/,,47.922891,-97.0768014,@dakotastudent,https://www.instagram.com/dakotastudent/,1118,@DakotaStudent,https://x.com/dakotastudent,,,,,,,,,,,
University of North Florida,FL,The Spinnaker,https://unfspinnaker.com,https://unfspinnaker.com/about-get-involved/,,30.2661204,-81.5072314,@unfspinnaker,https://www.instagram.com/unfspinnaker/,7647,,,@UNFSpinnaker,https://www.facebook.com/UNFSpinnaker/,,,,,,,,,
University of North Georgia,GA,The Vanguard,https://ungvanguard.org,"https://ungvanguard.org/staff/, https://www.facebook.com/vanguardung/",,34.5277912,-83.9842645,@ung.vanguard,https://www.instagram.com/ung.vanguard/,1351,,,@vanguardung,https://www.facebook.com/vanguardung/,,,,,,,,,
University of North Texas,TX,North Texas Daily,https://www.ntdaily.com/,https://www.ntdaily.com/site/who_we_are.html,,33.2090389,-97.153439,@ntdaily,https://www.instagram.com/ntdaily/,6969,@ntdaily,https://twitter.com/ntdaily,@NorthTexasDaily,https://www.facebook.com/NorthTexasDaily/,,,,,,,,,
University of Northern Iowa,IA,The Northern Iowan,https://www.northerniowan.com,"https://www.northerniowan.com/staff/, https://www.northerniowan.com/contact-us/",,42.5121517,-92.4646469,@northerniowan,https://www.instagram.com/northerniowan/,1924,,,@NorthernIowan,https://www.facebook.com/NorthernIowan/,,,,,,,,,
University of Notre Dame,IN,The Observer,https://www.ndsmcobserver.com,https://www.ndsmcobserver.com/page/contact,"Holy Cross, Saint Mary's, and Notre Dame",41.7051917,-86.2351655,@ndsmcobserver,https://www.instagram.com/ndsmcobserver/,8595,@NDSMCObserver,https://x.com/NDSMCObserver,@ndsmcobserver,https://www.facebook.com/ndsmcobserver/,,,,,,,,,
University of Oklahoma,OK,OU Daily, http://www.ou.edu/tv/,https://www.oudaily.com/site/contact.html,,35.1987162,-97.4448963,@theoudaily,https://www.instagram.com/theoudaily/,39874,@OUDaily,https://x.com/oudaily,@OUDaily,https://www.facebook.com/OUDaily/,,,,,,,,,
University of Oregon,OR,Daily Emerald,https://dailyemerald.com,https://dailyemerald.com/contact-us-2/,,44.0448302,-123.0726055,@dailyemerald,https://www.instagram.com/dailyemerald/,11932,@dailyemerald,https://x.com/dailyemerald,@dailyemerald,https://www.facebook.com/dailyemerald/,,,,,,,,,
University of Pennsylvania,PA,The Daily Pennsylvanian,theDP.com,https://www.thedp.com/page/contact,,39.9515013,-75.1910161,@dailypenn,https://www.instagram.com/dailypenn/,39878,@dailypenn,https://x.com/dailypenn,@dailypenn,https://www.facebook.com/dailypenn/,,,,,,,,,
University of Pittsburgh,PA,The Pitt News,https://pittnews.com,,,40.4444842,-79.9612831,@thepittnews,https://www.instagram.com/thepittnews/,9924,@ThePittNews,https://twitter.com/ThePittNews,@thepittnews,https://www.facebook.com/thepittnews/,,,,,,,,,
University of Pittsburgh at Greensburg,PA,The Insider,https://insiderupg.com,https://insiderupg.com/about-us/,,40.2759009,-79.5323904,Not found,Not found,,,,,,,,,,,,,,
University of Portland,OR,The Beacon,https://www.upbeacon.com,https://www.upbeacon.com/page/contact-us,,45.5789096,-122.7267448,@upbeacon,https://www.instagram.com/upbeacon/,2951,@UPBeacon,https://x.com/upbeacon,,,,,,,,,,,
University of Puget Sound,WA,The Trail,https://trail.pugetsound.edu,https://trail.pugetsound.edu/?page_id=16072,,47.2617495,-122.4814442,@thepugetsoundtrail,https://www.instagram.com/thepugetsoundtrail/,1271,,,,,,,,,,,,,
University of Redlands,CA,The Redlands Bulldog,https://theredlandsbulldog.com,https://www.facebook.com/Theredlandsbulldog/,,34.0627062,-117.1632608,@theredlandsbulldog,https://www.instagram.com/theredlandsbulldog/,1165,,,@Theredlandsbulldog,https://www.facebook.com/Theredlandsbulldog/,,,,,,,,,
University of Rhode Island,RI,The Good 5 Cent Cigar,https://rhodycigar.com,https://rhodycigar.com/contact/,,41.4862328,-71.5306788,@rhodycigar,https://www.instagram.com/rhodycigar/,4355,@rhodycigar,https://twitter.com/rhodycigar,@rhodycigar,https://www.facebook.com/rhodycigar/,,,,,,,,,
University of Richmond,VA,The Collegian,https://www.thecollegianur.com,https://www.thecollegianur.com/page/contact,,37.5758243,-77.5397192,@thecollegianur,https://www.instagram.com/thecollegianur/,3876,@URCollegian,https://x.com/URCollegian,@urcollegian,https://www.facebook.com/urcollegian/,,,,,,,,,
University of Rochester,NY,Campus Times, http://www.campustimes.org/,https://www.campustimes.org/about/contact/,,43.1305531,-77.6260033,@urcampustimes,https://www.instagram.com/urcampustimes/,2203,@campustimes,https://x.com/campustimes,@urcampustimes,https://www.facebook.com/urcampustimes/,,,,,,,,,
University of Saint Joseph,CT,The USJ News Nest,https://usjnewsnest.com,https://usjnewsnest.com/about/,,41.7819528,-72.7305002,@usjnewsnest,https://www.instagram.com/usjnewsnest/,214,,,,,,,,,,,,,
University of San Diego,CA,The USD Vista,https://uofsdmedia.wordpress.com,"https://uofsdmedia.com/meet-the-editors/, https://uofsdmedia.wordpress.com/meet-the-staff/",,32.8577324,-117.2054294,@theusdvista,https://www.instagram.com/theusdvista/,1969,@USDVista,https://twitter.com/usdvista,@theusdvista,https://www.facebook.com/theusdvista/,,,,,,,,,
University of San Francisco,CA,San Francisco Foghorn,https://sffoghorn.com,https://sffoghorn.com/about-contact/,,37.7765643,-122.4507187,@sffoghorn,https://www.instagram.com/sffoghorn/?hl=en,1837,,,@SanFranciscoFoghorn,https://www.facebook.com/SanFranciscoFoghorn/,,,,,,,,,
University of South Carolina,SC,The Daily Gamecock,https://www.dailygamecock.com/section/news,https://www.dailygamecock.com/page/contact,,33.9937575,-81.0299186,@dailygamecock,https://www.instagram.com/dailygamecock/,15533,@thegamecock,https://twitter.com/thegamecock,@thedailygamecock,https://www.facebook.com/thedailygamecock/,,,,,,,,,
University of South Carolina Aiken,SC,The Pacer Times,https://www.mypacertimes.com,https://www.mypacertimes.com/contact-us,,33.5733945,-81.7666419,@pacertimes,https://www.instagram.com/pacertimes/,736,@pacertimes,https://x.com/pacertimes,@USCANEWSPAPER,https://www.facebook.com/USCANEWSPAPER/,,,,,,,,,
University of South Dakota,SD,The Volante,https://volanteonline.com,https://volanteonline.com/contact-us/,,42.7883015,-96.9253381,@the_volante,https://www.instagram.com/the_volante/?hl=en,869,,,@volanteonline,https://www.facebook.com/volanteonline/,,,,,,,,,
University of South Florida,FL,The Oracle,https://www.usforacle.com,https://www.usforacle.com/about-us/,,28.0622334,-82.4135057,@usforacle,https://www.instagram.com/usforacle/,10062,@usforacle,https://twitter.com/usforacle,@usforacle,https://www.facebook.com/usforacle/,,,,,,,,,
University of Southern California,CA,Daily Trojan,https://dailytrojan.com,https://dailytrojan.com/feedback/,,34.0223519,-118.285117,@dailytrojan,https://www.instagram.com/dailytrojan/,35092,@dailytrojan,https://twitter.com/dailytrojan,@DailyTrojan,https://www.facebook.com/DailyTrojan/,,,,,,,,,
University of Southern Indiana,IN,The Shield,https://usishield.com,https://usishield.com/contact-us/,,37.9617632,-87.6774647,@usishield,https://www.instagram.com/usishield/,1338,,,@usishield,https://www.facebook.com/usishield/,,,,,,,,,
University of Southern Maine,ME,The Free Press,https://usmfreepress.org/,https://usmfreepress.org/contact-2/,,43.6619019,-70.2757206,@usmfreepress,https://www.instagram.com/usmfreepress/,1032,@USMFreePress,https://twitter.com/usmfreepress,@usmfreepress,https://www.facebook.com/usmfreepress/,,,,,,,,,
University of St. Francis,IL,USF Encounter,https://www.usfencounter.stfrancis.edu,https://www.usfencounter.stfrancis.edu/staff,,41.5332096,-88.0975858,Not found,Not found,,,,@USFEncounter1,https://www.facebook.com/USFEncounter1/,,,,,,,,,
University of St. Thomas,MN,TommieMedia,https://www.tommiemedia.com,https://www.tommiemedia.com,,44.943096,-93.1897082,@tommiemedia,https://www.instagram.com/tommiemedia/,,,,,,,,,,,,,,
University of Tampa,FL,The Minaret,https://theminaretonline.org,"https://theminaretonline.org/about/, https://theminaretonline.org/contact/",,27.9453715,-82.4659336,@theminaret,https://www.instagram.com/theminaret/,1493,,,@UTMinaret,https://www.facebook.com/UTMinaret/,,,,,,,,,
University of Tennessee-Martin,TN,The Pacer,https://www.thepacer.net,https://www.thepacer.net/staff/,,36.3429724,-88.8643332,@utmpacer,https://www.instagram.com/utmpacer/,1208,,,@thepacer.net,https://www.facebook.com/thepacer.net/,,,,,,,,,
University of Texas,TX,The Daily Texan,https://thedailytexan.com,https://thedailytexan.com/contact/,,40.7606608,-111.8939487,@thedailytexan,https://www.instagram.com/thedailytexan/,20389,@thedailytexan,https://x.com/thedailytexan,@dailytexan,https://www.facebook.com/dailytexan/,,,,,,,,,
University of Texas at Arlington,TX,The Shorthorn,https://www.theshorthorn.com,https://www.theshorthorn.com/site/contact.html,,32.7292117,-97.1151971,@utashorthorn,https://www.instagram.com/utashorthorn/,11315,,,@theshorthorn,https://www.facebook.com/theshorthorn/,,,,,,,,,
University of Texas Rio Grande Valley,TX,The Rider,https://www.utrgvrider.com,https://www.utrgvrider.com/abouts-us/contact-us/,,26.3081983,-98.1740158,@utrgvrider,https://www.instagram.com/utrgvrider/,2285,@UTRGVrider,https://x.com/utrgvrider,@UTRGVrider,https://www.facebook.com/UTRGVrider/,,,,,,,,,
University of the Cumberlands,KY,The Patriot,https://ucpatriotnews.com,"https://ucpatriotnews.com/staff/, https://ucpatriotnews.com/contact/, https://www.ucumberlands.edu/directory/jeremiah-massengale",,36.7371437,-84.1623839,@ucthepatriot,https://www.instagram.com/ucthepatriot/,1002,,,@ucthepatriot,https://www.facebook.com/ucthepatriot/,,,,,,,,,
University of the Pacific,CA,The Pacifican,https://www.thepacifican.com,https://www.thepacifican.com/about,,37.9808111,-121.3131348,@thepacifican,https://www.instagram.com/thepacificanuop/,1353,,,,,,,,,,,,,
University of Tulsa,OK,The Collegian,https://tucollegian.org,https://tucollegian.org/about/,,36.1520526,-95.9460753,@tucollegian,https://www.instagram.com/tucollegian/,589,@TUCollegian,https://twitter.com/tucollegian,@TUCollegian,https://www.facebook.com/TUCollegian/,,,,,,,,,
University of Vermont,VT,The Vermont Cynic,https://vtcynic.com,https://vtcynic.com/staff-page/?schoolyear=Spring%202025,,44.4778528,-73.1964637,@vermontcynic,https://www.instagram.com/vermontcynic/,6562,,,,,,,,,,,,,
University of Virginia,VA,The Cavalier Daily,https://www.cavalierdaily.com,https://www.cavalierdaily.com/page/contact,,38.0402373,-78.5234903,@cavalierdaily,https://www.instagram.com/cavalierdaily/,18481,@cavalierdaily,https://x.com/cavalierdaily,@CavalierDaily,https://www.facebook.com/CavalierDaily/,,,,,,,,,
University of Washington,WA,Daily UW,https://www.dailyuw.com ,https://www.dailyuw.com/contact_us/ ,,47.6516448,-122.3081762,@thedailyuw,https://www.instagram.com/thedailyuw/,13479,@thedaily,https://x.com/thedaily,@TheDaily,https://www.facebook.com/TheDaily/,,,,,,,,,
University of Washington Bothell,WA,Husky Herald,https://thehuskyherald.com/january-february-25/ ,https://thehuskyherald.com/contact/,,47.7584761,-122.190891,@husky_herald,https://www.instagram.com/husky_herald/,931,,,,,,,,,,,,,
University of Washington Tacoma,WA,The Ledger,https://thetacomaledger.com/category/news/,https://thetacomaledger.com/contact-us/,,47.2454407,-122.4385162,@uwtledger,https://www.instagram.com/uwtledger/?hl=en,676,,,,,,,,,,,,,
University of West Florida,FL,The Voyager,https://uwfvoyager.com,https://uwfvoyager.com/staff/,,30.5467587,-87.2174369,@uwfvoyager_,https://www.instagram.com/uwfvoyager_/,413,,,,,,,,,,,,,
University of Wisconsin-Eau Claire,WI,The Spectator,https://www.spectatornews.com,https://www.spectatornews.com/contact/,,44.7957639,-91.5036198,@spectatornews,https://www.instagram.com/spectatornews/,933,,,@spectatornews,https://www.facebook.com/spectatornews/,,,,,,,,,
University of Wisconsin-Madison,WI,The Badger Herald,https://badgerherald.com,https://badgerherald.com/staff/,,43.0755143,-89.4154526,@badgerherald,https://www.instagram.com/badgerherald/,7069,@BadgerHerald,https://twitter.com/BadgerHerald,@badgerherald,https://www.facebook.com/badgerherald/,,,,,,,,,
University of Wisconsin-Milwaukee,WI,UWM Post,https://uwmpost.com,https://uwmpost.com/about-us,,43.078263,-87.8819686,@uwmpost,https://www.instagram.com/uwmpost/,1735,@theuwmpost,https://x.com/theuwmpost,@uwmpost,https://www.facebook.com/uwmpost/,,,,,,,,,
University of Wisconsin-Oshkosh,WI,The Advance-Titan,https://advancetitan.com,https://advancetitan.com/contact-us,,44.0262958,-88.5506715,@theadvancetitan,https://www.instagram.com/theadvancetitan/,663,@atitan,https://twitter.com/atitan,@theadvancetitan,https://www.facebook.com/theadvancetitan/,,,,,,,,,
University of Wisconsin-Platteville,WI,Exponent,https://uwpexponent.com,https://uwpexponent.com/staff/,,42.7331994,-90.4878214,@theexponent,https://www.instagram.com/theexponent/,317,,,@uwpexponent,https://www.facebook.com/uwpexponent/,,,,,,,,,
University of Wisconsin-River Falls,WI,The Student Voice,https://uwrfvoice.com,https://uwrfvoice.com/contact/,,44.8530003,-92.6222324,@uwrfstudentvoice,https://www.instagram.com/uwrfstudentvoice/,493,,,,,,,,,,,,,
University of Wisconsin-Stevens Point,WI,The Pointer,https://thepointeruwsp.com,https://thepointeruwsp.com/about-the-pointer/,,44.5294491,-89.5713776,@thepointeruwsp,https://www.instagram.com/thepointeruwsp/,1186,,,@ThePointerAtUWSP,https://www.facebook.com/ThePointerAtUWSP/,,,,,,,,,
University of Wisconsin-Stout,WI,Stoutonia,https://stoutonia.com,"https://stoutonia.com/staff/?schoolyear=2024-2025, https://www.facebook.com/stoutonia",,44.8721627,-91.9268416,@stoutoniaonline,https://www.instagram.com/stoutoniaonline/,846,,,,,,,,,,,,,
University of Wisconsin-Superior,WI,The Promethean ,https://uws-promethean.com,"https://uws-promethean.com/about/, https://www.facebook.com/UWSNews/, https://www.uwsuper.edu/about/faculty-staff-directory/hansen-thomas/",,46.7177476,-92.0881522,@uws_promethean,https://www.instagram.com/uws_promethean/,135,@UWSPromethean,https://twitter.com/UWSPromethean,@UWSNews,https://www.facebook.com/UWSNews/,,,,,,,,,
University of Wisconsin-Whitewater,WI,The Royal Purple,https://royalpurplenews.com,"https://royalpurplenews.com/about/office/, https://royalpurplenews.com/staff/?schoolyear=2024-2025",,42.8417557,-88.7423149,@royalpurpleuww,https://www.instagram.com/royalpurpleuww/,1009,,,@RoyalPurpleNews,https://www.facebook.com/RoyalPurpleNews/,,,,,,,,,
University of Wyoming,WY,Branding Iron,http://www.uwbrandingiron.com,https://www.uwyo.edu/studentmedia/faculty-staff/index.html,,41.3147175,-105.5690288,@uwbrandingiron,https://www.instagram.com/uwbrandingiron/,1305,@uwbrandingiron,https://twitter.com/uwbrandingiron,@uwbrandingiron,https://www.facebook.com/uwbrandingiron/,,,,,,,,,
Upper Iowa University,IA,The Collegian,https://theuiucollegian.tumblr.com,https://theuiucollegian.tumblr.com/contact,,42.841022,-91.799848,Not found,,,,,,,,,,,,,,,
Utah State University,UT,The Utah Statesman,https://usustatesman.com,https://usustatesman.com/contact-us/,,41.745161,-111.8097425,@utahstatesman,https://www.instagram.com/utahstatesman/,5599,,,@UtahStatesman,https://www.facebook.com/UtahStatesman/,,,,,,,,,
Utah Tech University,UT,Sun News Daily,https://sunnewsdaily.com/,https://www.facebook.com/SunNewsDaily/,,37.1028746,-113.56541,@sunnews_daily,https://www.instagram.com/sunnews_daily/,2031,@SunNews_Daily,https://twitter.com/SunNews_Daily,@SunNewsDaily,https://www.facebook.com/SunNewsDaily/,,,,,,,,,
Utah Valley University,UT,The UVU Review,https://www.uvureview.com,https://www.uvureview.com/contact-us/,,40.2787626,-111.7153739,@uvureview,https://www.instagram.com/uvureview/,5969,,,@UVUreview,https://www.facebook.com/UVUreview/,,,,,,,,,
Utica College,NY,Tangerine,https://uticatangerine.com ,https://uticatangerine.com/category/opinion/staff/ ,,43.0949906,-75.2711748,@utica_tangerine,https://www.instagram.com/utica_tangerine/,1305,,,@UticaTangerine,https://www.facebook.com/UticaTangerine/,,,,,,,,,
Valdosta State University,GA,The Spectator,https://vsuspectator.com,"https://vsuspectator.com/meet-the-staff/, https://vsuspectator.com/contact-us/",,30.8491088,-83.2892073,@vsu_spectator,https://www.instagram.com/vsu_spectator/,2393,@vsuspectator,https://twitter.com/vsuspectator,@VSUSpectator,https://www.facebook.com/VSUSpectator/,,,,,,,,,
Valencia College,FL,The Valencia Voice,https://valenciavoice.com,https://www.facebook.com/ValenciaVoice,,28.5213883,-81.4648355,@valenciavoice,https://www.instagram.com/valenciavoice/,1234,,,@ValenciaVoice,https://www.facebook.com/ValenciaVoice/,,,,,,,,,
Valparaiso University,IN,The Torch,https://www.valpotorch.com,https://www.valpotorch.com/site/contact.html,,41.4639394,-87.0438893,@valpotorch,https://www.instagram.com/valpotorch/,1001,@ValpoTorch,https://twitter.com/ValpoTorch,@TheTorchValparaisoUniversity,https://www.facebook.com/TheTorchValparaisoUniversity/,,,,,,,,,
Vanderbilt University,TN,The Vanderbilt Hustler,https://vanderbilthustler.com,https://vanderbilthustler.com/staff/,,36.1447034,-86.8026551,@vanderbilthustler,https://www.instagram.com/vanderbilthustler/,8614,@VandyHustler,https://twitter.com/VandyHustler,@VanderbiltHustler,https://www.facebook.com/VanderbiltHustler/,,,,,,,,,
Vanguard University,CA,The Vanguard Voice,https://vanguarduniversityvoice.com,https://www.facebook.com/vuvoice/,,33.6619319,-117.9017563,@vuvoice,https://www.instagram.com/vuvoice/,530,,,@vuvoice,https://www.facebook.com/vuvoice/,,,,,,,,,
Vassar College,NY,The Miscellany News,https://miscellanynews.org,https://miscellanynews.org,,41.6851687,-73.8918897,@themiscnews,https://www.instagram.com/themiscnews/,3932,@themiscnews,https://twitter.com/themiscnews,@themiscnews,https://www.facebook.com/themiscnews/,,,,,,,,,
Villanova University,PA,The Villanovan,https://villanovan.com,https://villanovan.com/staff/?schoolyear=2025,,40.0368926,-75.3425785,@thevillanovan,https://www.instagram.com/thevillanovan/,8305,,,,,,,,,,,,,
Vincennes University,IN,The Trailblazer,https://vutrailblazernews.com,https://vutrailblazernews.com/about/,,38.677269,-87.5286325,Not found,,,,,,,,,,,,,,,
Virginia Commonwealth University,VA,The Commonwealth Times,https://commonwealthtimes.org,https://commonwealthtimes.org/about-us/the-ct-staff/,,37.5469205,-77.4541645,@commonwealthtimes,https://www.instagram.com/commonwealthtimes/,12304,@TheCT,https://twitter.com/TheCT,@commonwealthtimes,https://www.facebook.com/commonwealthtimes/,,,,,,,,,
Virginia Polytechnic Institute,VA,Collegiate Times,https://www.collegiatetimes.com/,https://www.collegiatetimes.com/site/contact.html,,37.2283843,-80.4234167,@collegiatetimes,https://www.instagram.com/collegiatetimes/,4966,@collegiatetimes,https://twitter.com/collegiatetimes,@CollegiateTimes,https://www.facebook.com/CollegiateTimes/,,,,,,,,,
Virginia State University,VA,The Virgina Statesman,https://thevirginiastatesman.com,https://thevirginiastatesman.com/about/,,37.238379,-77.419818,@thevastatesman,https://www.instagram.com/thevastatesman/,660,,,,,,,,,,,,,
Virginia Wesleyan University,VA,The Marlin Chronicle,https://marlinchronicle.vwu.edu,https://marlinchronicle.vwu.edu/chronicle-staff/,,36.8674624,-76.1866644,@marlinchronicle,https://www.instagram.com/marlinchronicle/,786,@MarlinChronicle,https://twitter.com/MarlinChronicle,@themarlinchronicle,https://www.facebook.com/themarlinchronicle/,,,,,,,,,
Viterbo University,WI,Lumen,https://lumen.viterbo.edu/,https://lumen.viterbo.edu/staff/,,43.8021218,-91.2451143,@viterbolumen,https://www.instagram.com/viterbolumen/,232,,,@viterbolumen,https://www.facebook.com/viterbolumen/,,,,,,,,,
Wake Forest University,NC,Old Gold & Black,https://wfuogb.com,https://wfuogb.com/staff/,,36.1354887,-80.2792887,@wfu_ogb,https://www.instagram.com/wfu_ogb/,,,,,,,,,,,,,,
Warren Wilson College,NC,The Echo Newspaper,https://wwcecho.news,"https://wwcecho.news/staff, https://www.facebook.com/wwc.echo.news",,35.611126,-82.4422791,@theechonews,https://www.instagram.com/theechonews/,970,,,@wwc.echo.news,https://www.facebook.com/wwc.echo.news/,,,,,,,,,
Wartburg College,IA,The Trumpet,https://knight-wire.com/category/the-trumpet-newspaper/,https://www.facebook.com/WartburgTrumpet/,,42.7287897,-92.4832333,@wartburg_trumpet,https://www.instagram.com/wartburg_trumpet/,342,,,@WartburgTrumpet,https://www.facebook.com/WartburgTrumpet/,,,,,,,,,
Washburn University,KS,Washburn Review,https://washburnreview.org,https://washburnreview.org/staff/?schoolyear=Fall%202024,,39.0334683,-95.7018738,@wu_studentmedia,https://www.instagram.com/wu_studentmedia/,1985,,,@wustudentmedia,https://www.facebook.com/wustudentmedia/,,,,,,,,,
Washington and Lee University,VA,The Ring-tum Phi,https://ringtumphi.net,https://ringtumphi.net/about/,,37.7898776,-79.4458935,@ringtumphi,https://www.instagram.com/ringtumphi/,2238,@ringtumphi,https://twitter.com/ringtumphi,@ringtum.phi.9,https://www.facebook.com/ringtum.phi.9/,,,,,,,,,
Washington College,MD,The Elm,https://blog.washcoll.edu/wordpress/theelm/,https://blog.washcoll.edu/wordpress/theelm/meet-the-press/,,36.2201053,-82.5715364,@theelmwc,https://www.instagram.com/theelmwc/,870,,,@TheElmNews,https://www.facebook.com/TheElmNews/,,,,,,,,,
Washington State University,WA,The Daily Evergreen,https://dailyevergreen.com,https://dailyevergreen.com/contact-us/,,46.7288927,-117.1468351,@dailyevergreen,https://www.instagram.com/dailyevergreen/,2510,@DailyEvergreen,https://twitter.com/DailyEvergreen,@TheDailyEvergreen,https://www.facebook.com/TheDailyEvergreen/,,,,,,,,,
Washington University in St. Louis,MO,Student Life,https://www.studlife.com,https://www.studlife.com/contact-us,,38.6487895,-90.3107962,@studentlifenewspaper,https://www.instagram.com/studentlifenewspaper/,7586,@studlife,https://twitter.com/studlife,@studlife,https://www.facebook.com/studlife/,,,,,,,,,
Washtenaw Community College,MI,The Washtenaw Voice,https://www.washtenawvoice.com,https://www.washtenawvoice.com/meet-the-team,,42.2635478,-83.6655359,@washtenawvoice,https://www.instagram.com/washtenawvoice/,868,@washtenawvoice,https://twitter.com/washtenawvoice,@washtenawvoice,https://www.facebook.com/washtenawvoice/,,,,,,,,,
Wayne State College,NE,The Wayne Stater,https://thewaynestater.com,"https://thewaynestater.com/about/, https://thewaynestater.com/staff/, https://www.wsc.edu/directory-record/27029/viall-liz",,42.2399046,-97.0131156,@thestater_wsc,https://www.instagram.com/thestater_wsc/,500,,,@TheStater,https://www.facebook.com/TheStater/,,,,,,,,,
Weber State University,UT,The Signpost,https://thesignpostwsu.com,https://thesignpostwsu.com/about-the-signpost/,,41.1913012,-111.9440467,@wsusignpost,https://www.instagram.com/wsusignpost/,1635,,,@WSUSignpost,https://www.facebook.com/WSUSignpost/,,,,,,,,,
Webster University,MO,The Journal,https://websterjournal.com,"https://websterjournal.com/the-staff/, https://www.facebook.com/websterjournal/, https://www.webster.edu/communications/about/faculty-staff.php#comm",,38.5893479,-90.3439695,@websterjournal,https://www.instagram.com/websterjournal/,1394,,,@websterjournal,https://www.facebook.com/websterjournal/,,,,,,,,,
Wellesley College,MA,The Wellesly News,https://thewellesleynews.com,https://thewellesleynews.com/staff/,,42.2935733,-71.3059277,@wellesley_news,https://www.instagram.com/wellesley_news/,,@Wellesley_News,https://twitter.com/Wellesley_News,@wellesleynews1901,https://www.facebook.com/wellesleynews1901/,,,,,,,,,
Wesleyan University,CT,The Wesleyan Argus,https://wesleyanargus.com,"https://wesleyanargus.com/staff/, https://www.facebook.com/wesleyanargus/",,41.5567587,-72.6568336,@wesleyan.argus,https://www.instagram.com/wesleyan.argus/,3382,@wesleyanargus,https://twitter.com/wesleyanargus,,,,,,,,,,,
West Chester University of Pennsylvania,PA,The Quad,https://wcuquad.com,"https://wcuquad.com/staff/, https://www.facebook.com/wcuquad/",,39.9523671,-75.5981257,@thequadwcu,https://www.instagram.com/thequadwcu/,315,@TheQuadWCU,https://twitter.com/TheQuadWCU,@wcuquad,https://www.facebook.com/wcuquad/,,,,,,,,,
West Liberty University,WV,The Trumpet,https://thetrumpetwlu.org,https://thetrumpetwlu.org/staff/?schoolyear=2024-2025,,40.169794,-80.5936851,@thetrumpetwlu,https://www.instagram.com/thetrumpetwlu/,1217,,,@thetrumpetwlu,https://www.facebook.com/thetrumpetwlu/,,,,,,,,,
West Texas A&M University,TX,The Prairie News,https://theprairienews.com,https://theprairienews.com/contribute/,,34.9816909,-101.9160329,@theprairiewt,https://www.instagram.com/theprairiewt/,1073,,,@theprairiewt,https://www.facebook.com/theprairiewt/,,,,,,,,,
West Virginia University,WV,The Daily Athenaeum,https://www.thedaonline.com,https://www.thedaonline.com/contact_us/,,39.6480359,-79.9697147,@dailyathenaeum,https://www.instagram.com/dailyathenaeum/,8268,@DailyAthenaeum,https://twitter.com/dailyathenaeum,@dailyathenaeum,https://www.facebook.com/dailyathenaeum/,,,,,,,,,
Western Carolina University,NC,Western Carolinian,https://www.westerncarolinian.com,https://www.westerncarolinian.com/meet-our-staff/,,35.3090108,-83.1863612,@thewesterncarolinian,https://www.instagram.com/thewesterncarolinian/,2484,,,@wcunews,https://www.facebook.com/wcunews/,,,,,,,,,
Western Colorado University,CO,Top o' The World,https://topotheworld.org,"https://topotheworld.org/staff/, https://topotheworld.org/contact/, https://western.edu/people/julian-rubinstein/",,38.547862,-106.9179434,@topotheworldnews,https://www.instagram.com/topotheworldnews/,686,,,@wscutop,https://www.facebook.com/wscutop/,,,,,,,,,
Western Connecticut State University,CT,The Echo of WestConn,https://wcsuecho.org,https://wcsuecho.org/contact/,,41.4004202,-73.4443811,@wcsuecho,https://www.instagram.com/wcsuecho/,312,,,@EchoWCSU,https://www.facebook.com/EchoWCSU/,,,,,,,,,
Western Illinois University,IL,Western Courier,https://theproxyreport.com/western-courier/,https://www.wiu.edu/faculty_senate/committees/wiu_councils_committees/western-courier.php,,40.4705003,-90.6858559,@westerncourierofficial_wiu,https://www.instagram.com/westerncourierofficial_wiu/,102,@WesternCourier,https://twitter.com/WesternCourier,@WesternCourier,https://www.facebook.com/WesternCourier/,,,,,,,,,
Western Michigan University,MI,Western Herald,https://www.westernherald.com,https://www.westernherald.com/site/contact.html,,42.2831778,-85.6152186,@westernherald,https://www.instagram.com/westernherald/,2462,,,@WesternHeraldWMU,https://www.facebook.com/WesternHeraldWMU/,,,,,,,,,
Western New England University,MA,The Westerner,https://thewesternerwne.com,https://thewesternerwne.com/?page_id=8,,42.116076,-72.5198801,@wnewesterner,https://www.instagram.com/wnewesterner/,542,,,,,,,,,,,,,
Western Oregon University,OR,The Western Howl,https://wou.edu/westernhowl/,https://drive.google.com/file/d/11xrPusJSjDFxqGwJrU2nIOI7Ox1nnm1J/view,,44.8538061,-123.2405476,@thewesternhowl,https://www.instagram.com/thewesternhowl/,1201,,,,,,,,,,,,,
Western Washington University,WA,The Front,https://www.thefrontonline.com,https://www.thefrontonline.com/page/about,,48.7342877,-122.4866102,@thefrontonline,https://www.instagram.com/thefrontonline/,3003,,,@westernfrontonline,https://www.facebook.com/westernfrontonline/,,,,,,,,,
Westfield State University,MA,The Westfield Voice,https://wsuvoice.com,https://wsuvoice.com/contact-us/,,42.1314735,-72.7944544,@thewestfieldvoice,https://www.instagram.com/thewestfieldvoice/,301,,,,,,,,,,,,,
Westminster College,PA,The Forum,https://www.wuforummedia.com/l,https://www.wuforummedia.com/author/kayla-dixon/,,41.119859,-80.332286,@wuforummedia,https://www.instagram.com/wuforummedia/,619,,,@WCForumMedia,https://www.facebook.com/WCForumMedia/,,,,,,,,,
Westmont College,CA,The Horizon,https://horizon.westmont.edu,https://horizon.westmont.edu/contact-us/,,34.4477755,-119.6617118,@westmonthorizon,https://www.instagram.com/westmonthorizon/,572,,,@thewestmonthorizon,https://www.facebook.com/thewestmonthorizon/,,,,,,,,,
Whatcom Community College,WA,Horizon,https://www.whatcomhorizon.com/,https://www.whatcomhorizon.com/about/,,48.7956436,-122.4927896,@wcchorizon,https://www.instagram.com/wcchorizon/,298,,,@whatcomhorizon,https://www.facebook.com/whatcomhorizon/,,,,,,,,,
Wheaton College,IL,The Wheaton Record,https://thewheatonrecord.com,https://thewheatonrecord.com/about/,,41.8695424,-88.0969325,@wheatonrecord,https://www.instagram.com/wheatonrecord/,1549,@WheatonRecord,https://twitter.com/WheatonRecord,@wheatonrecord,https://www.facebook.com/wheatonrecord/,,,,,,,,,
Whitman College,WA,Whitman Wire,https://whitmanwire.com,https://whitmanwire.com/contact-us/,,46.0708191,-118.3295895,@whitmanwire,https://www.instagram.com/whitmanwire/,1669,,,@whitmanwire,https://www.facebook.com/whitmanwire/,,,,,,,,,
Whitworth University,WA,The Whitworthian,https://thewhitworthian.news,https://thewhitworthian.news/editorial-staff/,,47.7548728,-117.4178623,@thewhitworthian,https://www.instagram.com/thewhitworthian/,1031,,,@Whitworthian,https://www.facebook.com/Whitworthian/,,,,,,,,,
Wichita State University,KS,The Sunflower,https://thesunflower.com,"https://thesunflower.com/staff/, https://thesunflower.com/contact-us/",,37.7190782,-97.291526,@thesunflowernews,https://www.instagram.com/thesunflowernews/,3710,@sunflowernews,https://twitter.com/sunflowernews,@sunflowerwsu,https://www.facebook.com/sunflowerwsu/,,,,,,,,,
Wilkes University,PA,The Beacon,https://www.thewilkesbeacon.com,https://www.thewilkesbeacon.com/about/,,41.2449585,-75.8883633,@wilkesbeacon,https://www.instagram.com/wilkesbeacon/,919,@wilkesbeacon,https://twitter.com/wilkesbeacon,@wilkesbeacon,https://www.facebook.com/wilkesbeacon/,,,,,,,,,
Willamette University,OR,The Collegian,https://www.willamettecollegian.com,https://www.willamettecollegian.com/meet-the-staff,,44.9352335,-123.0307101,@willamette_collegian,https://www.instagram.com/willamette_collegian/,1712,@WUCollegian,https://twitter.com/WUCollegian,@willamette.collegian,https://www.facebook.com/willamette.collegian/,,,,,,,,,
William & Mary,VA,Flat Hat News,https://flathatnews.com,https://flathatnews.com/meet-our-staff-2025/,,37.2709753,-76.7162467,@theflathat,https://www.instagram.com/theflathat/,5383,,,@theflathat,https://www.facebook.com/theflathat/,,,,,,,,,
William Jewell College,MO,The Hilltop Monitor,https://hilltopmonitor.jewell.edu,"https://hilltopmonitor.jewell.edu/meet-the-team/, https://www.jewell.edu/faculty/robert-wells",,39.2480581,-94.4115465,Not found,,,@MonitorWJC,https://twitter.com/MonitorWJC,,,,,,,,,,,
William Paterson University,NJ,The Beacon,https://wpubeacon.com ,"https://wpubeacon.com/staff/, https://wpconnect.wpunj.edu/directories/faculty/default.cfm?user=hirshonn",,40.9476318,-74.1967795,@wpubeacon,https://www.instagram.com/wpubeacon/,901,,,@wpunjbeacon,https://www.facebook.com/wpunjbeacon/,,,,,,,,,
William Peace University,NC,The Peace Times,https://peacetimesmedia.com,https://peacetimesmedia.com/about-us/,,35.789481,-78.637391,@thepeacetimes,https://www.instagram.com/thepeacetimes/,829,,,,,,,,,,,,,
William Penn University,IA,The Statesmen Status,https://statesmenstatus.wordpress.com,https://www.facebook.com/@penndc/,,41.3087995,-92.647186,Not found,,,,,,,,,,,,,,,
Williams College,MA,The Williams Record,https://williamsrecord.com,https://williamsrecord.com/contact/,,42.7128843,-73.2031395,@williamsrecord,https://www.instagram.com/williamsrecord/,4945,@williams_record,https://twitter.com/williams_record,,,,,,,,,,,
Wilmington College,OH,The Witness,https://www.wcwitness.com,https://www.facebook.com/wcwitness,,39.4447895,-83.8181626,@williamsrecord,https://www.instagram.com/williamsrecord/,4945,,,,,,,,,,,,,
Wilson College,PA,The Billboard,https://thewilsonbillboard.com  ,https://thewilsonbillboard.com/contact/ ,,39.9497297,-77.6495643,@wilsoncollegebillboard,https://www.instagram.com/wilsoncollegebillboard/,255,,,,,,,,,,,,,
Winona State University,MN,The Winonan,https://winonan.org,https://winonan.org/contact_us/,,44.0473997,-91.6432837,@thewinonan,https://www.instagram.com/thewinonan/,1001,,,@thewinonan,https://www.facebook.com/thewinonan/,,,,,,,,,
Wofford College,SC,The Old Gold & Black,https://woffordogb.com,"https://woffordogb.com/about-3/, https://woffordogb.com/staff/?schoolyear=2024-2025",,34.9590202,-81.9351358,@oldgoldandblack,https://www.instagram.com/oldgoldandblack/,1191,,,@TheOldGoldBlack,https://www.facebook.com/TheOldGoldBlack/,,,,,,,,,
Worcester Polytechnic Institute,MA,Tech News,https://wpitechnews.com  ,https://www.wpi.edu/about/the-wpi-press/meet-the-team#:~:text=Rob%20Krueger%2C%20Editor%20in%20Chief,,42.2740527,-71.8080033,@wpi_technews,https://www.instagram.com/wpi_technews/,1496,,,,,,,,,,,,,
Wright State University,OH,The Wright State Guardian,https://www.wsuguardian.com,https://www.wsuguardian.com/page/contact,,39.7798542,-84.0651078,@wsuguardian,https://www.instagram.com/wsuguardian/,2907,@wsuguardian,https://twitter.com/wsuguardian,@wsuguardian,https://www.facebook.com/wsuguardian/,,,,,,,,,
Xavier University of Louisiana,LA,The Xavier Herald,https://xavierherald.com,https://xavierherald.com/staff/,,29.9632276,-90.1061626,@xulaherald,https://www.instagram.com/xulaherald/,1139,@xulaherald,https://twitter.com/xulaherald,@thexavierherald,https://www.facebook.com/thexavierherald/,,,,,,,,,
Yale University,CT,Yale Daily News,https://yaledailynews.com/,https://yaledailynews.com/about-us/,,41.3163244,-72.9223431,@yaledailynews,https://www.instagram.com/yaledailynews/,37350,,,,,,,,,,,,,
Youngstown State University,OH,The Jambar,https://thejambar.com,https://thejambar.com/apply-to-the-jambar/,,41.1066413,-80.6480952,@ysu_jambar,https://www.instagram.com/ysu_jambar/,1601,,,@ysujambar,https://www.facebook.com/ysujambar/,,,,,,,,,
Amherst College,MA,Amherst Student,https://www.amherststudent.com,https://amherststudent.amherst.edu/about-us.html,,42.3709104,-72.5170028,@AmherstStudent,https://www.instagram.com/AmherstStudent/,1959,@AmherstStudent,https://twitter.com/AmherstStudent,@AmherstStudent,https://www.facebook.com/AmherstStudent/,,,,,,,,,
Beloit College,WI,The Round Table,https://roundtable.beloit.edu,https://roundtable.beloit.edu/about/,,42.5030333,-89.0309048,@beloitroundtable,https://www.instagram.com/beloitroundtable/,638,@BCRoundTable,https://twitter.com/BCRoundTable,@BCRoundTable,https://www.facebook.com/BCRoundTable/,,,,,,,,,
Benedictine College,KS,The Circuit,https://bccircuit.com,https://bccircuit.com/staff/,,39.5748081,-95.1123761,@bc_circuit,https://www.instagram.com/bc_circuit/,753,@BC_Circuit,https://twitter.com/BC_Circuit,@BCCircuit,https://www.facebook.com/BCCircuit/,,,,,,,,,
Bethany College,WV,The Tower,https://www.toweronline.net,https://www.facebook.com/bctower/,,40.206055,-80.559834,Not found,,,@BethanyTower,https://twitter.com/BethanyTower,@bctower,https://www.facebook.com/bctower/,,,,,,,,,
Bryant University,RI,Bryant Archway,https://news.bryant.edu,https://www.facebook.com/BryantArchway/,,41.9220919,-71.5377265,@bryantarchway,https://www.instagram.com/bryantarchway/,457,@thearchway,https://twitter.com/thearchway,@BryantArchway,https://www.facebook.com/BryantArchway/,,,,,,,,,
Bucks County Community College,PA,The Centurion,https://www.bucks-news.com/,https://ac.bucks.edu/apps/directory/departments/53/,,40.2390377,-74.967179,@centurion_bucks,https://www.instagram.com/centurion_bucks/,193,,,,,,,,,,,,,
Cabrini University,PA,The Loquitur,https://issuu.com/loquitur,"https://www.facebook.com/LoquiturMedia/, https://issuu.com/loquitur/docs/2023-24issue10loquitur",,40.0552141,-75.374005,@theloquitur,https://www.instagram.com/theloquitur/,735,,,,,,,,,,,,,
California State University-Stanislaus,CA,Signal,https://csusignal.com,"https://csusignal.com/staff/, https://www.facebook.com/csusignal/, https://www.csustan.edu/people/dr-shannon-stevens",,37.5224547,-120.8581045,@csu_signal,https://www.instagram.com/csu_signal/,2376,@CSUSignal,https://twitter.com/CSUSignal,@csusignal,https://www.facebook.com/csusignal/,,,,,,,,,
Clark College,WA,The Independent,https://www.facebook.com/ClarkIndyNews/,https://www.facebook.com/ClarkIndyNews/,,45.6349725,-122.6517127,@clarkindynews,https://www.instagram.com/clarkindynews/,234,,,@ClarkIndyNews,https://www.facebook.com/ClarkIndyNews/,,,,,,,,,
Columbia College Chicago,IL,The Columbia Chronicle,https://columbiachronicle.com,https://columbiachronicle.com/contact/,,41.8742327,-87.6248338,@ccchronicle,https://www.instagram.com/ccchronicle/,6235,@ccchronicle,https://twitter.com/ccchronicle,@TheColumbiaChronicle,https://www.facebook.com/TheColumbiaChronicle/,,,,,,,,,
Columbus State University,GA,The Uproar,https://uproarcsu.com,"https://uproarcsu.com/who-we-are/, https://uproarcsu.com/contact-us/",,32.5023061,-84.9396502,@uproarcsu,https://www.instagram.com/uproarcsu/,1113,@uproarcsu,https://twitter.com/uproarcsu,@UproarCSU,https://www.facebook.com/UproarCSU/,,,,,,,,,
Dakota State University,SD,The Trojan Times,https://trojan-times.com,"https://trojan-times.com/about/, https://dsu.edu/directory/blessinger-justin.html",,44.0126125,-97.1103618,Not found,,,,,,,,,,,,,,,
Delaware State University,DE,The Hornet Newspaper,https://thehornetonline.com,"https://thehornetonline.com/about/, https://www.desu.edu/about/marketing-communications",,39.1859284,-75.543368,@thehornetonline,https://www.instagram.com/thehornetonline/,125,@TheHornetNews,https://twitter.com/TheHornetNews,,,,,,,,,,,
Drew University,NJ,The Drew Acorn,https://thedrewacorn.com,https://thedrewacorn.com/category/news/,,40.7602397,-74.4266389,@thedrewacorn,https://www.instagram.com/thedrewacorn/,876,@DrewAcorn,https://twitter.com/DrewAcorn,@theacorn,https://www.facebook.com/theacorn/,,,,,,,,,
East Los Angeles College ,CA,Campus News,Elaccampusnews.com,Elaccampusnews.com,,34.0414348,-118.1501982,@elaccampusnews,https://www.instagram.com/elaccampusnews/,1770,@ELACCAMPUSNEWS,https://twitter.com/ELACCAMPUSNEWS,@CampusNews,https://www.facebook.com/CampusNews/,,,,,,,,,
Edgewood College,WI,On the Edge,https://otenews.com,https://www.facebook.com/OnTheEdgeNews/,,43.0574735,-89.42167,Not found,,,,,@OnTheEdgeNews,https://www.facebook.com/OnTheEdgeNews/,,,,,,,,,
El Paso Community College,TX,Tejano Tribune,https://www.tejanotribune.com,https://www.tejanotribune.com/about,,31.886595,-106.438272,@officialtejanotribune,https://www.instagram.com/officialtejanotribune/,121,@TejanoTribune,https://twitter.com/TejanoTribune,@tejanotribune,https://www.facebook.com/tejanotribune/,,,,,,,,,
Ferrum College,VA,The Iron Blade,https://ironbladenews.com,"https://ironbladenews.com/staff/, https://www.ferrum.edu/downloads/ironblade/december_2015.pdf",,36.9264771,-80.0206987,@ironbladeofficial,https://www.instagram.com/ironbladeofficial/,287,@BladeFerrum,https://twitter.com/BladeFerrum,,,,,,,,,,,
Florida State University,FL,FSView & Florida Flambeau,https://www.fsunews.com/,https://help.tallahassee.com/contact-us/,,30.442087,-84.2979579,@fsview,https://www.instagram.com/fsview/,8290,@FSView,https://twitter.com/FSView,@fsview,https://www.facebook.com/fsview/,,,,,,,,,
Fort Lewis College,CO,The Independent,https://www.theindyonline.com,https://www.theindyonline.com/about/letter-from-the-editor,,37.27369,-107.8711817,@independentflc,https://www.instagram.com/independentflc/,1121,,,@TheIndependentflc,https://www.facebook.com/TheIndependentflc/,,,,,,,,,
Georgia State University,GA,The Signal,https://georgiastatesignal.com,https://georgiastatesignal.com/about/,,33.753068,-84.3852819,@signalgsu,https://www.instagram.com/signalgsu/,2737,@signalgsu,https://twitter.com/signalgsu,@gsusignal,https://www.facebook.com/gsusignal/,,,,,,,,,
Grand View University,IA,Viewfinder,https://www.viewfindergv.com,https://www.viewfindergv.com/?page_id=95,,41.6205748,-93.6005214,Not found,,,,,,,,,,,,,,,
Gustavus Adolphus College,MN,The Gustavian Weekly,https://weekly.blog.gustavus.edu,"https://weekly.blog.gustavus.edu/staff/, https://weekly.blog.gustavus.edu/about/contact/",,44.323803,-93.9757881,@gustavianweekly,https://www.instagram.com/gustavianweekly/,125,,,@gustavianweekly,https://www.facebook.com/gustavianweekly/,,,,,,,,,
Hastings College,NE,The Collegian,https://hccollegian.net,https://hccollegian.net/meet-the-staff/,,40.5906705,-98.3745939,@hccollegian,https://www.instagram.com/hccollegian/,414,,,,,,,,,,,,,
Henderson State University,AR,Oracle,https://hsuoracle.com/,"https://hsuoracle.com/our-authors/, https://www.facebook.com/hsuoracle/",,34.1299174,-93.0602573,Not found,,,,,,,,,,,,,,,
Illinois State University,IL,The Vidette,https://www.videtteonline.com,https://www.videtteonline.com/site/join_the_vidette.html,,40.5121009,-88.994763,@the_vidette,https://www.instagram.com/the_vidette/,2311,@The_Vidette,https://twitter.com/The_Vidette,,,,,,,,,,,
Indiana University Southeast,IN,The Horizon,https://iushorizon.com,https://iushorizon.com/about/,,38.3439996,-85.8198577,@iushorizon,https://www.instagram.com/iushorizon/,507,,,@iushorizon,https://www.facebook.com/iushorizon/,,,,,,,,,
Johnson County Community College,KS,The Campus Ledger,https://blogs.jccc.edu/campusledger/,https://blogs.jccc.edu/campusledger/staff/,,38.9237863,-94.7306238,@themessenger.jccc,https://www.instagram.com/themessenger.jccc/,296,,,,,,,,,,,,,
Kilgore College,TX,The Flare,,https://www.facebook.com/theflareonline/,No other info or website found,32.3785259,-94.8722575,Not found,,,,,,,,,,,,,,,
La Salle University,PA,La Salle Collegian,https://thelasallecollegian.com/news/,https://thelasallecollegian.com/contact-the-collegian/,,40.0390398,-75.1558184,@lsucollegian,https://www.instagram.com/lsucollegian/,386,@TheLSUCollegian,https://twitter.com/TheLSUCollegian,@LaSalleCollegian,https://www.facebook.com/LaSalleCollegian/,,,,,,,,,
Lamar University,TX,University Press,https://www.lamaruniversitypress.com,https://www.lamaruniversitypress.com/contact.php,,30.0415251,-94.0754905,@uplamar,https://www.instagram.com/uplamar/,1430,@UPLamar,https://twitter.com/UPLamar,@UPLamar,https://www.facebook.com/UPLamar/,,,,,,,,,
Lander University,SC,The Lander Forum,https://www.lander.edu/academics/_files/documents/dept-english/March-2025-Forum-b.pdf,"https://www.lander.edu/academics/colleges-schools/college-arts-humanities/student-media.html, https://www.facebook.com/luforum16/, https://www.lander.edu/directory/profiles/robert-stevenson.html",,34.1994849,-82.1667332,Not found,,,,,,,,,,,,,,,
Las Positas College,CA,The Express,https://lpcexpressnews.com/,https://www.facebook.com/LPCJams/,,37.710488,-121.8001828,@lpcexpressnews,https://www.instagram.com/lpcexpressnews/,237,,,,,,,,,,,,,
Lasell University,MA,1851 Chronicle,https://www.1851chronicle.org/,https://www.1851chronicle.org/contact-1,,42.342477,-71.2448799,@1851chronicle,https://www.instagram.com/1851chronicle/,722,@1851Chronicle,https://twitter.com/1851chronicle,,,,,,,,,,,
Marquette University,WI,Marquette Wire,https://marquettewire.org,https://marquettewire.org/about-us/contact-us/,,43.0386955,-87.931014,@mu_wire,https://www.instagram.com/mu_wire/,3578,,,,,,,,,,,,,
Marymount Manhattan College,NY,The Monitor,https://themonitormmc.com,"https://www.mmm.edu/the-monitor/the-monitor-staff/, https://themonitormmc.com/staff/, https://www.mmm.edu/live/profiles/2745-tatiana-serafin",,40.7687419,-73.9597198,@mmcthemonitor,https://www.instagram.com/mmcthemonitor/,731,@mmcthemonitor,https://twitter.com/mmcthemonitor,@MMCsthemonitor,https://www.facebook.com/MMCsthemonitor/,,,,,,,,,
Middle Tennessee State University,TN,Sidelines,https://mtsusidelines.com,https://mtsusidelines.com/contact-sidelines/,,35.8486229,-86.3669155,@mtsusidelines,https://www.instagram.com/mtsusidelines/,4318,@mtsusidelines,https://twitter.com/mtsusidelines,@MTSUSidelines,https://www.facebook.com/MTSUSidelines/,,,,,,,,,
Millsaps College,MS,The Purple and White,https://millsapspandw.wordpress.com,https://millsapspandw.wordpress.com/staff/,,32.3223479,-90.1780014,Not found,,,@millsapsPW,https://twitter.com/millsapsPW,@thepurpleandwhite,https://www.facebook.com/thepurpleandwhite/,,,,,,,,,
Morgan State University,MD,The Spokesman,https://themsuspokesman.com,https://themsuspokesman.com/staff-2/?schoolyear=2024-2025,,39.3437959,-76.5843847,@msuspokesman,https://www.instagram.com/msuspokesman/,1984,,,@msuspokesman,https://www.facebook.com/msuspokesman/,,,,,,,,,
New College of Florida,FL,Catalyst,https://ncfcatalyst.com/,https://ncfcatalyst.com/staff-profiles/,,27.3849617,-82.5639597,@ncfcatalyst,https://www.instagram.com/ncfcatalyst/,414,@ncfcatalyst,https://twitter.com/ncfcatalyst,@ncfcatalyst,https://www.facebook.com/ncfcatalyst/,,,,,,,,,
New Jersey City University,NJ,The Gothic Times,https://gothictimes.net,https://gothictimes.net/gt-staff/,,40.709657,-74.0876226,@thegothictimes,https://www.instagram.com/thegothictimes/,1219,@TheGothicTimes,https://twitter.com/TheGothicTimes,,,,,,,,,,,
Nicholls State University,LA,The Nicholls Worth,https://thenichollsworth.com/the-nicholls-worth/,https://thenichollsworth.com/advertise/#,,29.7903032,-90.8028911,@thenichollsworth,https://www.instagram.com/thenichollsworth/,1591,@NichollsWorth,https://twitter.com/NichollsWorth,,,,,,,,,,,
Northwestern Oklahoma State University,OK,Ranger Pulse,https://northwesternnews.rangerpulse.com,https://northwesternnews.rangerpulse.com/about-2/,,36.7966974,-98.6682949,Not found,,,,,,,,,,,,,,,
Ohio Wesleyan University,OH,The Transcript,https://owutranscript.com,https://owutranscript.com/about-us/staff/,New website not working,40.2965764,-83.0710078,@transcriptowu,https://www.instagram.com/transcriptowu/,693,,,,,,,,,,,,,
Otterbein University,OH,T&C Media,https://www.tandcmedia.org,https://www.tandcmedia.org/page/about,,40.1268746,-82.9371852,@tandcmedia,https://www.instagram.com/tandcmedia/,593,@TandC_Media,https://twitter.com/TandC_Media,@tandcmediaotterbein,https://www.facebook.com/tandcmediaotterbein/,,,,,,,,,
Pace University,NY,The Pace Press,https://thepacepress.org/,https://thepacepress.org/about-us/,,40.7112562,-74.0051758,@thepacepress,https://www.instagram.com/thepacepress/,1226,,,@thepacepress,https://www.facebook.com/thepacepress/,,,,,,,,,
Pierce College Fort Steilacoom,WA,Puyallup Post,https://puyalluppost.com/ ,https://puyalluppost.com/contact-us/  ,,47.1714455,-122.5714641,@thepuyalluppost,https://www.instagram.com/thepuyalluppost/,,@thepuyalluppost,https://twitter.com/thepuyalluppost,@thepuyalluppost,https://www.facebook.com/thepuyalluppost/,,,,,,,,,
Rollins College,FL,The Sandspur,https://www.thesandspur.org," https://www.thesandspur.org/contact-us-2/, https://www.facebook.com/thesandspur/, https://www.lesliekemppoole.com/contact",,28.5927153,-81.3485013,@thesandspur,https://www.instagram.com/thesandspur/,1026,,,@thesandspur,https://www.facebook.com/thesandspur/,,,,,,,,,
Siena Heights University,MI,Spectra,https://www.shuspectra.com,https://www.shuspectra.com/contact-us/,,41.9046111,-84.0162617,@student_spectra,https://www.instagram.com/student_spectra/,350,@SHUspectra,https://twitter.com/SHUspectra,,,,,,,,,,,
Southeast Missouri State University,MO,Arrow,https://www.southeastarrow.com,https://www.southeastarrow.com/contact-us,,37.3148783,-89.5280438,@southeastarrow,https://www.instagram.com/southeastarrow/,2968,,,@SoutheastArrow,https://www.facebook.com/SoutheastArrow/,,,,,,,,,
Stillman College,AL,The Advance,https://stillmannews.wordpress.com,https://stillmannews.wordpress.com/contact-us/,,33.1982647,-87.5859218,Not found,,,,,,,,,,,,,,,
Stonehill College,MA,The Summit News,https://www.summitnews.org,"https://www.summitnews.org/contact, https://www.summitnews.org/staff",,42.0581053,-71.080913,@thesummitnews,https://www.instagram.com/thesummitnews/,1196,@TheSUMMITnews,https://twitter.com/TheSUMMITnews,@StonehillTheSummitNews,https://www.facebook.com/StonehillTheSummitNews/,,,,,,,,,
Tallahassee State College,FL,The Talon,https://tcctalon.com,https://www.tsc.fl.edu/student-life/arts-and-culture/the-talon-newspaper/,,30.4438624,-84.3389698,@tcctalon,https://www.instagram.com/tcctalon/,,@tcctalon,https://twitter.com/tcctalon,@tcctalon,https://www.facebook.com/tcctalon/,,,,,,,,,
Temple University,PA,Temple News,https://temple-news.com/,https://temple-news.com/staff-list/,,39.9811911,-75.1553563,@thetemplenews,https://www.instagram.com/thetemplenews/,11634,,,,,,,,,,,,,
Tennessee Tech University,TN,The Oracle,https://www.tntechoracle.com,"https://www.tntech.edu/cis/communication/oracle.php, https://www.tntechoracle.com/contact-us/, https://www.facebook.com/tntechoracle",,36.1763138,-85.5091086,@tntechoracle,https://www.instagram.com/tntechoracle/,907,@tntechoracle,https://twitter.com/tntechoracle,@tntechoracle,https://www.facebook.com/tntechoracle/,,,,,,,,,
Texas A&M University-Kingsville,TX,The South Texan,https://thesouthtexan.com,"https://thesouthtexan.com/index.php/about-us/, https://thesouthtexan.com/index.php/contact/",,27.5269111,-97.884787,@thesouthtexan,https://www.instagram.com/thesouthtexan/,1319,,,@thesouthtexan,https://www.facebook.com/thesouthtexan/,,,,,,,,,
Trevecca Nazarene University,TN,TrevEchoes,https://trevechoesonline.com,https://trevechoesonline.com/contact/,,36.1425256,-86.7532686,@trevechoes,https://www.instagram.com/trevechoes/,842,,,,,,,,,,,,,
University of California-Merced,CA,The Prodigy,https://blogs.ucmerced.edu/prodigy/,https://www.facebook.com/theprodigynews/,,37.3647584,-120.4260375,@ucmprodigy,https://www.instagram.com/ucmprodigy/,,,,@theprodigynews,https://www.facebook.com/theprodigynews/,,,,,,,,,
University of Hawai'i-West O'ahu,HI,The Hoot,https://issuu.com/uhwothehoot,https://myuh.hawaii.edu/task/westoahu/thehoot,,21.2973159,-157.8199094,Not found,,,,,,,,,,,,,,,
University of Idaho,ID,The Argonaut,https://www.uiargonaut.com  ,https://www.uiargonaut.com/about/staff/,,46.7288124,-117.0126084,@uiargonaut,https://www.instagram.com/uiargonaut/,2803,@uiargonaut,https://twitter.com/uiargonaut,@uiargonaut,https://www.facebook.com/uiargonaut/,,,,,,,,,
University of Memphis,TN,The Daily Helmsman,https://www.dailyhelmsman.com,"https://www.facebook.com/dailyhelmsman, https://www.dailyhelmsman.com",,35.119881,-89.9374519,@thedailyhelmsman,https://www.instagram.com/thedailyhelmsman/,859,@DailyHelmsman,https://twitter.com/DailyHelmsman,@dailyhelmsman,https://www.facebook.com/dailyhelmsman/,,,,,,,,,
University of North Carolina at Pembroke,NC,The Pine Needle,https://pineneedle.news,https://pineneedle.news/about-us/,,34.6899339,-79.2005823,@uncp_pineneedle,https://www.instagram.com/uncp_pineneedle/,729,,,,,,,,,,,,,
University of Northwestern-St. Paul,MN,The Northwestern Examiner,,https://www.facebook.com/unwexaminer/,In print only,45.031563,-93.168573,Not found,,,,,@unwexaminer,https://www.facebook.com/unwexaminer/,,,,,,,,,
University of South Alabama,AL,The Vanguard,https://jagmedia.org/the-vanguard/,https://www.facebook.com/TheVanguardUSA/,,30.6959406,-88.184236,@usathevanguard,https://www.instagram.com/usathevanguard/,1206,@TheVanguardUSA,https://twitter.com/TheVanguardUSA,@TheVanguardUSA,https://www.facebook.com/TheVanguardUSA/,,,,,,,,,
University of Tennessee-Chattanooga,TN,The University Echo,https://www.theutcecho.com,https://www.theutcecho.com/site/contact.html,,35.0458509,-85.2953072,@utc_echo,https://www.instagram.com/utc_echo/,2007,@UTC_Echo,https://twitter.com/UTC_Echo,@UTCEcho,https://www.facebook.com/UTCEcho/,,,,,,,,,
University of Tennessee-Knoxville,TN,The Daily Beacon,https://www.utdailybeacon.com/  ,https://www.utdailybeacon.com/site/contact.html ,,35.9489531,-83.9374226,@utkdailybeacon,https://www.instagram.com/utkdailybeacon/,15787,@UTKDailyBeacon,https://twitter.com/UTKDailyBeacon,@UTKDailyBeacon,https://www.facebook.com/UTKDailyBeacon/,,,,,,,,,
University of Utah,UT,The Daily Utah Chronicle,https://dailyutahchronicle.com/news/,https://dailyutahchronicle.com/contact/,,40.7649368,-111.8421021,@thechrony,https://www.instagram.com/thechrony/,2926,,,@TheChrony,https://www.facebook.com/TheChrony/,,,,,,,,,
University of West Georgia,GA,The West Georgian,https://thewestgeorgian.com,https://www.facebook.com/TheWestGeorgian/,,33.575346,-85.1041219,@the_westgeorgian,https://www.instagram.com/the_westgeorgian/,467,,,@TheWestGeorgian,https://www.facebook.com/TheWestGeorgian/,,,,,,,,,
University of Wisconsin-La Crosse,WI,The Racquet Press,https://theracquet.org,https://theracquet.org/contact-us/,,43.8159885,-91.2311533,@theracquetpress,https://www.instagram.com/theracquetpress/,1923,@theracquetpress,https://twitter.com/theracquetpress,@theracquetpress,https://www.facebook.com/theracquetpress/,,,,,,,,,
Ursinus College,PA,The Grizzly,https://ursinusgrizzly.com,https://ursinusgrizzly.com/our-staff/,,40.1939677,-75.4563232,@ursinusgrizzly,https://www.instagram.com/ursinusgrizzly/,917,,,,,,,,,,,,,
Volunteer State Community College,TN,The Pioneer Press,https://pioneerpress.online/,https://www.facebook.com/VolStateSettler/,,36.362364,-86.497263,@settleronline,https://www.instagram.com/settleronline/,,@TheSettler,https://twitter.com/TheSettler,@VolStateSettler,https://www.facebook.com/VolStateSettler/,,,,,,,,,
Wabash College,IN,The Bachelor,https://bachelor.wabash.edu,https://bachelor.wabash.edu/about-us/,,40.0369332,-86.9066712,@bachelorwabash,https://www.instagram.com/bachelorwabash/,1375,,,,,,,,,,,,,
Wayne State University,MI,The South End,https://www.thesouthend.wayne.edu,https://www.thesouthend.wayne.edu/staff/,,42.3591388,-83.0665462,@thesouthendwsu,https://www.instagram.com/thesouthendwsu/,6047,@TheSouthEndWSU,https://twitter.com/TheSouthEndWSU,@thesouthendwsu,https://www.facebook.com/thesouthendwsu/,,,,,,,,,
Wesley College,DE,The Whetstone,https://whetstone.victorgreto.art,https://thewhetstone.wordpress.com/contact-us/,THIS COLLEGE IS CLOSED,39.163227,-75.527717,@whetstonewesley,https://www.instagram.com/whetstonewesley/,132,@WhetstoneWesley,https://twitter.com/WhetstoneWesley,@WhetstoneWesley,https://www.facebook.com/WhetstoneWesley/,,,,,,,,,
Western Kentucky University,KY,College Heights Herald,https://wkuherald.com/,"https://wkuherald.com/contact-us/, https://www.wku.edu/studentpublications/staff/chuck_clark",,36.9847167,-86.456,@wkuherald,https://www.instagram.com/wkuherald/,7345,@wkuherald,https://twitter.com/wkuherald,,,,,,,,,,,
Westminster College,MO,The Columns,https://westminstercolumns.wordpress.com,https://westminstercolumns.wordpress.com/about/,,41.119859,-80.332286,@westminstercolumns,https://www.instagram.com/westminstercolumns/,156,@westmocolumns,https://twitter.com/westmocolumns,,,,,,,,,,,
Whittier College,CA,The Quaker Campus,"https://medium.com/the-quaker-campus/latest, https://thequakercampus.org",https://www.whittier.edu/ose/media,,33.9780911,-118.029587,@quakercampus,https://www.instagram.com/quakercampus/,881,@quakercampus,https://twitter.com/quakercampus,@QuakerCampusNewspaper,https://www.facebook.com/QuakerCampusNewspaper/,,,,,,,,,
Winthrop University,SC,The Johnsonian,https://mytjnow.com,"https://mytjnow.com/about-us/, https://www.facebook.com/thejohnsonian",,34.9394013,-81.031997,@thejohnsonian,https://www.instagram.com/thejohnsonian/,1601,@TheJohnsonian,https://twitter.com/TheJohnsonian,,,,,,,,,,,
Wittenberg University,OH,The Wittenberg Torch,https://www.wittenbergtorch.com,https://www.facebook.com/thewittenbergtorch/,,39.9350689,-83.8139097,@wittenbergtorch,https://www.instagram.com/wittenbergtorch/,408,,,@thewittenbergtorch,https://www.facebook.com/thewittenbergtorch/,,,,,,,,,
