College/University,State,Name of Outlet,URL of Outlet,Contact page,Notes,LAT,LONG
Abilene Christian University,TX,The Optimist,https://acuoptimist.com,"https://acuoptimist.com/about/staff-contacts/, https://acu.edu/faculty/kenneth-r-pybus/",,32.4700922,-99.7080103
Adams State University,CO,The Paw Print,https://blogs.adams.edu/thepawprint/ or https://asupawprint.wixsite.com/thepawprint,"https://blogs.adams.edu/thepawprint/staff/, https://www.adams.edu/academics/undergraduate/communication/faculty/",,37.4742771,-105.8798507
Adelphi University,NY,The Delphian,https://www.thedelphianau.com,https://www.adelphi.edu/brand/media-experts/communications-media-journalism/,,40.7200034,-73.6521126
Agnes Scott College,GA,The Profile,https://ascprofile.com,https://ascprofile.com/about/,,33.7685056,-84.2945346
Alabama State University,AL,The Hornet Tribune,https://asuhornettribune.com/?full-site,"https://asuhornettribune.com/editorial-and-reportorial/, https://asuhornettribune.com/about/professional-staff/",,32.3626319,-86.2934411
Albion College,MI,The Albion Pleid,https://albionpleiad.com,https://albionpleiad.com/about/,,42.2440064,-84.7451775
Allegheny College,PA,The Campus,https://alleghenycampus.com,https://alleghenycampus.com/about/,,41.6484557,-80.1455328
Amarillo College,TX,The Ranger,https://acranger.com,https://acranger.com/contact-us/ranger-staff/,,35.1877711,-101.8482546
American International College,MA,AIC Yellow Jacket,https://aicyellowjacket.com/category/news/,https://aicyellowjacket.com/staff/,No stories in 2025,42.1127164,-72.5584133
American River College,CA,The Current,https://www.arcurrent.com/,https://www.arcurrent.com/staff/,,38.6511479,-121.3467327
American University,D.C.,The Eagle,https://www.theeagleonline.com,https://www.theeagleonline.com/page/contact,,38.9380155,-77.088922
Amherst College,MA,Amherst Student,https://www.amherststudent.com,https://amherststudent.amherst.edu/about-us.html,,42.3709104,-72.5170028
Anderson University,SC,The Andersonian,https://andersonian.com,https://andersonian.com/contact/,,34.5146119,-82.6394798
Andrews University,MI,Student Movement,https://digitalcommons.andrews.edu/sm/,"https://digitalcommons.andrews.edu/cgi/viewcontent.cgi?article=1021&context=sm-109, https://www.andrews.edu/cas/vacd/faculty/kaara-harris.html",,41.9647534,-86.359918
Angelo State University,TX,Ram Page,https://www.asurampage.com,https://www.asurampage.com/site/contact.html,,31.438198,-100.4589922
Anne Arundel Community College,MD,Campus Current,https://www.thecampuscurrent.com/,https://www.thecampuscurrent.com/staff_name/sharon-omalley/,,39.05013,-76.5139672
Appalachian State University,NC,The Appalachian,"The Appalachian Weekly News, https://theappalachianonline.com/broadcast/awn/",https://theappalachianonline.com/staff/,,36.2135628,-81.6843218
Aquinas College,MI,The Saint,https://thesaintaq.com,"https://thesaintaq.com/about/, https://www.aquinas.edu/faculty-staff/daniel-brooks.html",,42.9606096,-85.6263247
Arapahoe Community College,CO,Arapahoe Pinnacle,https://arapahoenews.com,"https://arapahoenews.com/staff, https://arapahoenews.com/contact-us/",,39.6080683,-105.0188452
Arizona State University,AZ,The State Press,https://www.statepress.com,https://www.statepress.com/page/about,,33.4229975,-111.9278306
Arkansas State University,AR,The Herald,https://astatetheherald.com,"https://www.facebook.com/astateherald/, https://astatetheherald.com/contact/",,35.8428473,-90.6770179
Arkansas Tech University,AR,The Arka Tech,http://www.arkatechnews.com/,,,35.2937888,-93.1361472
Asbury University,KY,The Asbury Collegian,https://www.theasburycollegian.com/category/news/, https://www.theasburycollegian.com/our-staff/,,37.8641922,-84.6657662
Ashland University,OH,The Collegian,https://ashland-collegian.com,"https://ashland-collegian.com/contact-us/, https://www.ashland.edu/faculty/kelly-meyer-ma",,40.8617571,-82.3231533
Assumption College,MA,Le Provocateur,https://www.leprovoc.com/,https://www.leprovoc.com/staff/,,42.2943228,-71.8291592
Atlantic Cape Community College,NJ,Atlantic Cape Review,https://www.atlanticcape.edu/student-life/student-engagement/atlantic-cape-review.php,https://atlantic.campusgroups.com/acr/home/,,39.4614681,-74.6811865
Auburn University,AL,The Auburn Plainsman,https://www.theplainsman.com ,https://www.theplainsman.com/page/contact-us,,32.6047841,-85.4852488
Auburn University at Montgomery,AL,Aumnibus,https://www.aum.edu/clubs/aumnibus/,https://www.aum.edu/directory/,,32.3700064,-86.1777278
Augsburg University,MN,Echo Student Newspaper,https://augsburgecho.com,https://augsburgecho.com/ourstaff/,,44.9656373,-93.2406448
Augusta University,GA,The Bellringer,https://www.aubellringer.com  ,https://www.aubellringer.com/about-us,,33.4709094,-81.9898848
Augustana College,IL,Augustana Observer,https://augustanaobserver.com,https://augustanaobserver.com/contact-us-2/,,41.5030042,-90.5513921
Augustana University,SD,The Augustana Mirror,https://www.augiemirror.news,https://www.augiemirror.news/about/,,43.5224294,-96.7393636
Austin College,TX,The AC Observer,https://acmagazine.austincollege.edu,https://www.austincollege.edu/communications,,33.6479423,-96.5954308
Austin Community College,TX,Accent,https://sites.austincc.edu/accent/,https://sites.austincc.edu/accent/about-us/,,30.2150835,-97.7964636
Austin Peay State University,TN,The All State,http://www.theallstate.org/,http://theallstate.org/contact/,,36.53498,-87.3548855
Averett University,VA,The Chanticleer,https://averettstudentnews.org/,"https://averettstudentnews.org/staff/, https://www.facebook.com/chanticleernews/",,36.5793099,-79.4142589
Azusa Pacific University,CA,ZU Media,https://zunews.com,https://zunews.com/contact/,,34.1300755,-117.8883593
Baker University,AS,The Baker Orange,https://thebakerorange.com  ,https://thebakerorange.com/contact-2/,,38.7790521,-95.1893687
Bakersfield College,CA,The Renegade Rip,https://www.therip.com,"https://www.therip.com/staff/, https://www.therip.com/about-us/",,35.4083127,-118.9716398
Baldwin Wallace University,OH,The Exponent,https://bwexponent.com,https://bwexponent.com/contact/,,41.3711165,-81.8478088
Ball State University,IN,Ball State Daily News,https://www.ballstatedaily.com,https://www.ballstatedaily.com/page/daily-contact,,40.2024944,-85.4058241
Barnard College,NY,The Barnard Bulletin,https://www.thebarnardbulletin.com,https://www.thebarnardbulletin.com/about,,40.8095133,-73.9633969
Barry University,FL,The Buccaneer,https://www.thebuc.org,https://www.thebuc.org/staff,,25.8787587,-80.1969373
Bates College,ME,The Bates Student,https://thebatesstudent.com,https://thebatesstudent.com/contact-us/,,44.1057216,-70.2021865
Bay Path University,MA,Network News: Student Newsroom,https://www.baypath.edu/news/bay-path-student-newsroom-and-network-news/,https://simplebooklet.com/networknewsmarchapril2025issue#page=3,,42.0555615,-72.5838321
Baylor University,TX,Baylor Lariat,https://baylorlariat.com,"https://baylorlariat.com/spring-2025-staff-page/, https://www.facebook.com/baylorlariat/",,31.5500848,-97.11354
Bellevue College,WA,The Watchdog,https://thewatchdogonline.com,https://thewatchdogonline.com/contact,,47.5843272,-122.1481496
Belmont Abbey College,NC,The Crusader,https://belmontabbeycollege.edu/campus-life/clubs-organizations/crusader/,https://belmontabbeycollege.edu/campus-life/clubs-organizations/crusader/,,35.261177,-81.0445117
Belmont University,TN,Belmont Vision,https://www.belmontvision.com,https://www.belmontvision.com/about,,36.1329081,-86.7941702
Beloit College,WI,The Round Table,https://roundtable.beloit.edu,https://roundtable.beloit.edu/about/,,42.5030333,-89.0309048
Benedictine College,KS,The Circuit,https://bccircuit.com,https://bccircuit.com/staff/,,39.5748081,-95.1123761
Benedictine University,IL,The Candor,https://thecandor.wordpress.com,https://thecandor.wordpress.com/about-us/,,41.7784418,-88.0952683
Bergen Community College,NJ,The Torch,http://bergentorch.org,"https://bergentorch.org/about-us/, https://bergen.edu/academics/academic-divisions-departments/english-department/our-ebs-faculty/michael-berkowitz/",,40.9508752,-74.0881824
Berry College,GA,Campus Carrier,https://vikingfusion.com/category/news/,https://vikingfusion.com/campus-carrier/,,34.2888488,-85.1873397
Bethany College,WV,The Tower,https://www.toweronline.net,https://www.facebook.com/bctower/,,40.206055,-80.559834
Bethany Lutheran College,MN,The Scroll,https://blcscroll.wordpress.com,https://www.facebook.com/BLCStudentPublications,,44.1667525,-93.9912987
Bethel College,KS,The Collegian,https://collegian.bethelks.edu,https://collegian.bethelks.edu/about,,38.0747258,-97.342568
Bethel University,MN,The Clarion, https://bethelclarion.com/,https://thebuclarion.com/staff/,,45.0582445,-93.1621869
Bethune-Cookman University,FL,Voice of the Wildcats,https://issuu.com/voiceofthewildcats,https://www.cookman.edu/directory/whitneyv/index.html,,29.2109815,-81.0314411
Binghamton University,NY,Pipe Dream,https://www.bupipedream.com/,,,42.0971204,-75.9116546
Biola University,CA,The Chimes,https://chimesnewspaper.com,https://chimesnewspaper.com/staff/,,33.9062611,-118.0155533
Bismarck State College,ND,The Mystician,https://www.bscmysticmedia.com/_files/ugd/628cb3_dd4ada1387d449caa29a24777712f526.pdf,https://www.bscmysticmedia.com/_files/ugd/628cb3_dd4ada1387d449caa29a24777712f526.pdf,,46.8210069,-100.8160702
Black Hills State University,SD,Jacket Journal,https://www.bhsumedia.com/jacket-journal/,https://www.bhsumedia.com/meet-the-team/,,44.4993591,-103.8722763
Bloomsburg University,PA,The Voice,https://buvoice.com,https://buvoice.com/staff/,,41.0081119,-76.4472749
Blue Mountain College,MS,The Beacon,https://www.bmcbeacon.com  ,https://www.bmcbeacon.com/contact,,34.6721036,-89.0293182
Bluefield State University,WV,The Rampage ,https://burampage.com,https://burampage.com/about/,,37.2661675,-81.2384097
Bluefield University,VA,The Rampage,https://burampage.com,https://burampage.com/about/,,37.244538,-81.246277
Bluffton University,OH,The Witmarsum,https://blufftonwit.com,https://www.bluffton.edu/com/faculty.aspx,,40.8967469,-83.8992015
Bob Jones University,SC,The Collegian,https://collegianonline.com,https://collegianonline.com/staff/,,34.8725832,-82.3624705
Boise State University,ID,The Arbiter,https://arbiteronline.com,https://arbiteronline.com/our-staff/,,43.6023364,-116.2009765
Boston College,MA,The Heights,https://www.bcheights.com,https://www.bcheights.com/contact/,,42.3355488,-71.1684945
Boston University,MA,The Daily Free Press,https://dailyfreepress.com/,https://dailyfreepress.com/contact/,,42.3504997,-71.1053991
Boston University-Fenway Campus,MA,The Daily Free Press,https://dailyfreepress.com/,https://dailyfreepress.com/contact/,,42.3418153,-71.106524
Bowdoin College,ME,The Bowdoin Orient,https://bowdoinorient.com  ,https://bowdoinorient.com/contact/  ,,43.9076929,-69.9639971
Bowie State University,MD,The Spectrum,https://thebsuspectrum.com/,,,39.0192706,-76.7593488
Bowling Green State University,OH,Falcon Media,https://bgfalconmedia.com/#google_vignette,https://bgfalconmedia.com/staff/,,41.3796927,-83.6300592
Bradley University,IL,The Bradley Scout,http://www.bradleyscout.com ,https://www.bradleyscout.com/write-to-the-editor/  ,,40.6977743,-89.6153484
Brandeis University,MA,The Justice,https://www.thejustice.org/page/archives,https://www.thejustice.org/page/staff,,42.365357,-71.2586437
Brandman University,CA,The Panther,https://www.thepanthernewspaper.org/,,,33.5827864,-117.7276826
Brevard College,NC,The Clarion,https://my.brevard.edu/ICS/icsfs/mm/clarion_90_26_20250418w.pdf?target=65e64a97-0cc3-4363-b74b-357b6e94d03c,"https://my.brevard.edu/ICS/icsfs/mm/clarion_90_26_20250418w.pdf?target=65e64a97-0cc3-4363-b74b-357b6e94d03c, https://brevard.edu/?bc_faculty=padgett-john",,35.2367409,-82.7294959
Bridgewater College,VA,BC Voice,https://bcvoice.org,https://bcvoice.org/staff/,,38.3789125,-78.969416
Bridgewater State University,MA,The Comment,https://commentbsu.com,https://commentbsu.com/contact/,,41.9888434,-70.9662576
Brigham Young University,UT,The Daily Universe,https://universe.byu.edu/,https://universe.byu.edu/chiara-lavine,,40.2518435,-111.6493156
Brigham Young University-Hawaii,HI,Ke Alaka'i,https://kealakai.byuh.edu,https://kealakai.byuh.edu,,21.6427916,-157.9251929
Brigham Young University-Idaho,ID,The Scroll,https://byuiscroll.org,https://www.facebook.com/byuiscroll,,43.8144643,-111.783255
Bristol Community College,MA,The Hawk,https://bristolthehawk.com,https://bristolthehawk.com/authors-page/,,41.7219199,-71.1193165
Brookdale Community College,NJ,The Current,https://bcccurrent.com,https://bcccurrent.com/staff/,,40.326356,-74.131132
Brookhaven College,TX,The Brookhaven Courier,https://brookhavencourier.com ,https://brookhavencourier.com/contactus/  ,,32.9292511,-96.8500787
Brooklyn College,NY,The Brooklyn College Vanguard,https://www.google.com/search?q=brooklyn+college+student+newspaper&client=safari&sca_esv=335550648f386498&rls=en&sxsrf=AHTn8zqznLwjfGHbv57-KsUBpi6ReZ_kPw%3A1747433532032&ei=PLgnaKnVAfKo5NoP7uuNiAM&oq=brooklyn+college+student+new&gs_lp=Egxnd3Mtd2l6LXNlcnAiHGJyb29rbHluIGNvbGxlZ2Ugc3R1ZGVudCBuZXcqAggAMgsQABiABBiRAhiKBTIGEAAYFhgeMgYQABgWGB4yCxAAGIAEGIYDGIoFMgsQABiABBiGAxiKBTILEAAYgAQYhgMYigUyCxAAGIAEGIYDGIoFMggQABiABBiiBDIIEAAYgAQYogQyBRAAGO8FSKEaUOYBWLMTcAF4AZABAJgBkQGgAcEJqgEDNS43uAEByAEA-AEBmAINoAKcC8ICChAAGLADGNYEGEfCAg0QABiABBiwAxhDGIoFwgIOEAAYsAMY5AIY1gTYAQHCAhMQLhiABBiwAxhDGMgDGIoF2AEBwgIKEAAYgAQYQxiKBcICEBAuGIAEGEMYxwEYigUYrwHCAgoQABiABBgUGIcCwgIFEC4YgATCAgUQABiABMICEBAuGIAEGBQYhwIYxwEYrwHCAhAQLhiABBgUGMcBGIcCGK8BwgILEC4YgAQYxwEYrwGYAwCIBgGQBhO6BgYIARABGAmSBwQyLjExoAfxcLIHBDEuMTG4B-4KwgcGMy0xMS4yyAfBAQ&sclient=gws-wiz-serp,https://vanguard.blog.brooklyn.edu/about-us/,,40.6308935,-73.951458
Broward College,FL,The Observer,https://www.thebrowardcollegeobserver.com,https://www.thebrowardcollegeobserver.com/staff/,,26.0681177,-80.3943067
Brown University,RI,The Brown Daily Herald,https://www.browndailyherald.com ,https://www.browndailyherald.com/page/contact  ,,41.8267718,-71.4025482
Bryan College,TN,The Triangle,https://www.bryantriangle.com,https://www.bryantriangle.com/about-us/,,35.4987044,-84.9983812
Bryant University,RI,Bryant Archway,https://news.bryant.edu,https://www.facebook.com/BryantArchway/,,41.9220919,-71.5377265
Bryn Mawr College,PA,Bi-College News,https://bicollegenews.com,https://bicollegenews.com/about/,,40.0278802,-75.3144595
Bucknell University,PA,The Bucknellian,https://bucknellian.net  ,https://bucknellian.net/about/  ,,40.9547722,-76.8850759
Bucks County Community College,PA,The Centurion,https://www.bucks-news.com/,https://ac.bucks.edu/apps/directory/departments/53/,,40.2390377,-74.967179
Buena Vista University,IA,The Tack,https://bvtack.com/,https://bvtack.com/about-us/,,42.6410428,-95.2097352
Butler University,IN,The Butler Collegian,https://thebutlercollegian.com ,https://thebutlercollegian.com/about-us/ ,,39.8399145,-86.1726021
Butte College,CA,The Roadrunner,https://thebcroadrunner.com,https://thebcroadrunner.com/staff/,,39.6485275,-121.6449417
Cabrini University,PA,The Loquitur,https://issuu.com/loquitur,"https://www.facebook.com/LoquiturMedia/, https://issuu.com/loquitur/docs/2023-24issue10loquitur",,40.0552141,-75.374005
Cairn University,PA,The Scroll,https://scroll.cairn.edu,https://scroll.cairn.edu,,40.1667208,-74.9069734
Calhoun Community College,AL,The Warhawk News,https://warhawknews.calhoun.edu,https://warhawknews.calhoun.edu/staff/,,34.6472597,-86.9500639
California Baptist University,CA,The Banner,https://cbubanner.com  ,https://cbubanner.com/meet-the-staff/  ,,33.9288906,-117.4259155
California Lutheran University,CA,The Echo,https://cluecho.com,"https://cluecho.com/about/, https://cluecho.com/contact/",,34.2256054,-118.8784688
California Polytechnic State University ,CA,Mustang News,https://mustangnews.net,https://mustangnews.net/contact/,,35.302696,-120.666565
California Polytechnic State University Pomona,CA,The Poly Post,https://thepolypost.com,https://thepolypost.com/contact/,,34.0585684,-117.8200304
California Polytechnic State University San Luis Obispo,CA,Mustang News,https://mustangnews.net,https://mustangnews.net/contact/,,35.3050053,-120.6624942
California State University-Bakersfield,CA,The Runner,https://therunneronline.com,https://therunneronline.com/staff/,,35.3486641,-119.1033448
California State University-Channel Islands,CA,CI View News,https://civiewnews.com/,https://civiewnews.com/contact-us/,,34.1620556,-119.043463
California State University-Chico,CA,The Orion,https://theorion.com,https://theorion.com/staff/,,39.7296653,-121.8478871
California State University-Dominguez Hills,CA,The Bulletin,https://www.csudhbulletin.com ,https://www.csudhbulletin.com/about-the-csudh-bulletin/  ,,33.8624581,-118.2544108
California State University-East Bay,CA,The Pioneer,https://thepioneeronline.com,"https://thepioneeronline.com/staff/, https://thepioneeronline.com/contact-us/",,37.6560295,-122.0561984
California State University-Fresno,CA,The Collegian,https://fscollegian.com,https://fscollegian.com/about/,,36.8136777,-119.7461767
California State University-Fullerton,CA,Daily Titan,https://dailytitan.com,https://dailytitan.com/site/contact.html,,33.8823476,-117.8851033
California State University-Long Beach,CA,Daily 49er,https://lbcurrent.com/news/,https://lbcurrent.com/staff/,,33.7838235,-118.1140904
California State University-Long Beach,CA,Long Beach Current,https://lbcurrent.com/news/,https://lbcurrent.com/staff/,,33.7838235,-118.1140904
California State University-Los Angeles,CA,University Times,https://csulauniversitytimes.com,"https://csulauniversitytimes.com/staff/?schoolyear=SPRING%202024, https://www.facebook.com/calstatelaut, https://csulauniversitytimes.com/contact-us/",,34.0663797,-118.1684782
California State University-Monterey Bay,CA,The Lutrinae,https://thelutrinae.com,"https://thelutrinae.com/our-staff/, https://www.facebook.com/thelutrinae/",,36.653712,-121.7989787
California State University-Northridge,CA,Daily Sundial,https://sundial.csun.edu/category/news/,https://sundial.csun.edu/staff/,,34.2406756,-118.5300196
California State University-Sacramento,CA,The State Hornet,https://statehornet.com,"https://statehornet.com/staff/, https://statehornet.com/contact/, https://www.csus.edu/college/arts-letters/communication-studies/meet-us/",,38.560824,-121.423993
California State University-San Bernardino,CA,Coyote Chronicle,https://coyotechronicle.net/,https://www.csusb.edu/communication-media/clubs-organizations/coyote-chronicle,,34.1815133,-117.3229136
California State University-San Marcos,CA,Cougar Chronicle,https://csusmchronicle.com/,"https://csusmchronicle.com/staff/, https://csusmchronicle.com/about-us/",,33.1298249,-117.1586856
California State University-Stanislaus,CA,Signal,https://csusignal.com,"https://csusignal.com/staff/, https://www.facebook.com/csusignal/, https://www.csustan.edu/people/dr-shannon-stevens",,37.5224547,-120.8581045
Calvin University,MI,Chimes,https://calvinchimes.org/,https://calvinchimes.org/contact-us/,,42.9328287,-85.5815475
Camden County College,NJ,Camden County College Times,https://ccctimes.news,,,39.784476,-75.0372035
Campbellsville University,KY,Campus Times,https://thecampustimes.com/,https://thecampustimes.com/about/,,37.3430682,-85.3495885
Capital University,OH,The Chimes,https://cuchimes.com,https://cuchimes.com/about/directory/,,39.9551049,-82.9375379
Carleton College,MN,The Carletonian,https://thecarletonian.com,https://thecarletonian.com/contact/,,44.4613633,-93.1559742
Carnegie Mellon University,PA,The Tartan,https://the-tartan.org,https://the-tartan.org/about/,,40.4432027,-79.9428499
Carroll College,MT,The Prospector,https://ccprospector.com/ ,/https://ccprospector.com/contact/ ,,46.6007369,-112.0386887
Case Western Reserve University,OH,The Observer,https://observer.case.edu,"https://observer.case.edu/staff/?schoolyear=Spring%202024-2025, https://www.facebook.com/cwruobserver/",,41.5043413,-81.6083838
Casper College,WY,Chinook,https://caspercollegechinook.com/,https://caspercollegechinook.com/contact/,,42.8314269,-106.3253118
Castleton University,VT,Castleton Spartan,https://www.castletonspartan.com/,https://www.castletonspartan.com/contact-us/,,43.6067582,-73.1801229
Catawba College,NC,The Pioneer,https://www.catawbapioneer.com,"https://www.catawbapioneer.com/about/2017-staff/, https://www.catawbapioneer.com",,35.6895851,-80.4812386
Cayuga Community College Student newspaper,NY,Collegian,https://www.cayuga-cc.edu/students/student-life/collegian/,,,42.9438003,-76.5435399
Cecil College,MD,Seahawk Squawk,https://seahawksquawk.com,https://seahawksquawk.com/about-us/,,39.6410008,-75.9565297
Cedar Crest College,PA,Crestiad,https://crestiad.wordpress.com/category/news/,https://crestiad.wordpress.com/about/,,40.5859377,-75.5196631
Cedarville University,OH,Cedars,https://cedars.cedarville.edu/,"https://cedars.cedarville.edu/staff/, https://www.facebook.com/cedarsatcu/",,39.7495255,-83.8126462
Centenary College of Louisiana,LA,The Conglomerate,https://www.centenarycongo.com,https://centenarycongo.squarespace.com/about-us,,32.4847432,-93.7321556
Centenary University,NJ,The Cyclone Chronicle,https://www.thecyclonechronicle.com/home,https://www.thecyclonechronicle.com/about-us,,40.8463044,-74.8347005
Central Baptist College,AR,The CBC Tower,https://www.thecbctower.com,https://www.facebook.com/thecbctower,,35.0832302,-92.4450092
Central Michigan University,MI,CM Life,https://www.cm-life.com/section/news,https://www.cm-life.com/page/contact,,43.5822124,-84.7762574
Central Oregon Community College,OR,The Broadside,https://thebroadsideonline.com  ,https://thebroadsideonline.com/about/meet-the-team/  ,,44.0676288,-121.3470916
Central Penn College,PA,Knightly News,https://cpcknightlynews.com,https://cpcknightlynews.com,,40.3049794,-76.9345519
Central State University,OH,The Gold Torch,https://thegoldtorch.wixsite.com/torch,"https://thegoldtorch.wixsite.com/torch/contact, https://www.centralstate.edu/college-humanities-arts-social-sciences-and-education-faculty-and-staff",,39.7169812,-83.8774384
Central Washington University,WA,The Observer,https://cwuobserver.com,"https://cwuobserver.com/staff/, https://cwuobserver.com/contact-us/",,47.0073154,-120.5362805
Century College,MN,The Century Times,https://thecenturytimes.com,"https://thecenturytimes.com/about/staff/, https://www.century.edu/programs/english/",,45.0415998,-92.982072
Cerritos College,CA,Talon Marks,https://www.talonmarks.com/,,,33.886564,-118.0991837
Chadron State College,NE,The Eagle,https://www.csc.edu/student-activities/student-clubs--organizations/eagle-newspaper/,https://www.csc.edu/student-activities/student-clubs--organizations/eagle-newspaper/,,42.8201103,-102.9965438
Chaffey College,CA,The Breeze,https://www.thebreezepaper.com,"https://www.thebreezepaper.com/staff, https://www.thebreezepaper.com/new-page/",,34.1467226,-117.5708601
Chaminade University of Honolulu,HI,Chaminade Silversword,https://thesilversword.com,https://thesilversword.com/about/,,21.2900981,-157.8077454
Champlain College,VT,The Crossover,https://champlaincrossover.org,https://champlaincrossover.org/contact/,,44.4731165,-73.2041352
Chapman University,CA,The Panther,https://www.thepanthernewspaper.org,https://www.thepanthernewspaper.org/staff,,33.7943211,-117.8518422
Chatham University,PA,Communiqué,https://chathamcommunique.com,https://chathamcommunique.com/about-the-communique/,,40.4482032,-79.9242853
Chestnut Hill College,PA,The Griffin,https://medium.com/the-griffin,https://medium.com/the-griffin/about,,40.0853189,-75.2287702
Christopher Newport University,VA,The Captain's Log,https://cnuclog.com,https://cnuclog.com/about/,,37.0639589,-76.4934475
Cisco College,TX,The Wrangler Express,https://www.cisco.edu/student-life/clubs-organizations/wrangler-express,https://www.cisco.edu/student-life/clubs-organizations/wrangler-express,,32.4019284,-98.9840402
Citrus College,CA,The Clarion, http://www.ccclarion.com/,https://www.ccclarion.com/staff-directory/,,34.1333259,-117.8851136
City Colleges of Chicago-Harold Washington,IL,The Herald,https://www.hwctheherald.com,https://www.hwctheherald.com/contact/,,41.8860734,-87.6268475
City Colleges of Chicago-Harry S. Truman,IL,The Uptown Exchange,https://uptownexchange.wordpress.com,https://www.facebook.com/TheUptownExchange,,41.9645334,-87.6590087
Clackamas Community College,OR,The Clackamas Print,https://www.theclackamasprint.net,https://www.theclackamasprint.net/staff/,,45.3222346,-122.5751404
Claremont Harvey Mudd College,CA,The Muddraker,https://themuddraker.org,https://themuddraker.org/about-us/,,34.1060906,-117.7086431
Claremont McKenna College,CA,The Student Life,https://tsl.news,https://tsl.news/about/,,34.1006868,-117.7065073
Claremont Pitzer College,CA,The Claremont Independent,https://www.claremontindependent.com,https://www.claremontindependent.com/copy-of-about,,34.1042832,-117.7050738
Claremont Pomona College,CA,The Claremont Independent,https://www.claremontindependent.com,https://www.claremontindependent.com/copy-of-about,,34.0977461,-117.711806
Claremont Scripps College,CA,The Claremont Independent,https://www.claremontindependent.com,https://www.claremontindependent.com/copy-of-about,,34.1039266,-117.7101745
Clarion University,PA,Clarion Call,https://issuu.com/theclarioncall,,,41.2089367,-79.3785631
Clark Atlanta University,GA,The Panther Newspaper,https://www.caupanther1988.com/,https://www.caupanther1988.com/about-1,,33.7515658,-84.4112315
Clark College,WA,The Independent,https://www.facebook.com/ClarkIndyNews/,https://www.facebook.com/ClarkIndyNews/,,45.6349725,-122.6517127
Clark University,MA,The Scarlet,https://thescarlet.org,https://thescarlet.org/contact/,,42.2520353,-71.8245381
Clemson University,SC,The Tiger,https://thetigercu.com,https://thetigercu.com/contact-us/,,34.6834382,-82.8373654
Cleveland State University,OH,The Cauldron,https://csu-cauldron.com,https://csu-cauldron.com/contact/,,41.5027643,-81.674423
Coastal Carolina University,SC,The Chanticleer,https://www.coastal.edu/aboutccu/historytraditions/thechanticleer/,https://chanticleernews.com/staff/,,33.7961194,-79.0136958
Coe College,IA,The Cosmos,https://www.coe.edu/academics/stewart-memorial-library/research-tools-collections/coe-publications/coe-college-cosmos,https://www.coe.edu/academics/stewart-memorial-library/research-tools-collections/coe-publications/coe-college-cosmos,,41.9884409,-91.6589797
Colby College,ME,The Colby Echo,https://colbyecho.news,https://colbyecho.news/meet-the-team/,,44.5638691,-69.6626362
Colgate University,NY,The Colgate Maroon-News,https://thecolgatemaroonnews.com/,https://thecolgatemaroonnews.com/staff/,,42.8155894,-75.5407355
College of Central Florida,FL,The Patriot Press,https://thepatriotpresscf.com,https://thepatriotpresscf.com/contact/,,28.612388,-81.426481
College of DuPage,IL,The Courier,https://codcourier.org/,https://codcourier.org/about/,,41.8411058,-88.0733401
College of Lake County,IL,The Chronicle,https://thechronicleclc.com,https://thechronicleclc.com/about/,,42.354675,-88.0120506
College of Saint Benedict and Saint John's University,MN,The Record,https://csbsjurecord.com,https://csbsjurecord.com/about,,45.560123,-94.3217652
College of Southern Nevada,NV,Coyote Student News,https://coyotestudentnews.com,https://coyotestudentnews.com/about/,,36.0081705,-114.9653903
College of the Holy Cross,MA,The Spire,https://hcspire.com,https://hcspire.com/about/,,42.2392391,-71.8079608
College of the Ozarks,MO,The Outlook,https://www.facebook.com/outlook.cofo/,https://www.facebook.com/outlook.cofo/,,36.6149747,-93.2379407
College of the Sequoias,CA,The Campus Journal,https://thecampusjournal.com,https://thecampusjournal.com/staff-schoolyearfall-2024/,,36.325102,-119.3149754
Colorado Christian University,CO,CougMedia,https://cougmedia.com/category/news/,https://www.facebook.com/CougMedia,,39.7125555,-105.0960017
Colorado College,CO,The Catalyst,https://thecatalystnews.com/,https://thecatalystnews.com/staff/,,38.8491957,-104.8254254
Colorado Mesa University,CO,The Criterion,https://thecrite.com,https://thecrite.com/contact-us/,,39.0804917,-108.5534074
Colorado Northwestern Community College,CO,The Herald Times,https://www.theheraldtimes.com/tag/cncc/,https://www.theheraldtimes.com/advertise/,This was the only email found,40.0808639,-108.7898101
Colorado State University,CO,The Rocky Mountain Collegian,https://collegian.com,https://rmsmc.com/contact-us/,,40.5729432,-105.0848391
Columbia College Chicago,IL,The Columbia Chronicle,https://columbiachronicle.com,https://columbiachronicle.com/contact/,,41.8742327,-87.6248338
Columbia University,NY,Columbia Daily Spectator,https://www.columbiaspectator.com/,https://www.columbiaspectator.com/about-us/#contact,,40.8075355,-73.9625727
Columbus State University,GA,The Uproar,https://uproarcsu.com,"https://uproarcsu.com/who-we-are/, https://uproarcsu.com/contact-us/",,32.5023061,-84.9396502
Community College of Baltimore County,MD,CCBC Connection,http://blog.ccbcmd.edu/connection/,http://blog.ccbcmd.edu/connection/,,39.4881748,-76.6564808
Concordia College,MN,The Concordian,https://theconcordian.org,https://theconcordian.org/contact/,,42.2735517,-83.6827856
Concordia University Chicago,IL,The Spectator,https://spectator.cuchicago.edu,"https://spectator.cuchicago.edu/staff/, https://www.facebook.com/cucspectator/",,41.899594,-87.809547
Concordia University Wisconsin,WI,The Concordia Beacon,https://www.cuw.edu/life/involvement-and-activities/beacon.html,"https://www.cuw.edu/life/involvement-and-activities/beacon.html, https://blog.cuw.edu/whispering-pines-celebrates-50-years-of-faithful-service-and-connection-to-concordia-university-wisconsin/",,43.2541994,-87.915531
Concordia University- St. Paul,MN,The Sword,https://digitalcommons.csp.edu/sword/,"https://digitalcommons.csp.edu/sword/475/, https://www.facebook.com/CSPTheSword/",,44.9490802,-93.156483
Concordia University-Irvine,CA,The Concordia Courier,https://concordiacourier.com,https://concordiacourier.com/about,,33.6539343,-117.8105295
Connecticut College,CT,The College Voice,https://thecollegevoice.org,https://thecollegevoice.org/templates/contact/,,41.3797568,-72.1043429
Contra Costa College,CA,The Advocate,cccadvocate.com ,https://cccadvocate.com/about/,,37.9688909,-122.3400902
Corban University,OR,Hilltop News,https://hilltop.corban.edu,https://hilltop.corban.edu/about-2/meet-the-staff,,44.8838378,-122.9580948
Cornell University,NY,The Cornell Daily Sun,https://www.cornellsun.com,https://www.cornellsun.com/page/contact,,42.4534492,-76.4735027
Corning Community College,NY,The Crier,https://www.corning-cc.edu/the-crier.php,https://www.corning-cc.edu/the-crier.php,,42.117246,-77.0736049
County College of Morris,NJ,Youngtown Edition,https://www.ccm.edu/meet-ccm/campus-life/campus-life-publications/,https://www.facebook.com/YoungtownCCM/,,40.8581737,-74.5814491
Cowley College,KS,The Cowley Press,https://www.cowleycollegemedia.com,https://www.cowleycollegemedia.com/site/contact.html,,37.061329,-97.0419074
Creighton University,NE,Creightonian,https://www.creightonian.com/,https://www.creightonian.com/site/staff.html,,41.2655521,-95.9462807
Crowder College ,MO,Crowder Sentry,https://www.crowdersentry.net/,https://www.facebook.com/csnews.newsnetwork,,36.8149168,-94.3684391
Cuesta College,CA,The Cuestonian,https://cuestonian.com,"https://cuestonian.com/staff/, https://cuestonian.com/contact-us/, https://www.cuesta.edu/academics/divisions/languagecomm/faculty.html",,35.3292499,-120.7400729
Culver-Stockton College,MO,Wildcat Wire,https://wildcatwire.culver.edu,https://wildcatwire.culver.edu/staff/,,40.1282758,-91.5313274
CUNY Baruch College,NY,The Ticker,https://theticker.org,https://theticker.org/about/,,40.7404315,-73.9832252
CUNY Brooklyn College,NY,The Brooklyn College Vanguard,https://vanguard.blog.brooklyn.edu  ,https://vanguard.blog.brooklyn.edu/contact//,,40.6308935,-73.951458
CUNY City College of New York,NY,The Campus,https://www.ccnycampus.org/,https://www.ccnycampus.org/contact,,40.8200471,-73.9492724
CUNY College of Staten Island,NY,The Banner,https://thebannercsi.com,https://thebannercsi.com/contact/,,40.6021807,-74.1503811
CUNY Hunter College,NY,The Hunter Envoy,https://thehunterenvoy.org,https://thehunterenvoy.org/about/,,40.7678398,-73.9645291
CUNY John Jay College of Criminal Justice,NY,John Jay Sentinel,https://johnjaysentinel.com/,,,40.7707237,-73.9892342
CUNY Lehman College,NY,The Meridian,https://www.lehmanmeridian.com,https://www.lehmanmeridian.com/staff,,40.8728933,-73.8945076
CUNY Queens College,NY,The Knight News,https://www.theknightnews.com,https://www.theknightnews.com/staff/,,40.736746,-73.8203195
CUNY York College,NY,Pandora's Box,https://yorkpbnews.net,https://yorkpbnews.net/staff/,,40.7010415,-73.7961103
Cuyahoga Community College,OH,The Voice,http://www.cccvoice.com,http://www.cccvoice.com/about/,,41.4457927,-81.5015183
Cypress College,CA,Cypress Chronicle,https://cychron.cypresscollege.edu/,,,33.8280483,-118.0239221
Daemen College,NY,Daemen Insight,https://insight.daemen.edu/category/news/,"https://insight.daemen.edu/about-us/, https://www.daemen.edu/academics/college-arts-sciences-education/english/our-faculty",,42.9656439,-78.7889211
Dakota State University,SD,The Trojan Times,https://trojan-times.com,"https://trojan-times.com/about/, https://dsu.edu/directory/blessinger-justin.html",,44.0126125,-97.1103618
Dallas College - Brookhaven Campus,TX,The Brookhaven Courier,https://brookhavencourier.com,https://brookhavencourier.com/contactus/,,32.9292511,-96.8500787
Dallas College - Eastfield Campus,TX,The Et Cetera,https://eastfieldnews.com,https://eastfieldnews.com/about-us/,,32.8140043,-96.6608109
Dallas College - North Lake Campus,TX,News-Register,https://nlcnewsregister.com,https://nlcnewsregister.com/about/,,32.8718694,-96.9670894
Dallas College - Richland Campus,TX,Richland Student Media,https://richlandstudentmedia.com,https://richlandstudentmedia.com/staff/,,32.9211773,-96.7284623
Dartmouth College,NH,The Dartmouth,https://www.thedartmouth.com  ,https://www.thedartmouth.com/page/contact  ,,43.7044406,-72.2886934
Davidson College,NC,The Davidsonian,https://thedavidsonian.news/category/news/  ,https://thedavidsonian.news/about/  ,,35.5015528,-80.8423248
Daytona State College,FL,In Motion,https://daytonastateinmotion.com/ ,https://daytonastateinmotion.com/team-members-2024-2025-2/,,29.2016844,-81.0492842
De Anza College,CA,La Voz News,https://lavozdeanza.com/,https://lavozdeanza.com/share-your-voice/,,37.3192806,-122.0447919
Defiance College,OH,The Defender,https://defender.defiance.edu,https://defender.defiance.edu/editors-welcome/,,41.2963026,-84.3598197
Del Mar College,TX,Foghorn News,https://www.foghornnews.comm,https://www.foghornnews.com/our-staff/,,27.7635746,-97.4076327
Delaware State University,DE,The Hornet Newspaper,https://thehornetonline.com,"https://thehornetonline.com/about/, https://www.desu.edu/about/marketing-communications",,39.1859284,-75.543368
Delta College,FL,Delta Collegiate,https://deltacollegiate.org ,https://deltacollegiate.org/about-us/ ,,43.5590084,-83.9858873
Delta State University,MS,The Delta Statement,https://deltastatement.com,"https://deltastatement.com/staff-2/, https://deltastatement.com/contact/",,33.7453784,-90.7354508
Denison University,OH,The Denisonian,https://denisonian.com,https://denisonian.com/about-us/,,40.0735236,-82.5227273
DePaul University,IL,The DePaulia,https://depauliaonline.com,https://www.facebook.com/TheDePaulia/,,41.9241868,-87.6541655
DePauw University,IN,The DePauw,https://thedepauw.com,"https://thedepauw.com/meet-the-team/, https://thedepauw.com/contact-us/",,39.6394252,-86.8634933
Des Moines Area Community College - Akeny  ,IA,The Campus Chronicle,https://campuschroniclenews.com,https://campuschroniclenews.com/staff/,,41.7483226,-93.6004005
Des Moines Area Community College - Boone ,IA,Banner News,https://bannernews.org,"https://bannernews.org/staff/, https://www.boonegov.com/egov/apps/staff/directory.egov?view=detail;id=724",,41.5995632,-93.6275569
Des Moines Area Community College - Urban,IA,Urban Vibe,https://www.urbanvibenews.com/tag/student-newspaper/,https://www.facebook.com/dmaccvibe/,,41.5995632,-93.6275569
Diablo Valley College,CA,The Inquirer,https://www.dvcinquirer.com,https://www.dvcinquirer.com/about/,,37.9686774,-122.0711537
Dickinson College,PA,The Dickinsonian,https://thedickinsonian.com,"https://thedickinsonian.com/staff/, https://thedickinsonian.com/contact-us/",,40.2027461,-77.2008334
Dillard University,LA,Courtboullion,https://ducourtbouillon.com/,https://ducourtbouillon.com/staff/,,29.9971246,-90.0615857
Doane University,NE,Doane Owl,https://doaneline.com/2025/05/06/the-doane-owl-may-6-2025/,"https://doaneline.com/2025/05/06/the-doane-owl-may-6-2025/, https://web.doane.edu/student-organizations/doane-owl",,40.622954,-96.950967
Dominican University,IL,Dominican Star,https://dominicanstar.comm,"https://dominicanstar.com/about/, https://dominicanstar.com/letter-from-the-editor-22/ ",,41.902411,-87.822057
Dordt University,IA,The Dordt Diamond,https://digitalcollections.dordt.edu/dordt_diamond/,"https://digitalcollections.dordt.edu/cgi/viewcontent.cgi?article=1899&context=dordt_diamond, https://www.facebook.com/TheDordtDiamond/, https://www.dordt.edu/people/lee-pitts",,43.0824829,-96.1663608
Drake University,IA,The Times-Delphic,https://timesdelphic.com,"https://timesdelphic.com/about-2/staff/, https://timesdelphic.com/contact/",,41.6030995,-93.6546481
Drew University,NJ,The Drew Acorn,https://thedrewacorn.com,https://thedrewacorn.com/category/news/,,40.7602397,-74.4266389
Drexel University,PA,The Triangle,https://www.thetriangle.org,"https://www.thetriangle.org/staff/, https://www.thetriangle.org/about/",,39.9566127,-75.1899441
Drury University,MO,Drury Mirror,https://drurymirror.orgg,https://www.drury.edu/life-at-drury/get-involved/the-mirror/ ,,37.2202138,-93.2855521
Duke University,NC,The Chronicle,https://www.dukechronicle.com/,https://www.dukechronicle.com/page/contact,,36.0014258,-78.9382286
Duquesne University,PA,The Duquesne Duke,https://duquesneduke.org,"https://duquesneduke.org/theduke-editors/, https://duquesneduke.org/theduke-contact/",,40.4369485,-79.9902576
Earlham College,IN,Earlham Word,https://earlhamword.com,https://earlhamword.com/contact-us/,,39.823941,-84.913241
East Carolina University,NC,The East Carolinian,https://www.piratemedia1.com/theeastcarolinian/,https://www.piratemedia1.com/site/about.html,,35.6068806,-77.3665364
East Central College,MO,ECC Cornerstone,https://ecc-cornerstone.com,https://www.facebook.com/ECCStudentMedia/,,38.4317925,-90.9782362
East Georgia State College,GA,The Hoopee Bird,https://www.ega.edu/current-students/campus-life/student-publications/hoopee-bird.html,https://www.ega.edu/current-students/campus-life/student-publications/hoopee-bird.html,,32.595367,-82.307009
East Los Angeles College ,CA,Campus News,Elaccampusnews.com,Elaccampusnews.com,,34.0414348,-118.1501982
East Stroudsburg University of Pennsylvania,PA,The Stroud Courier,https://thestroudcourier.com,https://www.esu.edu/english/student_publications.cfm,,40.9974693,-75.1727074
East Tennessee State University,TN,East Tennesseean,https://easttennessean.com/#google_vignette,https://easttennessean.com/593-2/,,36.3023954,-82.369853
Eastern Connecticut State University,CT,The Campus Lantern,https://www.thecampuslantern.com,https://www.thecampuslantern.com/contact,,41.7214436,-72.2177527
Eastern Illinois University,IL,Daily Eastern News,https://www.dailyeasternnews.com,https://www.dailyeasternnews.com/staff/,,39.4835612,-88.1752184
Eastern Kentucky University,KY,Eastern Progress,https://www.easternprogress.com ,https://www.easternprogress.com/site/contact_us.html ,,37.7386943,-84.2999687
Eastern Mennonite University,VA,The Weather Vane,https://www.theweathervane.org,https://www.theweathervane.org/contact/,,38.4726203,-78.8773972
Eastern Michigan University,MI,The Eastern Echo,https://www.easternecho.com,https://www.easternecho.com/page/contact,,42.2506803,-83.624089
Eastern New Mexico University,NM,The Chase, https://www.enmuthechaseonline.com/,https://www.facebook.com/ENMUTheChase/,,34.1775401,-103.3477839
Eastern Oregon University,OR,The Voice,https://thevoiceofeou.com,"https://www.facebook.com/eouthevoice/, https://thevoiceofeou.com/features/join-our-team/",,45.3183417,-118.091002
Eastern University,PA,The Waltonian,https://waltonian.eastern.edu,"https://waltonian.eastern.edu/about-us/meet-the-staff/, https://www.eastern.edu/student-life/student-support/academic-resource-center/contact-us, https://www.eastern.edu/Nicole-Markert",,40.0511897,-75.3712811
Eastern Washington University,WA,The Easterner,https://theeasterner.org,"https://theeasterner.org/about/staff/, https://theeasterner.org/about/contact-us/",,47.4906616,-117.5847877
Eastfield College,TX,Et Cetera,https://eastfieldnews.comm,https://eastfieldnews.com/staff/,,32.8140043,-96.6608109
Eckerd College,FL,The Current,https://www.theonlinecurrent.com,https://www.theonlinecurrent.com/site/contact.html,,27.7147317,-82.6864739
Edgewood College,WI,On the Edge,https://otenews.com,https://www.facebook.com/OnTheEdgeNews/,,43.0574735,-89.42167
Edinboro University,PA,The Spectator,https://www.edinboronow.com/Spectator,"https://www.edinboronow.com/about-edinboro-now, https://www.pennwest.edu/about/directory/goh.php",,41.871572,-80.1208028
Edmonds Community College,WA,The Triton Review,https://thetritonreview.com/?full-site,"https://www.edmonds.edu/campus-life/triton-review/, https://www.edmonds.edu/programs-and-degrees/areas-of-study/arts-and-communication/english/faculty/rob-harrill.html",,47.8163839,-122.3266396
El Camino College,CA,The Union,https://eccunion.com/,https://eccunion.com/about/,,33.8842409,-118.3302549
El Paso Community College,TX,Tejano Tribune,https://www.tejanotribune.com,https://www.tejanotribune.com/about,,31.886595,-106.438272
Elgin Community College,IL,The Observer,https://elginobserver.com,https://www.facebook.com/ElginObserver/,,42.0189376,-88.32055
Elizabethtown College,PA,The Etownian,https://etownian.com,https://etownian.com/about/,,40.1493299,-76.5896835
Elmhurst University,IL,The Leader,https://elmhurstleader.com,https://elmhurstleader.com/about/letter-to-the-editor/,,41.8968173,-87.9471525
Elon University,NC,The Pendulum,https://www.elonnewsnetwork.com/staff/the-pendulum,"https://www.elonnewsnetwork.com/page/staff, https://www.elonnewsnetwork.com/page/contact",,36.1018842,-79.5068178
Embry-Riddle Aeronautical University,FL,Horizons Newspaper,https://eaglelife.erau.edu/HORIZONS/blog/issue-12-vol-41/25157/,https://eaglelife.erau.edu/HORIZONS/blog/issue-12-vol-41/25157/,,29.1917102,-81.0501089
Emerson College,MA,The Berkeley Beacon,https://berkeleybeacon.com,https://berkeleybeacon.com/contact/  ,,42.352123,-71.065877
Emmanuel College,MA,The Hub,https://ecthehubcom.wordpress.com,https://ecthehubcom.wordpress.com/meet-our-team/,,42.340944,-71.102685
Emory & Henry College,VA,The Whitetopper,https://whitetopper.weebly.com,"https://whitetopper.weebly.com/about.html, https://www.emoryhenry.edu/live/profiles/447-mark-finney",,36.7725202,-81.8292496
Emory University,GA,The Emory Wheel,https://www.emorywheel.com,https://www.emorywheel.com/page/contact,,33.7973735,-84.3252791
Emporia State University,KS,The Bulletin,https://www.esubulletin.com  ,https://www.esubulletin.com/about/  ,,38.4162018,-96.1792715
Endicott College,MA,Endicott Observer,https://www.endicottobserver.com,https://www.endicottobserver.com/site/meet_the_staff.html,,42.5535151,-70.8436261
Evangel University,MO,The Lance,https://lance.evangelvalormedia.com/the-lance/,"https://www.facebook.com/evangellance/, https://lance.evangelvalormedia.com/the-lance/, https://www.evangel.edu/faculty/melinda-booze/",,37.2214863,-93.264054
Everett Community College,WA,The Clipper,https://everettclipper.com,https://everettclipper.com/contact/,,48.0065975,-122.2047418
Fairfield University,CT,The Fairfield Mirror,https://therearview.org,https://therearview.org,,41.1598949,-73.2575513
Fairleigh Dickinson University,NJ,Equinox,https://www.instagram.com/equinoxfdu/,https://www.fdu.edu/campuses/metropolitan-campus/campus-life/office-of-student-life/student-organizations/media-organizations/,,40.898241,-74.0303046
Fairmont State University,WV,The Columns,https://columnsfairmontstate.com,"https://columnsfairmontstate.com/staff/, https://www.facebook.com/FSUColumns/",,39.4857867,-80.1630335
Fayetteville State University,NC,The Voice,https://www.fsuthevoice.com,https://www.fsuthevoice.com/about-us/,,35.0742206,-78.8924896
Ferris State University,MI,The Ferris State Torch,https://fsutorch.com,https://fsutorch.com/staff/,,43.6839617,-85.4852488
Ferrum College,VA,The Iron Blade,https://ironbladenews.com,"https://ironbladenews.com/staff/, https://www.ferrum.edu/downloads/ironblade/december_2015.pdf",,36.9264771,-80.0206987
Fitchburg State University,MA,The Point,https://fitchburgpoint.com,https://fitchburgpoint.com/staff/,,42.5899239,-71.7888684
Flagler College,FL,Gargoyle,https://gargoyle.flagler.edu/,https://gargoyle.flagler.edu/contact-us/,,29.8932072,-81.3155866
Florida A&M University,FL,The Famuan,https://www.thefamuanonline.com,"https://www.thefamuanonline.com/about-us/, https://www.famu.edu/info/faculty-staff/profiles/sjgc/douglas-blackburn.php",,30.4227211,-84.2877093
Florida Atlantic University,FL,University Press,https://www.upressonline.com,https://www.upressonline.com/staff/,,26.3737473,-80.1019023
Florida Gulf Coast University,FL,Eagle News,https://eaglenews.org,https://eaglenews.org/contact/,,26.4588273,-81.7622951
Florida Institute of Technology,FL,The Crimson,https://www.crimson.fit.edu,https://www.crimson.fit.edu/site/contact.html,,28.0639632,-80.621455
Florida International University,FL,PantherNOW,https://panthernow.com,"https://panthernow.com/about-us/, https://discovery.fiu.edu/display/person-kopenhaverlillian-lodge",,25.7562465,-80.3755401
Florida Southern College,FL,The Southern,https://fscsouthern.com,https://fscsouthern.com/about/,,28.0314545,-81.9450401
Florida State College at Jacksonville,FL,The Campus Voice,https://thecampusvoice.wordpress.com,https://thecampusvoice.wordpress.com/about/,,30.2218663,-81.5537294
Florida State University,FL,FSView & Florida Flambeau,https://www.fsunews.com/,https://help.tallahassee.com/contact-us/,,30.442087,-84.2979579
Fordham University Lincoln Center,NY,The Observer,https://fordhamobserver.com,"https://fordhamobserver.com/editorial-board/, https://www.facebook.com/FordhamObserver/",,40.7710298,-73.9850963
Fordham University Rose Hill,NY,The Fordham Ram,https://thefordhamram.com/news/,https://thefordhamram.com/staff/,,40.861215,-73.8892579
Fort Hays State University,KS,Tiger Media Network,https://tigermedianet.com,https://tigermedianet.com/?page_id=33939,,38.8714463,-99.3444887
Fort Lewis College,CO,The Independent,https://www.theindyonline.com,https://www.theindyonline.com/about/letter-from-the-editor,,37.27369,-107.8711817
Framingham State University,MA,The Gatepost,https://www.fsugatepost.com/all-news,https://www.fsugatepost.com/contact,,42.298308,-71.4370588
Francis Marion University,SC,The Patriot,https://patriotnewsonline.com,https://www.facebook.com/ThePatriotNewspaper,,34.1904251,-79.6519849
Franciscan University of Steubenville,OH,The Troubadour,https://troubonline.com,"https://troubonline.com/meet-the-staff/, https://troubonline.com/contact-us/",,40.3777611,-80.6250737
Franklin & Marshall College,PA,The College Reporter,https://www.the-college-reporter.com,https://www.the-college-reporter.com/staff/,,40.0480017,-76.319749
Franklin College,IN,The Franklin,https://www.thefranklinnews.com/news/,https://www.thefranklinnews.com/site/contact.html,,39.478646,-86.045479
Franklin Pierce University,NH,Pierce Arrow,https://piercearrow.org,"https://piercearrow.org/staff/, https://piercearrow.org/get-involved/, https://www.facebook.com/piercearrownews/",,42.7789743,-72.0555393
Frederick Community College,MD,The Commuter,https://thecommuter.org,https://thecommuter.org/about/,,39.4516656,-77.418018
Fresno City College,CA,The Rampage,therampageonline.com,https://www.therampageonline.com/contact-us/,,36.7669209,-119.7979063
Fresno Pacific University,CA,The Syrinx,https://medium.com/the-syrinx,"https://medium.com/the-syrinx/about, https://www.einpresswire.com/world-media-directory/detail/78678",,36.726296,-119.7361141
Front Range Community College,CO,The Front Page,https://thefrontpagefrcc.com/,"https://thefrontpagefrcc.com/contact/, https://thefrontpagefrcc.com/contact/",,40.5227521,-105.0929273
Frostburg State University,MD,The Bottom Line News,https://thebottomlinenews.com/news/ ,https://thebottomlinenews.com/contact-us/  ,,39.6498754,-78.9345609
Fullerton College,CA,The Hornet,https://fchornetmedia.com,"https://fchornetmedia.com/staff/, https://www.facebook.com/thefchornet/, https://journalism.fullcoll.edu/k-Teacher/jessica-langlois/",,33.8758434,-117.9173893
Furman University,SC,Paladin Newspaper,https://thepaladin.news,https://thepaladin.news/staff/,,34.9274688,-82.4400666
Gadsden State Community College,AL,Cardinal Arts Journal,https://cardinalartsjournal.org,https://cardinalartsjournal.org,,33.9955117,-85.9915702
Gannon University,PA,The Gannon Knight,https://gannonknight.com/news/,https://gannonknight.com/our-staff/,,42.1275517,-80.0896332
Garden City Community College,KS,GC3 Media (includes Silhouette newspaper),https://gc3media.net,https://www.facebook.com/GC3StudentMedia/?ref=bookmarks,,37.970798,-100.849507
Gardner Webb University,NC,GWU Today,https://gwu-today.com/?cat=2,https://gwu-today.com/?page_id=68,,35.2475249,-81.6706979
Geneva College,PA,The Geneva Cabinet,https://www.thegenevacabinet.com,"https://static1.squarespace.com/static/630ff3f7ddd60268d14f3564/t/673dea7909cc1049e8f05291/1732110971340/The+Geneva+Cabinet+Fall+2024+Issue+2.pdf, https://www.thegenevacabinet.com",,40.7716477,-80.3225089
George Fox University,OR,The Crescent,https://www.gfucrescent.com,https://www.gfucrescent.com/staff,,45.3042174,-122.9661701
George Mason University,VA,Fourth Estate,https://gmufourthestate.com,"https://gmufourthestate.com/contact-us/, https://gmufourthestate.com/about/, https://studentmedia.gmu.edu/person/kathryn-mangus/",,38.8314578,-77.3117471
Georgetown University,"Washington, DC",The Hoya,https://thehoya.com,"https://thehoya.com/about-us/staff/staff/, https://thehoya.com/contact-us/",,38.9076089,-77.0722585
Georgia Gwinnett College,GA,The Globe,https://theglobeggc.net,https://www.facebook.com/theglobeggc,,33.9802966,-84.0047709
Georgia Highlands College,GA,Six Mile Post,https://sixmilepost.com,https://sixmilepost.com/contact-us/,,34.1697568,-85.2074433
Georgia Institute of Technology,GA,Technique,https://nique.net,https://nique.net/about/,,33.7783046,-84.3991657
Georgia Southern University,GA,The George-Anne,https://thegeorgeanne.com/,"https://thegeorgeanne.com/meet-the-staff/, https://www.facebook.com/thegeorgeanne/",,32.4206845,-81.7869734
Georgia Southwestern State University,GA,Sou'Wester ,https://www.gsw.edu/student-life/clubs-orgs/souwester/,https://www.gsw.edu/student-life/clubs-orgs/souwester/staff,,32.0562815,-84.2173274
Georgia State University,GA,The Signal,https://georgiastatesignal.com,https://georgiastatesignal.com/about/,,33.753068,-84.3852819
Gettysburg College,PA,The Gettysburgian,https://gettysburgian.com/category/news/,https://gettysburgian.com/our-staff-2024-25/,,39.8356744,-77.2366796
Glendale Community College,CA,El Vaquero,https://elvaq.com ,https://elvaq.com/about/contact-us/,,34.16636,-118.2281216
Gonzaga University,WA,Gonzaga Bulletin,https://www.gonzagabulletin.com,https://www.gonzagabulletin.com/site/contact.html,,47.6658548,-117.4021153
Gordon College,MA,The Tartan,https://tartan.gordon.edu,https://tartan.gordon.edu/contact-us/,,42.5878305,-70.8239307
Goshen College,IN,The Record,https://record.goshen.edu,https://record.goshen.edu/about,,41.5637661,-85.8280841
Goucher College,MD,The Quindecim,https://quinnews.com,https://quinnews.com/about-us,,39.4089561,-76.5926303
Governors State University,IL,The Phoenix Newspaper,https://jaguarstudentmedia.org,https://jaguarstudentmedia.org/page-1/,,41.4483962,-87.7161863
Grace College,IN,The Sounding Board,https://gracesoundingboard.wordpress.com/,,,41.226354,-85.8178681
Graceland University,IA,The Tower,https://www.gracelandbuzz.org/towernewspaper,https://www.gracelandbuzz.org/meet-the-team,,40.6163638,-93.9263079
Grand Rapids Community College,MI,The Collegiate,https://thecollegiatelive.com,https://thecollegiatelive.com/contact/,,42.9668968,-85.6667224
Grand Valley State University,MI,Grand Valley Lanthorn,https://lanthorn.com,https://lanthorn.com/contact-us/,,42.9641221,-85.8890404
Grand View University,IA,Viewfinder,https://www.viewfindergv.com,https://www.viewfindergv.com/?page_id=95,,41.6205748,-93.6005214
Grayson College,TX,The Viking Newspaper,https://www.grayson.edu/the-viking/index.html,https://www.grayson.edu/the-viking/index.html,,33.7050974,-96.6341045
Green River College,WA,The Current,https://www.thegrcurrent.com,https://www.greenriver.edu/students/get-involved/the-current.html,,47.3131581,-122.1785746
Greensboro College,NC,The Collegian,https://thegccollegian.com,https://thegccollegian.com/1926/01/26/hello-world/,,36.0710001,-79.8002632
Grinnell College,IA,The Scarlet & Black,https://thesandb.com,"https://thesandb.com/staff/, https://thesandb.com/about-us/",,41.749223,-92.7201302
Grossmont Community College Student newspaper,CA,The Summit,https://gcsummit.com/,,,38.7945952,-106.5348379
Guilford College,NC,The Guilfordian,https://www.guilfordian.com,"https://www.guilfordian.com/staff/, https://www.guilfordian.com/about/",,36.0918026,-79.8872571
Gustavus Adolphus College,MN,The Gustavian Weekly,https://weekly.blog.gustavus.edu,"https://weekly.blog.gustavus.edu/staff/, https://weekly.blog.gustavus.edu/about/contact/",,44.323803,-93.9757881
Gwynedd Mercy University,PA,Griffins Den,https://www.gmercyu.edu/griffins-den/,,,40.1979262,-75.2368884
Hamilton College,NY,The Spectator,https://spec.hamilton.edu,https://spec.hamilton.edu/about-us-6ecb30f6292,,43.0527984,-75.4059719
Hamline University,MN,The Oracle,https://hamlineoracle.com,"https://hamlineoracle.com/staff/, https://hamlineoracle.com/contact/",,44.9650421,-93.1644153
Hampton University,VA,Hampton Script,https://hamptonscript.com/,https://hamptonscript.com/?s=contact,,37.0298687,-76.3452218
Hanover College,IN,The Triangle,https://hctriangle.com,"https://hctriangle.com/meet-the-staff, https://hctriangle.com",,38.7137524,-85.4602351
Harding University,AR,The Bison,https://thelink.harding.edu/the-bison/ ,https://thelink.harding.edu/the-bison/the-staff/  ,,35.2456371,-91.7242419
Harford Community College Student newspaper,MD,The Owl,https://www.harford.edu/experience/student-life/owl-media.php,,,39.5601692,-76.2845403
Harper College,IL,Harbinger,https://harbinger.media,https://harbinger.media/about/,,42.0811966,-88.0720073
Harrisburg Area Community College-Lancaster,PA,Live Wire,https://lancasteronline.com/news/,https://lancasteronline-pa.newsmemory.com/,,40.297487,-76.8863947
Harvard University,MA,The Harvard Crimson,https://www.thecrimson.com,"https://www.thecrimson.com/about/, https://www.facebook.com/TheHarvardCrimson/",,42.3744368,-71.1182488
Haskell Indian Nations University,KS,The Indian Leader,https://theindianleader.com,"https://theindianleader.com/contact/, https://theindianleader.com/contact-2/, https://haskell.edu/academics/media-comm/faculty-media-comm/",,38.939913,-95.2330438
Hastings College,NE,The Collegian,https://hccollegian.net,https://hccollegian.net/meet-the-staff/,,40.5906705,-98.3745939
Haverford College,PA,Clerk,https://haverfordclerk.com,https://haverfordclerk.com/about/editorial-staff/,,40.0089613,-75.3047747
Heidelberg University,OH,The Kilikilik,https://thekilikilik.wordpress.com,"https://thekilikilik.wordpress.com/about/, https://thekilikilik.wordpress.com/our-writers/, https://www.heidelberg.edu/directory/heather-surface",,41.1145838,-83.1669153
Henderson State University,AR,Oracle,https://hsuoracle.com/,"https://hsuoracle.com/our-authors/, https://www.facebook.com/hsuoracle/",,34.1299174,-93.0602573
Hendrix College,AR,The Profile,https://hendrixprofile.wordpress.com,"https://hendrixprofile.wordpress.com/about/, https://www.hendrix.edu/studentaffairs/default.aspx?id=5055",,35.1017695,-92.44072
Henry Ford College,MI,Mirror News,https://mirrornews.hfcc.edu,https://mirrornews.hfcc.edu/contact,,42.3242969,-83.2376024
High Point University,NC,Campus Chronicle,https://www.campus-chronicle.com/,"https://www.campus-chronicle.com/about/, https://www.highpoint.edu/faculty-staff/office-of-communication/pam-haynes/",,35.972171,-79.9962549
Highline College,WA,The Thunderword,https://thunderword.highline.edu,https://thunderword.highline.edu/about/,,47.3883347,-122.3017666
Hillsborough Community College,FL,The Hawkeye,https://www.hawkeyenews.net,https://www.hawkeyenews.net/about/,,28.0260852,-82.1030339
Hobart and William Smith Colleges,NY,The Herald,https://hwsherald.com,https://hwsherald.com/staff/,,42.8581453,-76.9866497
Hofstra University,NY,Hofstra Chronicle,https://thehofstrachronicle.com/,https://thehofstrachronicle.com/staff/,,40.7168988,-73.5990378
Holmes Community College,MS,Growl,https://holmescc.edu/student-life/student-publications/,https://holmescc.edu/pdf/Publications/052925_Growl-Summer2025.pdf,,32.9691105,-89.9121229
Holy Cross College,IN,The Observer,https://www.ndsmcobserver.com/section/news,https://www.ndsmcobserver.com/page/contact,"Holy Cross, Saint Mary's, and Notre Dame",42.2392391,-71.8079608
Hood College,MD,The Blue and Grey,https://theblueandgrey.com ,https://theblueandgrey.com/index.php/contact-us/  ,,39.4227353,-77.4186862
Hope College,MI,The Anchor,https://anchor.hope.edu,https://anchor.hope.edu/contact-us/,,42.7875308,-86.1026663
Houston Community College ,TX,The Egalitarian,https://hccegalitarian.com/,,,38.7945952,-106.5348379
Howard Community College,MD,HCC Times,https://hcctimes.org,https://hcctimes.org/about/creative/,,39.2124763,-76.8783768
Howard University,D.C.,Hilltops,https://thehilltoponline.com/,https://thehilltoponline.com/about/staff/,,38.9226843,-77.0194377
Hudson Valley Community College ,NY,The Hudsonian,https://thehudsonian.org/,,,42.6958308,-73.6823853
Humboldt State University,CA,The Lumberjack,https://thelumberjack.org,"https://thelumberjack.org/staff/, https://thelumberjack.org/contact-us/, https://www.humboldt.edu/journalism/deidre-pike",,40.8747332,-124.0789268
Huntingdon College,AL,The Prelude,https://www.huntingdon.edu/campus-life/get-involved/prelude-guidelines-for-submission/,https://www.huntingdon.edu/directory/dickson-foster/,,32.3505627,-86.2862295
Hutchinson Community College,KS,The Hutchinson Collegian,http://hutchcollegian.com,"http://hutchcollegian.com/about/, https://www.facebook.com/hutchinsoncollegian/, https://www.facebook.com/hallierjournalist/",,38.068019,-97.920531
Idaho State University,ID,The Bengal,https://isubengal.com  ,https://www.idahostatejournal.com/users/profile/sharris/,,42.8627836,-112.429762
Illinois State University,IL,The Vidette,https://www.videtteonline.com,https://www.videtteonline.com/site/join_the_vidette.html,,40.5121009,-88.994763
Illinois State University ,IL,The Vidette,https://www.videtteonline.com/,https://www.videtteonline.com/,,40.5121009,-88.994763
Illinois State University ,IL,Onyx Connect Media ,https://www.instagram.com/_theonyxconnectisu?igsh=MWppMTJ3Y2drdXAzeA%3D%3D&utm_source=qr,https://www.instagram.com/_theonyxconnectisu,,40.5121009,-88.994763
Illinois Wesleyan University,IL,The Argus,https://www.iwuargus.com ,https://www.iwuargus.com/contact-information/ ,,40.4908891,-88.9906541
Indiana State University,IN,Indiana Statesman,https://www.isustudentmedia.com/indianastatesman/,https://www.isustudentmedia.com/contact/,,39.4713985,-87.4082807
Indiana University Bloomington,IN,Indiana Daily Student,https://www.idsnews.com/,https://www.idsnews.com/page/staff-list,,39.1682449,-86.5230073
Indiana University Indianapolis ,IN,The Campus Citizen,https://www.thecampuscitizen.com/,https://www.thecampuscitizen.com/page/contact,,39.7759306,-86.17616
Indiana University Kokomo,IN,The Correspondent,https://iuknews.org,https://www.facebook.com/thecorrespondent,,40.4594494,-86.1317354
Indiana University of Pennsylvania,PA,The Penn,https://www.thepenn.org,https://www.thepenn.org/site/our_staff.html,,40.6143979,-79.1610224
Indiana University of Pennsylvania-Main Campus,PA,The Penn,https://www.thepenn.org/,,,40.6143979,-79.1610224
Indiana University South Bend,IN,The Preface,https://iusbpreface.net,"https://iusbpreface.net/about-2/, https://arts.iusb.edu/faculty/communication-studies/communications-adjunct-faculty.htm, https://www.facebook.com/people/The-Preface-at-IU-South-Bend/61571609124864/?rdid=h52bWhmlUApiAFG1&share_url=https%3A%2F%2Fwww.facebook.com%2Fshare%2F1GCQPX9giD%2F",,41.6617986,-86.2204181
Indiana University Southeast,IN,The Horizon,https://iushorizon.com,https://iushorizon.com/about/,,38.3439996,-85.8198577
Indiana Wesleyan University,IN,The Sojourn,https://thesojourn.online,https://www.facebook.com/iwusojourn/,,40.5180214,-85.6625813
Iona College,NY,The Ionian,https://theionian.org,"https://theionian.org/about/staff/?schoolyear=2024-2025, https://www.facebook.com/IonianNewspaper/",,40.9270597,-73.7863494
Iowa Central Community College,IA,The Collegian,http://www.iowacentralcollegian.com,http://www.iowacentralcollegian.com/about-us/contact/,,42.4903322,-94.2040362
Iowa State University,IA,Iowa State Daily,https://iowastatedaily.com/,https://iowastatedaily.com/contact/,,42.0266573,-93.6464516
Ithaca College,NY,The Ithacan,https://theithacan.org,"https://theithacan.org/staff/?schoolyear=Spring%202025, https://theithacan.org/contact/",,42.4199229,-76.4969344
Jackson State University,MS,The Blue & White Flash,https://sites.jsums.edu/theflash/ ,"https://sites.jsums.edu/theflash/index.php/contact-us/, https://www.jsums.edu/sjms/personnel/tatum/",,32.2968882,-90.2063989
Jacksonville State University,AL,The Chanticleer, https://jsuchanticleer.com/,https://www.jsuchanticleer.com/site/about.html,,33.8230953,-85.7681921
Jacksonville University,FL,The Navigator,,https://www.facebook.com/TheJUNavigator/,"Warning on website, did not open ",30.3529114,-81.606213
James Madison University,VA,The Breeze,https://www.breezejmu.org  ,https://www.breezejmu.org/site/contact/  ,,38.435092,-78.8697548
Jefferson State Community College,AL,The Pioneer,https://library.jeffersonstate.edu/Vol35-Iss2,https://library.jeffersonstate.edu/Vol35-Iss2,,33.386341,-86.7336964
John A. Logan College ,IL,The Volunteer,https://jalcvol.com,"https://jalcvol.com/about/staff/, https://jalcvol.com/contact/",,37.7484016,-89.0911838
John Brown University,AR,Threefold Advocate,https://advocate.jbu.edu,https://www.facebook.com/threefoldjbu/,,36.1905331,-94.5592287
John Carroll University,OH,Carroll News,https://carrollnews.org/,https://carrollnews.org/about/contact-us/,,41.4905602,-81.5297689
Johns Hopkins University,MD,The Johns Hopkins News-Letter,https://www.jhunewsletter.com,"https://www.jhunewsletter.com/page/staff, https://www.jhunewsletter.com/page/contact",,39.3299013,-76.6205177
Johnson County Community College,KS,The Campus Ledger,https://blogs.jccc.edu/campusledger/,https://blogs.jccc.edu/campusledger/staff/,,38.9237863,-94.7306238
Kalamazoo College,MI,The Index,https://index.kzoo.edu,https://index.kzoo.edu,,42.290035,-85.598145
Kansas State University,KS,The Collegian,https://kstatecollegian.com,"https://kstatecollegian.com/staff/, https://www.facebook.com/kstatecollegian",,39.1974437,-96.5847249
Kansas Wesleyan University,KS,The Advance Newspaper,https://www.kwustudentmedia.com/category/news/?qtajax=true,https://www.kwustudentmedia.com/team-members/?qtajax=true  ,,38.8135523,-97.609081
Kean University,NJ,The Tower,https://kutower.com,https://kutower.com/contact-us/,,40.6801659,-74.23311
Keene State College,NH,The Equinox,https://kscequinox.com,https://kscequinox.com/contact/,,42.9254277,-72.2803457
Kellogg Community College,MI,The Bruin News,https://thebruinnews.com ,https://thebruinnews.com/contact/  ,,42.3349381,-85.1777241
Kennesaw State University,GA,The Sentinel,https://theksusentinel.com,"https://theksusentinel.com/contact/, https://www.kennesaw.edu/student-affairs/involvement/activities/contact-us.php",,34.0369014,-84.582481
Kent State University,OH,The Kent Stater,https://kentstater.com,https://kentstater.com/contact-us/,,41.1438917,-81.3365012
Kentucky State University,KY,The Thorobred News,https://ksuthorobrednews.org,https://ksuthorobrednews.org/staff/,,38.1999772,-84.8565381
Kenyon College,OH,The Kenyon Collegian,https://kenyoncollegian.com,"https://kenyoncollegian.com/about-us/, https://kenyoncollegian.com/contact-us/, https://www.kenyon.edu/offices-and-services/office-of-communications/contact-us/, https://www.kenyon.edu/directory/fred-kluge/",,40.376152,-82.3957933
Kilgore College,TX,The Flare,,https://www.facebook.com/theflareonline/,No other info or website found,32.3785259,-94.8722575
King's College,PA,The Crown,https://crown.kings.edu,"https://crown.kings.edu/?page_id=2700, https://www.facebook.com/KCTheCrown/",,41.2502745,-75.8794058
Kingsborough Community College ,NY,The Scepter,https://www.kbcc.cuny.edu/scepter/index.html,,,40.5786707,-73.9351016
Kirkwood Community College,IA,Eagle Voice,https://www.eaglevoice.com ,https://www.eaglevoice.com/about-2/ ,,41.9109667,-91.6521601
Kishwaukee College,IL,The Kaleidoscope,,https://www.facebook.com/kishwaukeekscope/,Website could not be loaded,41.9384044,-88.8820157
Knox College,IL,The Knox Student,https://theknoxstudent.org,"https://theknoxstudent.org/staff/, https://www.facebook.com/theknoxstudent",,40.9416992,-90.3721309
Kutztown University of Pennsylvania,PA,Keystone Newspaper,https://thekeystonenews.com,"https://thekeystonenews.com/about-3/staff/, https://www.kutztown.edu/people/profile.html?person=downing",,40.5101216,-75.7822057
La Roche University,PA,The Redhawk Post,https://redhawkpost.com,https://redhawkpost.com/about-2/,,40.5684406,-80.0143294
La Salle University,PA,La Salle Collegian,https://thelasallecollegian.com/news/,https://thelasallecollegian.com/contact-the-collegian/,,40.0390398,-75.1558184
Lafayette College,PA,The Lafayette,https://lafayettestudentnews.com,"https://lafayettestudentnews.com/staff/, https://lafayettestudentnews.com/about/",,40.6984713,-75.2101079
LaGrange College,GA,The Hilltop News,https://lchilltopnews.org,https://lchilltopnews.org/contact-us/,,33.0384447,-85.0433441
Lake Forest College,IL,The Stentor,https://stentornews.com,"https://stentornews.com/about/, https://www.lakeforest.edu/academics/student-honors-and-research/student-publications/stentor",,42.2503397,-87.8286109
Lake Land College,IL,The Navigator News,https://thenavigatornews.com,"https://thenavigatornews.com/staff/, https://thenavigatornews.com/about/",,39.4168843,-88.380659
Lake Sumpter State College,FL,The Angler,https://lsscangler.com,"https://lsscangler.com/staff/, https://www.facebook.com/people/The-Angler-LSSC/61555330114822/",,28.8271938,-81.7965862
Lamar University,TX,University Press,https://www.lamaruniversitypress.com,https://www.lamaruniversitypress.com/contact.php,,30.0415251,-94.0754905
Lander University,SC,The Lander Forum,https://www.lander.edu/academics/_files/documents/dept-english/March-2025-Forum-b.pdf,"https://www.lander.edu/academics/colleges-schools/college-arts-humanities/student-media.html, https://www.facebook.com/luforum16/, https://www.lander.edu/directory/profiles/robert-stevenson.html",,34.1994849,-82.1667332
Lane Community College,OR,The Torch,https://lcctorch.com,https://lcctorch.com/meet-the-team/,,44.0089824,-123.034753
Laney College,CA,The Citizen,Www.peraltacitizen.com,https://peraltacitizen.com/about/,,37.7970191,-122.2633639
Langston University,OK,The Gazette,https://langstongazette.com,https://langstongazette.com,,35.9459228,-97.2629209
Lansing Community College,MI,The Lookout,https://www.lcc.edu/lookout/index.html,https://www.lcc.edu/lookout/contact.html,,42.7401745,-84.551141
Laramie County Community College,WY,The Wingspan,https://wyomingnewspapers.org/?a=q&hs=1&r=1&results=1&txf=txIN%7CtxCO%7CtxTA&txq=the+wingspan&e=-------en-20--1--img-txIN%7CtxCO%7CtxTA--------0------,https://www.lccc.wy.edu/news/2022-12-15_wingspan_archive.aspx,,41.1054751,-104.7768894
Las Positas College,CA,The Express,https://lpcexpressnews.com/,https://www.facebook.com/LPCJams/,,37.710488,-121.8001828
Lasell University,MA,1851 Chronicle,https://www.1851chronicle.org/,https://www.1851chronicle.org/contact-1,,42.342477,-71.2448799
Lawrence University,WI,The Lawrentian,https://www.lawrentian.com,https://www.lawrentian.com/contact,,44.2610186,-88.3985053
Lebanon Valley College,PA,La Vie Collegienne,http://wordpress.lvc.edu/wordpress/lavie/,http://wordpress.lvc.edu/wordpress/lavie/editors/,,40.3340766,-76.5157582
Lee University,TN,Lee Clarion,https://www.leeclarion.com/,,,35.1657076,-84.869763
Leeward Community College,HI,Ka Mana'o,https://www.kamanaoleeward.com,"https://www.kamanaoleeward.com/contact, https://myuh.hawaii.edu/task/leeward/kamanao",,21.3928336,-157.985276
Lehigh Carbon Community College,PA,The Paw Print,https://www.lcccpawprint.net,https://www.lcccpawprint.net/about-us,,40.6647165,-75.6128436
Lehigh University,PA,The Brown and White,https://thebrownandwhite.com ,https://thebrownandwhite.com/contact/  ,,40.6054003,-75.3771764
Lesley University,MA,Lesley Public Post,https://digitalcommons.lesley.edu/lesley_current/,https://lesley.edu/contact-us,,42.3811689,-71.1175668
Lewis & Clark College,OR,The Mossy Log,https://mossylog.org,https://mossylog.org/staff/,,45.4485081,-122.6713007
Lewis and Clark Community College ,IL,The Bridge,http://thelcbridge.com  ,http://thelcbridge.com/work-with-us/  ,,38.951806,-90.1944326
Lewis University,IL,The Flyer,https://thelewisflyer.com,"https://thelewisflyer.com/meet-our-staff/, https://thelewisflyer.com/about/",,41.6048101,-88.0796259
Lewis-Clark State College,ID,The Pathfinder,https://www.lcsc.edu/student-involvement/student-media/student-newspaper-pathfinder,"https://sites.google.com/lcmail.lcsc.edu/pathfinderpals/home, https://sites.google.com/lcmail.lcsc.edu/pathfinderpals/current-issue, https://www.lcsc.edu/faculty-staff-directory/seth-c-bradshaw, https://www.lcsc.edu/faculty-staff-directory/dana-m-parsons",,46.4116044,-117.0256654
Liberty University,VA,Liberty Champion,https://www.liberty.edu/champion/category/news/,https://www.liberty.edu/champion/contact-us/,,37.3520604,-79.1753844
Lincoln Land Community College,IL,The Lamp,https://thelamponline.com,"https://thelamponline.com/staff/, https://thelamponline.com/about-us/, https://www.facebook.com/lamp.newspaper/",,39.7203511,-89.6120151
Lincoln University,MO,The Clarion,https://myclarionnews.wordpress.com/,https://myclarionnews.wordpress.com/staff/,,37.8047835,-122.2695869
Lindenwood University,MO,Lindenlink,https://lindenlink.com/category/news/,https://lindenlink.com/about-us/,,38.7857311,-90.5022054
Linfield University,OR,The Linfield Review,https://thelinfieldreview.com,https://thelinfieldreview.com/review-staff/,,45.1976558,-123.199904
Linn-Benton Community College,OR,The Commuter,https://lbcommuter.com,"https://lbcommuter.com/about-the-commuter/, https://lbcommuter.com/contact-the-commuter/",,44.5863104,-123.113914
Lipscomb University,TN,Lumination Network,https://lipscombmedia.com/category/news/,https://lipscombmedia.com/about/,,36.1046846,-86.7988728
Lock Haven University,PA,Eagle Eye,https://lhueagleeye.com,https://lhueagleeye.com/about-us/,,41.1412851,-77.4622131
Long Island University,NY,The Tide (same as The Pioneer),https://liuthetide.com,https://www.facebook.com/LIUPostPioneer/,,38.7945952,-106.5348379
Longwood University,VA,The Rotunda,https://www.therotundaonline.com,"https://www.therotundaonline.com/page/about, https://www.longwood.edu/commstudies/about/faculty-staff/",,37.2995844,-78.3963343
Lorain County Community College,OH,The Collegian,https://collegian.lorainccc.edu,https://collegian.lorainccc.edu,,41.4131565,-82.0738172
Loras College,IA,The Lorian,,https://www.facebook.com/TheLorianLC/,Website not loading,42.502908,-90.6811445
Los Angeles Valley College,CA,The Valley Star News,https://www.thevalleystarnews.com,https://www.thevalleystarnews.com/team-1,,34.1753399,-118.4189817
Louisiana State University,LA,The Reveille,https://lsureveille.com,"https://lsureveille.com/staff/?schoolyear=The%20Reveille, https://lsureveille.com/contact-us/",,30.4102406,-91.1857059
Louisiana State University Shreveport,LA,The Almagest,https://thealmagest.org/,https://www.thealmagest.org/contact,,32.4284824,-93.7034604
Loyola Marymount University,CA,The Los Angeles Loyolan,https://www.laloyolan.com,https://www.laloyolan.com/site/staff/,,33.9691953,-118.4188984
Loyola University Chicago,IL,Loyola Phoenix,https://loyolaphoenix.com/section/news/,https://loyolaphoenix.com/staff/,,41.88325,-87.6323879
Loyola University Maryland,MD,The Greyhound,https://thegreyhound.org,https://thegreyhound.org/meet-the-editors/,,39.3484521,-76.6164636
Loyola University New Orleans,LA,The Maroon,https://loyolamaroon.com,"https://loyolamaroon.com/staff/, https://www.facebook.com/TheLoyolaMaroon",,29.9345703,-90.1215417
Luther College,IA,Luther College Chip,https://www.lutherchips.com/category/news/,https://www.lutherchips.com/about-2/,,43.3147914,-91.8052049
Lynn University,MA,iPulse,https://ipulsenews.com/news/,https://ipulsenews.com/ipulse-staff/,,26.384195,-80.1250005
Lyon College,AR,The Highlander,https://www.lyonhighlander.com,https://www.lyonhighlander.com,,35.7792058,-91.6283696
Macalester College,MN,The Mac Weekly,https://themacweekly.com,"https://themacweekly.com/staff/staff-profiles/?schoolyear=2024-2025, https://www.facebook.com/themacweekly",,44.9379079,-93.1684804
Madison Area Technical College,WI,The Clarion,https://www.theonlineclarion.com,https://www.theonlineclarion.com/submit-a-letter/,,43.1214364,-89.3285439
Manhattan College,NY,The Quadrangle,https://mcquad.org,"https://mcquad.org/staff-2/, https://mcquad.org/contact-the-quadrangle/, https://manhattan.edu/campus-directory/thom.gencarelli",,40.889733,-73.9028372
Mansfield University of Pennsylvania,PA,The Flashlight,https://library.commonwealthu.edu/mansfield-history/flashlight,https://archive.org/details/flashlight-spring-2025/page/n3/mode/2up?view=theater,,41.8047541,-77.070428
Marian University Indianapolis,IN,MU Knightwatch,https://themarianphoenix.com,https://themarianphoenix.com/about/staff/,,39.8174995,-86.202823
Marietta College,OH,Marcolian,https://www.marcolian.com,,,39.4167881,-81.4492565
Marist College,NY,Marist Circle,https://www.maristcircle.com/,,,41.7216281,-73.9345125
Marquette University,WI,Marquette Wire,https://marquettewire.org,https://marquettewire.org/about-us/contact-us/,,43.0386955,-87.931014
Marshall University,WV,The Parthenon,https://marshallparthenon.com,"https://marshallparthenon.com/staff/, https://www.facebook.com/muparthenon/",,38.4236597,-82.4247198
Marymount Manhattan College,NY,The Monitor,https://themonitormmc.com,"https://www.mmm.edu/the-monitor/the-monitor-staff/, https://themonitormmc.com/staff/, https://www.mmm.edu/live/profiles/2745-tatiana-serafin",,40.7687419,-73.9597198
Marymount University,VA,The Banner,https://mubanner.com/,https://mubanner.com/contact/ ,,38.9051975,-77.1277085
Maryville University,MO,Pawprint,https://www.maryvillepawprint.com,"https://www.maryvillepawprint.com/advertising/, https://www.facebook.com/MvillePawprint/?eid=ARAyG6aF5KnwxS7iUWfZYg3yUh0B7Fo6V2rxNCvmc6MKVqb2ePn9UDrJ9rPyHjU7MMFS64FC54zUOHCy&hc_ref=ARTpjL2W8AKnPjMiJiwhi0_dVVrHIr2eLubXQ92SEECJenMZ-oUvsLDGCblgabrqCkw",,38.6461821,-90.5036535
Marywood University,PA,The Wood Word,https://www.thewoodword.org,https://www.thewoodword.org/meet-the-staff/,,41.4347083,-75.6332979
Massachusetts Institute of Technology,MA,The Tech,https://thetech.com,"https://thetech.com/about/staff, https://thetech.com/about/contact",,42.360091,-71.09416
McDaniel College,MD,The McDaniel Free Press,http://www.mcdanielfreepress.com,http://www.mcdanielfreepress.com/about/,,39.5858328,-77.0032158
McPherson College,KS,The Spectator,https://spectator.mcpherson.edu,https://spectator.mcpherson.edu,,38.3721279,-97.642027
Mercer County Community College ,NJ,The Voice,https://www.mcccvoice.org/,,,40.2530834,-74.6515038
Mercer University,GA,Mercer Cluster,https://www.mercercluster.comm,https://www.mercercluster.com/page/contact-us,,32.8284878,-83.6496991
Mercy College,NY,The Impact,https://theimpactnews.com/,,,41.0222482,-73.8734969
Mercyhurst University,PA,The Merciad,https://www.mercyhurst.edu/campus-life/merciad,"https://www.mercyhurst.edu/campus-life/merciad, https://www.facebook.com/TheMerciad/",,42.1034771,-80.0531764
Meredith College,NC,Meredith Herald,https://www.meredithherald.comm,https://www.meredithherald.com/contact,,35.798208,-78.6886419
Merrimack College,MA,The Beacon,https://merrimacknewspaper.com  ,https://merrimacknewspaper.com/staff/,,42.6673814,-71.1234527
Mesa Community College,AZ,Mesa CC Legend,https://mesalegend.comm,https://mesalegend.com/home/,,33.3895475,-111.8735409
Messiah University,PA,The Pulse,https://pulse.messiah.edu,"https://pulse.messiah.edu/staff/, https://pulse.messiah.edu/about-the-pulse/contact/",,40.157528,-76.9873898
Metropolitan State University,MN,The Metropolitan,https://themetropolitan.metrostate.edu,https://themetropolitan.metrostate.edu/about/,,44.9574512,-93.0745329
Metropolitan State University - Denver,CO,The Metropolitan,https://www.mymetmedia.com/entity/metropolitan/,https://www.mymetmedia.com/contact-about-us/,,39.7439156,-105.0046843
"Miami Dade College - Wolfson Campus, North Campus, and Kendall Campus",FL,The Reporter,https://mdcthereporter.com,https://mdcthereporter.com/team/,,25.6754086,-80.3743101
Miami Regional University ,FL,Miami Regionals Pulse News,https://sites.miamioh.edu/mu-regional-pulse/,"https://sites.miamioh.edu/mu-regional-pulse/staff/, https://sites.miamioh.edu/mu-regional-pulse/https-miamioh-formstack-com-forms-pulse_story_ideads/",,25.810681,-80.2669641
Miami University,OH,The Miami Student,https://www.miamistudent.net,"https://www.miamistudent.net/page/about, https://www.miamistudent.net/page/contact, https://miamioh.edu/profiles/cas/fred-reeder-jr.html",,39.5087485,-84.7344915
Michigan State University,MI,The State News,https://statenews.com/,https://statenews.com/page/contact,,42.7250725,-84.4790827
Michigan Technological University,MI,The Lode,https://mtulode.com,https://mtulode.com/about-us/,,47.1167589,-88.5460115
Middle Georgia State University,GA,The Statement,https://statementmga.wordpress.com,https://statementmga.wordpress.com/contact/,,32.8109077,-83.7326161
Middle Tennessee State University,TN,Sidelines,https://mtsusidelines.com,https://mtsusidelines.com/contact-sidelines/,,35.8486229,-86.3669155
Middlebury College,VT,The Middlebury Campus,https://www.middleburycampus.com,https://www.middleburycampus.com/page/join,,44.0081076,-73.1760412
Midwestern State University,TX,The Wichitan,https://thewichitan.com,https://thewichitan.com/work-with-us/,,33.8713843,-98.5224401
Millersville University,PA,The Snapper,https://blogs.millersville.edu/thesnapper/,https://getinvolved.millersville.edu/organization/thesnapper,,39.9987943,-76.3527392
Milligan College,TN,Milligan Stampede,https://www.milliganstampede.com,https://www.milliganstampede.com/contact/,,36.3010824,-82.2956653
Millikin,,,,,,32.9618334,-91.2258283
Millikin University,IL,The Decaturian ,https://decaturian.com/,,,39.8430777,-88.974894
Millsaps College,MS,The Purple and White,https://millsapspandw.wordpress.com,https://millsapspandw.wordpress.com/staff/,,32.3223479,-90.1780014
Milwaukee Area Technical College,WI,MATC Times,https://matctimes360.com,"https://matctimes360.com/about/, https://matctimes360.com/staff_name/zanaia-joshua/",,43.0435021,-87.9211124
Minot State University,ND,Red & Green,https://www.minotstateu.edu/redgreen/,https://www.minotstateu.edu/redgreen/_documents/2024-2025/4-19-25_Red_Green.pdf,,48.2486186,-101.3014106
Misericordia University,PA,The Highlander,https://thehighlandernews.org,https://thehighlandernews.org/contact-us/,,41.345915,-75.9709978
Mississippi College,MS,Blue & Gold Media,https://www.blueandgoldmc.com,https://www.blueandgoldmc.com/about,,32.3358902,-90.3305927
Mississippi State University,MS,The Reflector,https://reflector-online.com,https://reflector-online.com/staff/,,33.4555279,-88.7903868
Mississippi University for Women,MS,MUW Spectator,http://www.muwspectator.com,http://www.muwspectator.com/about,,33.4912194,-88.4185425
Missouri Southern State University,MO,The Chart,https://www.thechartonline.com/,https://thechartonline.com/contact-us/,,37.0959022,-94.4607637
Missouri State University,MO,The Standard,https://www.the-standard.org,"https://www.the-standard.org/site/about.html, https://www.the-standard.org/staff/, https://www.missouristate.edu/cmjf/profile-display.aspx?p=JackDimond",,37.2005546,-93.2806806
Missouri Western State University,MO,The Griffon News,https://www.thegriffonnews.com/,,,39.7596804,-94.7844794
Monmouth College,IL,The Courier,https://www.monmouthcollegecourier.org,"https://www.monmouthcollegecourier.org/archive?sort=new, https://www.monmouthcollege.edu/live/profiles/436-chris-goble",,40.9121319,-90.6403249
Monmouth University,NJ,The Outlook,https://outlook.monmouth.edu,"https://outlook.monmouth.edu/meet-the-editors/, https://outlook.monmouth.edu/about-us/",,40.2802758,-74.0054114
Monroe County Community College,MI,Agora,https://mcccagora.com,"https://mcccagora.com/category/staff/, https://mcccagora.com/contact-us/",,41.9191093,-83.4678421
Montana State University,MT,The MSU Exponent,https://www.msuexponent.com,https://www.msuexponent.com/site/contact.html,,45.6673524,-111.0546211
Montclair State University,NJ,The Montclarion,https://themontclarion.org,"https://themontclarion.org/about-us/, https://www.facebook.com/themontclarion/",,40.8657564,-74.1988555
Montgomery College,MD,The Advocate,https://mcadvocate.com,https://mcadvocate.com/contact/,,39.0987977,-77.1582647
Montreat College,NC,The Whetstone,https://newspapers.digitalnc.org/search/pages/results/?proxtext=whetstone&proxdistance=5&ortext=&andtext=&phrasetext=&county=&date1=&date2=&lccn=2016236513&lccn=2016236509&lccn=2016236508&lccn=2016236507&lccn=2016236506&lccn=2016236505&lccn=2016236504&lccn=2016236503&lccn=2016236502&lccn=2016236501&page=26&sort=date,https://www.montreat.edu/wp-content/uploads/2020/02/the-whetstone-fall-2019.pdf,,35.6464927,-82.2975138
Moraine Valley Community College,IL,The Glacier,https://mvccglacier.com/category/news/,https://mvccglacier.com/student-life-from-a-distance/,,41.6924106,-87.8393005
Moravian University,PA,The Comenian,https://comenian.org,"https://comenian.org/staff/, https://www.facebook.com/thecomenian/?ref=aymt_homepage_panel",,40.6310228,-75.3809334
Morehead State University,KY,The Trail Blazer,https://www.thetrailblazeronline.net,https://www.thetrailblazeronline.net/site/contact.html,,38.18943,-83.4310035
Morgan State University,MD,The Spokesman,https://themsuspokesman.com,https://themsuspokesman.com/staff-2/?schoolyear=2024-2025,,39.3437959,-76.5843847
Morningside College,IA,The Collegian Reporter,https://wordpress.morningside.edu/thecr/,https://www.facebook.com/people/The-Collegian-Reporter/100063495515267/,,42.4731744,-96.3584236
Mount Aloysius College,PA,The Belltower,https://belltower.mtaloy.edu  ,https://belltower.mtaloy.edu/staff/,,40.4595885,-78.603312
Mount Holyoke College,MA,The Mount Holyoke News,https://www.mountholyokenews.com,https://www.mountholyokenews.com/contact-us,,42.255425,-72.5728843
Mount Mary University,WI,Arches,http://archesnews.com/,"http://archesnews.com/sample-page/arches-staff-page/, https://archesnews.com/sample-page/",,43.072484,-88.0308616
Mount Mercy University,IA,Mount Mercy Times,https://mountmercytimes.home.blog,https://mountmercytimes.home.blog/the-editorial-staff/,,42.0027013,-91.6522379
Mount St. Mary's University,MD,The Mountain Echo,https://www.msmuecho.com,https://www.msmuecho.com/staff,,39.6799914,-77.3486971
Mount Wachusett Community College ,MA,Mt. Observer,https://www.mountobserver.com/,,,42.5939085,-71.9853297
Mt. Hood Community College,OR,The Advocate,https://www.advocate-online.net/news-2/,https://www.advocate-online.net/contact/,,45.5143998,-122.3956309
Mt. San Antonio College,CA,SAC Media,https://sac.media/,https://sac.media/about/,,34.0487487,-117.8421321
Muhlenberg College,PA,The Muhlenberg Weekly,https://muhlenbergweekly.com,"https://muhlenbergweekly.com/about/who-we-are/, https://muhlenbergweekly.com/contact/, https://www.muhlenberg.edu/facultysearch/facultyresults/svigneri/",,40.5981933,-75.5081076
Murray State University,KY,The Murray State News,https://murraystatenews.org,https://murraystatenews.org/about-the-news/contactthenews/,,36.616251,-88.3209372
New College of Florida,FL,Catalyst,https://ncfcatalyst.com/,https://ncfcatalyst.com/staff-profiles/,,27.3849617,-82.5639597
New England College,NH,The NewEnglander,https://www.the-new-englander.com,https://www.the-new-englander.com,,43.1778442,-71.8214393
New Jersey City University,NJ,The Gothic Times,https://gothictimes.net,https://gothictimes.net/gt-staff/,,40.709657,-74.0876226
New Jersey Institute of Technology,NJ,The Vector,https://njitvector.com,https://njitvector.com/contact-us/,,40.7424259,-74.1784006
New Mexico State University,NM,The Round Up,https://nmsuroundup.com,https://nmsuroundup.com/contact-us/,,32.2792887,-106.7491391
New York University,NY,Washington Square News,https://nyunews.com,https://nyunews.com/staff,,40.73012093,-73.9965634
Newman University,KS,The Vantage,https://www.newmanvantage.com,"https://www.newmanvantage.com/staff/, https://www.newmanvantage.com/about/, https://newmanu.edu/academics/undergraduate/journalism-wichita/the-vantage",,37.673508,-97.377744
Newmark Graduate School of Journalism at CUNY,NY,NYCity News Service,https://www.nycitynewsservice.com,https://www.nycitynewsservice.com/contact-us/,,40.7554192,-73.9889219
Nicholls State University,LA,The Nicholls Worth,https://thenichollsworth.com/the-nicholls-worth/,https://thenichollsworth.com/advertise/#,,29.7903032,-90.8028911
Norfolk State University,VA,Spartan Echo,https://spartanecho.org,https://spartanecho.org/staff/,,36.8479292,-76.2620987
North Carolina A&T University,NC,The A&T Register,https://ncatregister.com,https://ncatregister.com/meet-the-staff/,,36.0770034,-79.7718199
North Carolina Central University,NC,Campus Echo,https://campusecho.com,"https://campusecho.com/about-me/, https://bdepyssler.smugmug.com/Stie-files/About-Me",,35.972982,-78.8962889
North Carolina State University,NC,Technician,https://www.technicianonline.com,https://www.technicianonline.com/site/editorialstaff.html,,35.7850744,-78.6812824
North Carolina State University,NC,The Nubian Message,https://thenubianmessage.com/,https://thenubianmessage.com/about-2/staff/,,35.7850744,-78.6812824
North Carolina Wesleyan College,NC,The Decree,https://anyflip.com/kosg/nbmo/,"https://anyflip.com/kosg/nbmo/, https://ncwu.edu/academics/faculty/",,36.0171946,-77.7756167
North Central College,IL,The Chronicle,https://ncclinked.com/,https://ncclinked.com/staff/,,41.7722717,-88.1439455
North Central University,MN,The Northerner,,https://www.facebook.com/ncunortherner/,Website not working,44.9688111,-93.2618835
North Dakota State University,ND,The Spectrum,https://ndsuspectrum.com,https://www.ndsu.edu/communication/student_organizations/the_spectrum/,,46.8977528,-96.8024367
North Greenville University,SC,The Vision,https://thevisionngu.com,"https://thevisionngu.com/meet-the-staff/, https://www.ngu.edu/faculty/karyn-campbell/",,35.0664415,-82.3730904
North Idaho College,ID,The Sentinel,https://nicsentinel.com,https://nicsentinel.com/contact-us/,,47.6760213,-116.7975299
North Lake College,TX,News-Register,https://nlcnewsregister.com,https://nlcnewsregister.com/category/campus-news/,,32.8744085,-96.9658817
Northampton Community College,PA,The Commuter,https://www.commuterncc.com/blog,https://www.commuterncc.com/contact-8,,40.6724332,-75.3257474
Northeast Alabama Community College,AL,Aurora,https://www.nacc.edu/programs-of-study/english-and-fine-arts-division/english-department/aurora,https://www.nacc.edu/programs-of-study/english-and-fine-arts-division/english-department/aurora,,34.5451573,-85.9128128
Northeast Community College,NE,The Viewpoint,https://neviewpoint.com/about/,"https://neviewpoint.com/staff/, https://www.linkedin.com/in/jacie-ambrose-798649312/, https://neviewpoint.com/contact/",,42.0499081,-97.3940962
Northeast Texas Community College,TX,The Eagle,http://www.ntcceagleonline.com," http://www.ntcceagleonline.com/staff/, http://www.ntcceagleonline.com/contact/",,33.1045694,-94.8807873
Northeastern Illinois University,IL,The Independent,https://neiuindependent.org,"https://neiuindependent.org/about-us/, https://neiuindependent.org/contact/",,41.9794789,-87.7188527
Northeastern State University,OK,The Northeastern,https://www.nsunews.com/,,,35.921141,-94.965904
Northeastern University,MA,The Huntington News,https://huntnewsnu.com,"https://huntnewsnu.com/staff-directory/, https://huntnewsnu.com/2436/campus/contact-us/",,42.3398067,-71.0891717
Northern Arizona University,AZ,The Lumberjack,https://www.jackcentral.org,https://www.jackcentral.org/site/contact.html,,35.1802684,-111.6540336
University of Northern Colorado,CO,The Mirror,https://www.uncmirror.com/,https://www.uncmirror.com/page/about,,40.4027669,-104.700274
Northern Essex Community College,MA,NECC Observer,https://observer.necc.mass.edu,https://observer.necc.mass.edu/about#contact-us,,42.7967355,-71.0490114
Northern Illinois University,IL,Northern Star,https://northernstar.info/,https://northernstar.info/contact-us/,,41.934194,-88.7738783
Northern Kentucky University,KY,The Northerner,https://www.thenortherner.com,"https://www.thenortherner.com/contact-us/, https://www.thenortherner.com/staff/, https://www.nku.edu/academics/informatics/schools/smc/people.html",,39.0312035,-84.4625345
Northern Michigan University,MI,The North Wind,https://thenorthwindonline.com,https://thenorthwindonline.com/staff-profiles/,,46.5601965,-87.4076051
Northern State University,SD,Exponent,https://exponentnsu.wordpress.com/home/,https://exponentnsu.wordpress.com/exponent-staff/,,45.4510068,-98.4829326
Northern Vermont University - Johnson,VT,Basement Medicine,https://www.basementmedicine.org,"https://www.facebook.com/jscbasementmedicine/, https://www.northernvermont.edu/about/our-people/directory/basement-medicine/",,44.5588028,-72.5778415
Northern Vermont University - Lyndon,VT,The Critic,https://nvulyndoncritic.com/,https://nvulyndoncritic.com/contact-us/,,44.5453088,-72.0000723
Northwest Arkansas Community College,AR,Eagle View,https://eagleview.news.blog/blog/,https://www.nwacc.edu/academicdivisions/commart/studentnewspaper/lettertotheeditor.aspx ,,36.358598,-94.172471
Northwest Missouri State University,MO,Northwest Missourian,https://www.nwmissourinews.com/,https://www.nwmissourinews.com/site/staff/personnel.html,,40.3519854,-94.8825243
Northwestern Michigan College,MI,White Pine Press,https://www.whitepinepresstc.com,https://www.whitepinepresstc.com/about-us-1,,44.7659019,-85.5824341
Northwestern Oklahoma State University,OK,Ranger Pulse,https://northwesternnews.rangerpulse.com,https://northwesternnews.rangerpulse.com/about-2/,,36.7966974,-98.6682949
Northwestern State University,LA,The Current Sauce,https://purplemedianetwork.com/the-current-sauce/,https://purplemedianetwork.com/staff/,,31.7489726,-93.097876
Northwestern University,IL,The Daily Northwestern,https://dailynorthwestern.com/featured-stories/,https://dailynorthwestern.com/contact/,,42.0564594,-87.675267
Norwalk Community College,CT,The Voice,https://nccvoice.wixsite.com/mysite/news,https://nccvoice.wixsite.com/mysite/general-7,,41.1025499,-73.452181
Norwich University,VT,The Guidon,https://norwichguidon.org,"https://norwichguidon.org/staff/, https://norwichguidon.org/about/",,44.1387642,-72.6615774
Notre Dame,,,,,https://irishrover.net/council-of-faculty-advisors/,41.7001908,-86.2379328
Nova Southeastern University,FL,The Current,https://www.makomedia.nova.edu,https://www.makomedia.nova.edu/mmn-staff/,,26.0791417,-80.2465466
Oakland University,MI,Oakland Post,https://oaklandpostonline.com/,https://oaklandpostonline.com/contact-us/,,42.6678782,-83.2082347
Oakton Community College,IL,Occurence,https://oaktonoccurrence.com/,https://www.oakton.edu/life-at-oakton/student-activities/student-newspaper.php,,42.0633881,-87.8802226
Oberlin College,OH,The Oberlin Review,https://oberlinreview.org,https://oberlinreview.org/contact-us/,,41.2958696,-82.221089
Occidental College,CA,The Occidental,https://theoccidentalnews.com,https://theoccidentalnews.com,,34.12736,-118.2104777
Ohio Northern University,OH,Northern Review,https://northernreview.org,https://northernreview.org,,40.7656634,-83.8328479
Ohio University,OH,The Post,https://www.thepostathens.com,https://www.thepostathens.com/page/about,,39.324358,-82.1013889
Ohio Wesleyan University,OH,The Transcript,https://owutranscript.com,https://owutranscript.com/about-us/staff/,New website not working,40.2965764,-83.0710078
Oklahoma Baptist University,OK,The Bison,https://www.google.com/search?client=safari&rls=en&q=The+Bison%2C+https%3A%2F%2Fthebisonnews.com%2F&ie=UTF-8&oe=UTF-8,https://thebisonnews.com/contact/ ,,35.3614905,-96.9351116
Oklahoma Christian University,OK,Talon News,http://www.talon.news,http://www.talon.news/staff/,,35.6126232,-97.4697937
Oklahoma City University,OK,Media OCU,http://mediaocu.com/,https://mediaocu.com/contact-us/,,35.495481,-97.5410111
Oklahoma State University,OK,The O'Colly,https://www.ocolly.com/news/,https://www.ocolly.com/static/contact_the_ocolly/contact.html,,36.126572,-97.0734821
Old Dominion University,VA,Mace and Crown,https://maceandcrown.com,https://maceandcrown.com/about/contact-us/,,36.8853217,-76.3058786
Oral Roberts University,OK,The Oracle,https://oruoracle.com/,,,36.0508093,-95.9528284
Oregon State University,OR,The Daily Barometer,https://dailybaro.orangemedianetwork.com,https://dailybaro.orangemedianetwork.com/about/,,44.5618097,-123.2822671
Otterbein University,OH,T&C Media,https://www.tandcmedia.org,https://www.tandcmedia.org/page/about,,40.1268746,-82.9371852
Ouachita Baptist University,AR,The Signal,https://www.obusignal.com,https://www.obusignal.com/about-2/,,34.1312878,-93.0517521
Pace University,NY,The Pace Press,https://thepacepress.org/,https://thepacepress.org/about-us/,,40.7112562,-74.0051758
Pace University Pleasantville,NY,The Pace Chronicle,https://pacechronicle.com,https://pacechronicle.com/staff/,,41.1333,-73.7926
Pacific Lutheran University,WA,The Mast,https://www.plu.edu/studentmedia/mooring-mast/,https://www.plu.edu/studentmedia/mooring-mast/,Website not working,47.1451931,-122.4436669
Pacific University,OR,Pacific Index,https://pacindex.com,https://pacindex.com/staff/,,45.5243174,-123.1103252
Palm Beach Atlantic University,FL,The Beacon Today,https://www.thebeacontoday.com  ,https://www.thebeacontoday.com/contact,,26.70319,-80.0528845
Palm Beach State College,FL,Beachcomber,https://www.facebook.com/PBSCBeachcomber/,https://www.facebook.com/PBSCBeachcomber/,Possibly not active anymore and website down,26.6119841,-80.0869018
Park University,MO,Stylus,https://www.stylusonline.org,https://www.stylusonline.org,,39.191576,-94.6755573
Parkland College,IL,Prospectus,https://www.prospectusnews.com/ ,https://www.prospectusnews.com/about-contact/  ,,40.1319415,-88.2885819
Pasadena City College,CA,PCC Courier,https://www.pcccourier.com/ ,https://www.pcccourier.com/about-us/staff,,34.1439461,-118.118761
Passaic County Community College,NJ,Visions Newspaper,https://www.visionsnewspaper.com,https://www.visionsnewspaper.com/contact,,40.917911,-74.1687677
Peninsula College,WA,The Buccaneer,https://www.passthebuc.com  ,https://www.passthebuc.com/about-and-contact/  ,,48.1022666,-123.4124396
Penn State Beaver,PA,The Roar,https://sites.psu.edu/theroar/,https://sites.psu.edu/theroar/about/,,40.678811,-80.2963765
Penn State Behrend,PA,The Behrend Beacon,https://behrendbeacon.com ,https://behrendbeacon.com/contact-us-the-behrend-beacon/,,38.7945952,-106.5348379
Penn State New Kensington,PA,Nittany Pride, https://nittanypride.wordpress.com/,https://nittanypride.wordpress.com/about/,,40.5697892,-79.7647705
Penn State University,PA,Daily Collegian,https://www.psucollegian.com ,https://www.psucollegian.com/site/contact.html,,40.7982133,-77.8599084
Pensacola State College,FL,The Corsair,https://ecorsair.pensacolastate.edu/ ,,,30.4827432,-87.2021504
Pepperdine University,CA,Graphic,https://pepperdine-graphic.com/category/news/,https://pepperdine-graphic.com/contact/,,34.0415037,-118.709596
Peru State College,NE,Peru State Times,https://www.peru.edu/newsroom/all-news/2/  ,https://www.peru.edu/studentlife/clubs/,,40.4741686,-95.7336054
Piedmont Community College,NC,The Forum,https://www.piedmontforum.com,https://www.pvcc.edu/forum-student-newspaper-club,,36.431842,-78.980434
Piedmont University,GA,The Roar,https://piedmontroar.com/roar-news/,https://piedmontroar.com/staff/,,34.5665363,-83.5419975
Piedmont Virginia Community College,VA,The Forum,https://www.piedmontforum.com,https://www.pvcc.edu/forum-student-newspaper-club,,38.0063054,-78.484332
Pierce College,CA,Pierce College Roundup,https://theroundupnews.com,https://www.facebook.com/theroundupnews/,,34.1837594,-118.5797975
Pierce College Fort Steilacoom,WA,Puyallup Post,https://puyalluppost.com/ ,https://puyalluppost.com/contact-us/  ,,47.1714455,-122.5714641
Pikes Peak State College,CO,The Pikes Peak Echo,https://pikespeakpaper.org,https://pikespeakpaper.org,,38.7642369,-104.788468
Pima Community College,AZ,Aztec Press Online,https://www.pimapost.com,https://pima.edu/student-resources/student-activities/student-publications/index.html,,32.3435478,-111.0272835
Pittsburg State University,KS,The Collegio,https://psucollegio.com,https://www.facebook.com/thepsucollegio/,,37.390414,-94.691094
Plymouth State University,NH,The Clock Online,https://www.plymouth.edu/theclock/,https://www.plymouth.edu/theclock/staff/,,43.7614453,-71.6891605
Point Loma Nazarene University,CA,The Point,https://lomabeat.com,https://lomabeat.com/contact-us/,,32.7177636,-117.2513541
Point Park University,PA,The Globe,https://ppuglobe.com/#The%20Globe,"https://ppuglobe.com/staff-profiles/, https://ppuglobe.com/about/",,40.4384916,-80.0017987
Portland State University,OR,PSU Vanguard,https://psuvanguard.com,https://psuvanguard.com/contact-2/,,45.5111153,-122.6833385
Prairie State College,IL,The Pioneer,https://pscpioneer.com,"https://pscpioneer.com/staff/, https://pscpioneer.com/about/contact-us/",,41.5273773,-87.6384429
Prairie View A&M University,TX,The Panther,http://www.pvpanther.com,https://www.pvamu.edu/sa/the-panther-contact/,,30.0954974,-95.9907076
Pratt Institute,NY,The Prattler,https://www.prattleronline.com,https://www.prattleronline.com/officers,,40.6913844,-73.9629858
Princeton University,NJ,The Daily Princetonian,https://www.dailyprincetonian.com/section/news,https://www.dailyprincetonian.com/page/contact,,40.3430942,-74.6550739
Providence College,RI,The Cowl,https://www.thecowl.com/,https://www.thecowl.com/about-us/meet-our-staff/,,41.8440047,-71.4347475
Purdue University,IN,The Exponent,https://www.purdueexponent.org,https://www.purdueexponent.org/site/contact.html,,40.4237054,-86.9211946
Purdue University Northwest,IN,PNW Pioneer,https://pnwpioneer.com/,,,41.5808418,-87.4723763
Quincy University,IL,The Falcon,https://qumedia.net/the-falcon/,https://qumedia.net/the-falcon/,,39.9405844,-91.3854387
Quinnipiac University,CT,The Quinnipiac Chronicle,https://quchronicle.com,"https://quchronicle.com/meet-the-editors/staff/, https://quchronicle.com/contact-us/",,41.4189262,-72.8936493
Radford University,VA,The Tartan,https://rutartan.com,https://www.facebook.com/rutartan/,,37.1382597,-80.5506161
Ramapo College of New Jersey,NJ,Ramapo News,https://www.ramaponews.com,https://www.ramaponews.com/contact-us/,,41.081602,-74.1753734
Randolph-Macon College,VA,The Yellow Jacket,https://yjpaper.org,https://yjpaper.org/staff/,,37.7631796,-77.4773666
Raritan Valley Community College,NJ,The Record,https://rvccrecord.com,"https://rvccrecord.com/contactus/, https://www.facebook.com/rvcctherecord/",,40.6099967,-74.6881866
Reading Area Community College,PA,The Front Street Journal,https://www.thefrontstreetjournal.com,https://www.thefrontstreetjournal.com/about,,40.3343637,-75.9343947
Reed College,OR,The Reed College Quest,https://www.reedquest.org,https://www.reedquest.org/contact,,45.4810848,-122.6308086
Regent University,VA,Daily Runner,https://dailyrunneronline.com ,https://dailyrunneronline.com/contactus/,,36.8007899,-76.1928949
Regis University,CO,The Regis Highlander,https://ruhighlander.org,"https://ruhighlander.org/the-staff, https://ruhighlander.org/about-us, https://www.regis.edu/academics/faculty-finder/faculty/meghan-sobel-cohen",,39.7896087,-105.0302396
Reinhardt University,GA,The Eagle Eye,,https://www.facebook.com/RUEagleEye/,"Website not working for The Eagle Eye, https://thehiltonian.com Also a Reinhardt University paper, however it's unclear if it's student-run or not ",34.3205083,-84.5509513
Rensselaer Polytechnic Institute,NY,The Polytechnic,https://poly.rpi.edu/,,,42.7297628,-73.6788884
Rhode Island College,RI,The Anchor,https://www.anchorweb.org,https://www.anchorweb.org/contact-us,,41.8417288,-71.4627575
Rhode Island School of Design,RI,The College Hill Independent,https://www.theindy.org/about,https://www.theindy.org/about,,41.8270818,-71.4092975
Rhodes College,TN,The Sou'wester,https://rhodes.presence.io/organization/the-souwester,https://www.facebook.com/souwesternewspaper/,,35.1555409,-89.9893293
Rice University,TX,The Rice Thresher,https://www.ricethresher.org,"https://www.ricethresher.org/page/about, https://www.ricethresher.org/page/contact",,29.7168363,-95.4035531
Richland College,TX,Richland Chronicle,https://richlandstudentmedia.com/category/online-only/,"https://richlandstudentmedia.com/editors/, https://richlandstudentmedia.com/staff/",,32.9211773,-96.7284623
Rider University,NJ,The Rider News,https://theridernews.com,"https://theridernews.com/staff/, https://theridernews.com/contact-us/",,40.2811583,-74.7407633
Ripon College,WI,College Days,https://riponmedia.com/college-days/,https://riponmedia.com/about/,,43.8440322,-88.8423614
Riverside City College,CA,Viewpoints,https://viewpointsonline.org,"https://viewpointsonline.org/staff-list/, https://viewpointsonline.org/contact-us/",,33.9711925,-117.3811035
Roanoke College,VA,Brackety-Ack,https://brackety-ack.com,https://brackety-ack.com/?page_id=8,,37.2974467,-80.0552666
Robert Morris University,PA,Sentry Media,https://www.rmusentrymedia.com,https://www.rmusentrymedia.com/about-2/,,40.5213461,-80.2127179
Rochester Institute of Technology,NY,Reporter Magazine,https://reporter.rit.edu/,,,43.0803647,-77.6707924
Rock Valley College,IL,The Valley Forge,https://www.rvcvalleyforge.com,https://www.rvcvalleyforge.com/index.php/valley-forge-staff/,,42.3081071,-88.9939767
Rockhurst University,MO,The Sentinel,https://rusentinel.com,https://rusentinel.com/about/,,39.0303478,-94.5710674
Rockland Community College,NY,Outlook Student Press,https://medium.com/@outlookstudentpressrcc,https://medium.com/@outlookstudentpressrcc/about,,41.1344472,-74.0846692
Rocky Mountain College,MT,"The Rocky Mountain Collegian, The Summit",https://collegian.com,"https://collegian.com/staff-page/, https://rmsmc.com/contact-us/ - The Collegian, https://www.facebook.com/rmcsummit/ - The Summit",,45.7965967,-108.5581514
Roger Williams University,RI,The Hawks' Herald,https://rwuhawksherald.com,https://rwuhawksherald.com,,41.6508516,-71.2592083
Rollins College,FL,The Sandspur,https://www.thesandspur.org," https://www.thesandspur.org/contact-us-2/, https://www.facebook.com/thesandspur/, https://www.lesliekemppoole.com/contact",,28.5927153,-81.3485013
Roosevelt University,IL,The Torch,https://rutorch.wordpress.com,https://www.facebook.com/RooseveltTorchNews/,,41.8760026,-87.6251806
Rose State College,OK,15th Street News,https://www.15thstreetnews.org/,https://www.rosestatemediagroup.com/about,,35.4446054,-97.4137767
Rowan University,NJ,The Whit,https://thewhitonline.com,https://thewhitonline.com/staff/,,39.7099689,-75.1191932
Rutgers University-Camden,NJ,The Daily Targum,https://dailytargum.com/,,,39.9484052,-75.1217367
Rutgers University-Newark,NJ,The Observer,https://rutgersobserver.wordpress.com,https://rutgersobserver.wordpress.com/contact-us/,,40.739586,-74.1736908
Rutgers-Camden,NJ,The Gleaner,https://gleaner.rutgers.edu/category/news-features/,https://gleaner.rutgers.edu/contact-us/,,39.9484052,-75.1217367
Rutgers-New Brunswick,NJ,The Daily Targum,https://dailytargum.com/category/news,https://dailytargum.com/page/contact,,40.5037764,-74.4508342
Sacred Heart University,CT,Spectrum,https://www.shuspectrum.com,https://www.shuspectrum.com/meet-the-staff/,,41.220562,-73.2423947
Saddleback College,CA,Lariat,https://lariatnews.com,https://www.facebook.com/lariatnews,,33.5542768,-117.6640079
Saginaw Valley State University,MI,The Valley Vanguard,https://thevalleyvanguard.com,"https://thevalleyvanguard.com/2024-staff/, https://www.facebook.com/TheValleyVanguard/",,43.5142733,-83.9623559
Saint Cloud State University,MN,University Chronicle,http://universitychron.com/,,,45.548639,-94.1515367
Saint Francis University,PA,The Troubadour,https://troubadour.francis.edu,https://troubadour.francis.edu/about/staff/,,40.5037488,-78.6388875
Saint Joseph's University,PA,The Hawk Newspaper,https://sjuhawknews.com,"https://sjuhawknews.com/staff/, https://www.facebook.com/sjuhawknews/, https://directory.sju.edu/shenid-bhayroo",,39.9951217,-75.2399328
Saint Leo University,FL,The Lions' Pride,https://lionsprideonline.com/,,,28.3383111,-82.2572858
Saint Louis Community College-Florissant Valley                                                                                                                                                                                                ,MO,The Forum,https://www.theforumfv.com/,https://www.theforumfv.com/about,,38.7685917,-90.2882323
Saint Louis Community College-Forest Park,MO,The Scene,https://thescenefp.com,"https://thescenefp.com/staff/, https://stlcc.edu/clubs/",,38.6290512,-90.2787956
Saint Louis Community College-Meramec,MO,The Montage,https://www.meramecmontage.com,https://stlcc.edu/campus-life-community/student-media.aspx,,38.5687591,-90.4206356
Saint Louis University,MO,The University News,https://unewsonline.com,https://unewsonline.com/contact/,,38.6358876,-90.2341231
Saint Mary's College,IN,The Observer,https://www.ndsmcobserver.com,https://www.ndsmcobserver.com/page/contact,"Holy Cross, Saint Mary's, and Notre Dame",41.7069755,-86.2619381
Saint Mary's College of California,CA,The Collegian,https://www.smccollegian.org,"https://www.smccollegian.org/meet-the-team.html, https://www.stmarys-ca.edu/faculty-directory/higdon-nolan",,37.8408837,-122.1089374
Saint Michael's College,VT,Defender,https://defender.smcvt.edu,https://defender.smcvt.edu/staff/ ,,44.49598,-73.163743
Saint Peter's University,NJ,Saint Peter's Tribune,https://www.saintpeterstribune.com,https://www.saintpeterstribune.com/site/contact.html,,40.7269492,-74.0700326
Saint Xavier University,IL,The Xavierite,https://sxustudentmedia.com/category/news/,"https://sxustudentmedia.com/staff/, https://www.facebook.com/thexavieritenewspaper/, https://www.sxu.edu/directory/cas/communication/peter-kreten.html",,41.7090693,-87.7151551
Salem College,NC,The Salemite,https://thesalemite.com,"https://thesalemite.com/about/the-staff-2019-2020/, https://thesalemite.com/about/contact-us/, https://www.salem.edu/team/t-sharee-fowler/",,36.0875173,-80.2412072
Salisbury University,MD,The Flyer,https://www.thesuflyer.com,https://www.thesuflyer.com/about-1,,38.3462183,-75.6055949
Salt Lake Community College,UT,The Globe,https://www.globeslcc.com,"https://www.globeslcc.com/staff/, https://www.globeslcc.com/contact-us/, https://www.slcc.edu/arts-comm/faculty.aspx",,40.672139,-111.9427925
Salve Regina University,RI,Mosaic,https://www.srumosaic.com,https://events.salve.edu/event/a-conversation-with-kashmir-hill?utm_source=chatgpt.com,,41.4728515,-71.3018716
Sam Houston State University,TX,The Houstonian,https://thehoustoniannews.com,https://thehoustoniannews.com/about-the-houstonian/,,30.7151799,-95.5466174
Samford University,AL,The Samford Crimson,https://www.thesamfordcrimson.com/,,,33.4649218,-86.7913423
San Antonio College,TX,The Sundial,https://sacsundial.com,https://sacsundial.com/contact/,Formerly called The Ranger,29.4457849,-98.4959969
San Diego City College,CA,City Times,https://sdcitytimes.com/,,,32.7175697,-117.1508543
San Diego Mesa College,CA,The Mesa Press,https://www.mesapress.com/,https://www.mesapress.com/about/,,32.8049085,-117.1675503
San Diego State University,CA,The Daily Aztec,https://thedailyaztec.com,https://thedailyaztec.com/staff/,,32.7764121,-117.0719191
San Francisco State University,CA,Golden Gate Xpress,https://goldengatexpress.org,https://goldengatexpress.org/about/contact/,,37.7241492,-122.4799405
San Jacinto College Central,TX,San Jacinto Times,https://sanjactimes.com,https://sanjactimes.com/about/,,38.7945952,-106.5348379
San Joaquin Delta College,CA,The Collegian ,https://deltacollegian.net,https://deltacollegian.net,,37.9953671,-121.3195528
San Jose State University,CA,Spartan Daily,https://sjsunews.com/publication/spartan-daily,https://sjsunews.com/contact,,37.3351874,-121.8810715
Santa Ana College,CA,el Don News,https://eldonnews.org,"https://eldonnews.org/about/, https://eldonnews.org/contact-us-spring-2025/",,33.7579713,-117.888884
Santa Clara University,CA,The Santa Clara,https://www.thesantaclara.org,https://www.thesantaclara.org/contact,,37.3489255,-121.9367804
Santa Monica College,CA,The Corsair,https://www.thecorsaironline.com,https://www.thecorsaironline.com/contact,,34.0167814,-118.4706934
Santa Rosa Junior College,CA,The Oak Leaf,https://www.theoakleafnews.com/,https://www.theoakleafnews.com/contact/,,38.4552325,-122.7212677
Sarah Lawrence College,NY,The Phoenix,https://sarahlawrencephoenix.com,https://sarahlawrencephoenix.com/staff,,40.93459,-73.8455821
Sauk Valley Community College,IL,The Skyhawk View,,https://www.facebook.com/svccskyhawkview/,Webpage not found,41.8197944,-89.5974457
Savannah College of Art and Design-Atlanta,GA,The Connector,https://scadconnector.com,"https://scadconnector.com/contact-us/, https://scadconnector.com/our-staff/",,33.7501275,-84.3885209
Savannah College of Art and Design-Savannah,GA,District,https://scaddistrict.com,https://docs.google.com/forms/d/e/1FAIpQLSceWZT56G7fbtYutP2xLGo7DP5Wh9Xo_w076ioeCmgVzy8YXw/viewform,,32.0691097,-81.0938141
Savannah State University,GA,The Tiger's Roar,https://www.tigersroar.com,https://www.tigersroar.com/site/staff.html,,32.0241968,-81.0625787
Schoolcraft College,MI,Schoolcraft Connection,https://schoolcraftconnection.com,https://schoolcraftconnection.com/contact-us/,,42.4203969,-83.429228
Seattle Pacific University,WA,The Falcon,https://thefalcon.seapacmedia.com,"https://thefalcon.seapacmedia.com/about/editors/, https://www.facebook.com/thefalcononline/",,47.6491714,-122.3618554
Seattle University,WA,The Spectator,https://seattlespectator.com,"https://seattlespectator.com/staff-2/staff/, https://www.facebook.com/SeattleSpectator/",,47.6061389,-122.3328481
Seminole State College,FL,The Seminole Scribe,,https://www.facebook.com/SeminoleScribe/,Webpage not found,28.7449872,-81.3045654
Seton Hall University,NJ,The Setonian,https://www.thesetonian.com,https://www.thesetonian.com/page/about,,40.7430841,-74.246082
Seton Hill University,PA,Setonian,https://setonianonline.com,https://setonianonline.com/about-us/,,40.3089241,-79.555889
Sewanee: The University of the South,TN,The Sewanee Purple,https://thesewaneepurple.org,"https://thesewaneepurple.org/staff/, https://www.facebook.com/TheSewaneePurple/?fref=ts, https://new.sewanee.edu/online-directory/",,35.2050343,-85.9176238
Seward County Community College,KS,Crusader News,https://crusadernews.com/news-2/,"https://crusadernews.com/contact-us/, https://www.facebook.com/CrusaderNews/?fref=nf",,37.0592889,-100.9190636
Shawnee State University,OH,The Chronicle,https://shawneestatechronicle.com/,https://shawneestatechronicle.com/about/,,38.7313546,-82.9919621
Shepherd University,WV,SUPicket,https://supicket.com,https://supicket.com/contact/,,39.4338148,-77.8044392
Shippensburg University,PA,The Slate,https://www.theslateonline.com,"https://www.theslateonline.com/page/contact, https://www.ship.edu/academics/cas/communication-journalism/faculty/drager/",,40.0615522,-77.5232461
Siena Heights University,MI,Spectra,https://www.shuspectra.com,https://www.shuspectra.com/contact-us/,,41.9046111,-84.0162617
Simmons University,MA,The Simmons Voice,https://simmonsvoice.com,"https://simmonsvoice.com/about/, https://simmonsvoice.com/staff/",,42.339063,-71.1004376
Simpson College,IA,The Simpsonian,https://thesimpsonian.com,https://thesimpsonian.com/contact-us/,,41.3660163,-93.562973
Sinclair Community College,OH,The Clarion,https://www.sinclairclarion.com,https://www.sinclairclarion.com/home/staff/,,39.7572689,-84.1993987
Skidmore College,NY,The Skidmore News,https://skidmorenews.com/news,https://skidmorenews.com/about,,43.0959241,-73.7852385
Skyline College,CA,The Skyline View,https://www.theskylineview.com/,https://www.theskylineview.com/about/,,37.6301616,-122.468515
Slippery Rock University,PA,The Rocket,https://www.theonlinerocket.com,https://www.facebook.com/SRURocket,,41.0623618,-80.0395205
Smith College,MA,The Sophian,https://thesophian.com,https://thesophian.com/staff/,,42.3162992,-72.6403095
Snow College ,UT,Snowdrift,https://www.snowcollegenews.com,https://www.snowcollegenews.com/staff,,39.3612246,-111.5829275
Sonoma State University,CA,Sonoma State Star,https://sonomastatestar.com,https://sonomastatestar.com/staff/,,38.3380036,-122.6763181
South Dakota State University,SD,The Collegian,https://sdsucollegian.com,https://sdsucollegian.com/staff/,,44.3191071,-96.7835182
Southeast Missouri State University,MO,Arrow,https://www.southeastarrow.com,https://www.southeastarrow.com/contact-us,,37.3148783,-89.5280438
Southeastern Louisiana University,LA,The Lion's Roar,https://lionsroarnews.com,"https://lionsroarnews.com/about/staff/, https://lionsroarnews.com/about/, https://www.southeastern.edu/employee/chelsea-slack/",,30.5178932,-90.4710715
Southeastern Oklahoma State University,OK,The Southeastern,https://thesoutheastern.com,"https://thesoutheastern.com/contact/, https://thesoutheastern.com/about/",,34.0056034,-96.3781707
Southern Adventist University,TN,Southern Accent,https://southern-accent.org,https://southern-accent.org/contact/,,35.0482015,-85.0519507
Southern Connecticut State University,CT,Southern News,https://thesouthernnews.org,https://thesouthernnews.org/contact-us/,,41.3317662,-72.9483416
Southern Illinois University,IL,Daily Egyptian,https://dailyegyptian.com,https://dailyegyptian.com/contact-us/,,37.7079717,-89.2229983
Southern Illinois University-Edwardsville,IL,The Alestle,http://www.alestlelive.com/,https://www.alestlelive.com/site/contact.html,,38.7951375,-89.9996714
Southern Methodist University,TX,The Daily Campus,https://smudailycampus.com,https://smudailycampus.com/1061116/uncategorized-zh/contact-our-editors/,,32.8412178,-96.7845175
Southern Methodist University's Journalism Division,TX,The Daily Campus,https://smudailycampus.com,https://smudailycampus.com/1061116/uncategorized-zh/contact-our-editors/,,32.8412178,-96.7845175
Southern Nazarene University,OK,The Echo,https://echo.snu.edu,"https://echo.snu.edu/staff-2/, https://www.facebook.com/SNUEcho",,35.5135594,-97.6288124
Southern New Hampshire University,NH,The Penmen Press,https://penmenpress.com,https://www.facebook.com/penmenpress,,43.0382166,-71.4493554
Southern Oregon University,OR,The Siskiyou,https://siskiyou.sou.edu,"https://siskiyou.sou.edu/contact/, https://www.facebook.com/TheSiskiyou/",,42.1854223,-122.6938211
Southern University and A&M College,LA,The Southern Digest,,"https://www.subr.edu/page/4810, https://www.subr.edu/page/meet-the-staff, https://www.facebook.com/southernuosm1/",Website not working,30.5265222,-91.1929407
Southern University at New Orleans,LA,The Observer,https://www.suno.edu/page/the-observer,https://www.suno.edu/assets/suno/The-Observer-2025-March-Edition--1.pdf,,30.0259133,-90.0449055
Southern Utah University,UT,SUU News,https://suunews.net,https://suunews.net/about/our-staff/,,40.7606608,-111.8939487
Southern Virginia University,VA,The Herald,https://medium.com/theherald,https://medium.com/theherald/about,,37.7407843,-79.3497177
Southwest Minnesota State University,MN,The Mustang Buzz,https://www.mustangbuzz.net,"https://www.mustangbuzz.net/staff/, https://www.mustangbuzz.net/contact/",Used to be called The Spur,44.4561597,-95.759877
Southwestern College,CA,The Sun,https://swcsun.org,"https://swcsun.org, https://www.facebook.com/swcsun/",,32.6400996,-116.9978233
Spartanburg Methodist College,SC,The Trailblazer,https://smctrailblazer.com,"https://www.smcsc.edu/academics/degrees-programs/trailblazer/, https://www.smcsc.edu/directory/jill-coyle/",,34.9551165,-81.9708637
Spelman College ,GA,The Blueprint ,https://thespelmanblueprint.framer.website/,https://thespelmanblueprint.framer.website/contact,,33.7451954,-84.4114376
Spokane Falls Community College,WA,The Communicator,https://communicatoronline.org,https://communicatoronline.org/find_us/,,47.676861,-117.464318
Spring Hill College,AL,The SpringHillian,https://thespringhillian.com,https://www.facebook.com/SHCStudentMedia/,,30.6944109,-88.1373223
Springfield College,MA,,https://scstudentmedia.com/,,,42.1034769,-72.5557675
St. Ambrose University,IA,The Buzz,https://sauthebuzz.com ,https://sauthebuzz.com/contact-us/  ,,41.5398467,-90.5806112
St. Anselm College,NH,The Crier Newspaper,https://criernewsroom.com,https://criernewsroom.com/about/staff/,,42.9846853,-71.5060271
St. Catherine University,MN,The Wheel,https://www.stkateswheel.org,"https://www.stkateswheel.org/staff, https://www.facebook.com/stcatherinewheel/",,44.9248169,-93.182336
St. Cloud State University,MN,University Chronicle,https://www.universitychron.com,https://www.universitychron.com/contact-us-2/,,45.548639,-94.1515367
St. Edward's University,TX,Hilltop Views,https://www.hilltopviewsonline.com/,https://www.hilltopviewsonline.com/about/,,30.2296915,-97.7537163
St. John's University,NY,The Torch,https://www.torchonline.com,"https://www.torchonline.com/about/, https://www.torchonline.com/about/staff/",,40.7201737,-73.7978908
St. Lawrence University,NY,The Hill News,https://thehillnews.org,"https://thehillnews.org/about-us, https://www.stlawu.edu/people/juraj-kittler",,44.5892119,-75.1608814
St. Mary's College of Maryland,MD,The Point News,https://smcmpoint.news,"https://smcmpoint.news/staff-list/, https://smcmpoint.news/contact-us/, https://inside.smcm.edu/directory/brian-osullivan",,38.1885119,-76.426275
St. Mary's University,TX,The Rattler,https://www.stmurattlernews.com/home/,https://www.stmurattlernews.com/home/,,29.4522978,-98.5646836
St. Norbert College,WI,St. Norbert Times,https://sntimes.wordpress.com,https://sntimes.wordpress.com/about/,,44.4436106,-88.069485
St. Olaf College,MN,The Olaf Messenger ,https://olafmessenger.com,https://olafmessenger.com/about/,,44.4621325,-93.1840272
Stanford University,CA,The Stanford Daily,https://stanforddaily.com,https://stanforddaily.com/contact-us/,,37.42766,-122.17006
Stephen F. Austin State University,TX,The Pine Log,https://www.thepinelog.com,https://www.thepinelog.com/site/contact.html,,31.6218702,-94.644305
Stetson University,FL,The Reporter,https://hatternetwork.com/category/reporter/,"https://hatternetwork.com/about/contact-us/, https://www.facebook.com/HatterNetwork/",,29.0353509,-81.3001125
Stevens Institute of Technology,NJ,The Stute,https://ducklink.stevens.edu/organization/the-stute,,,40.744403,-74.0251573
Stevenson University,MD,Stevenson Villager,https://stevensonvillager.com,https://stevensonvillager.com/contact-2/,,39.4105843,-76.7132892
Stillman College,AL,The Advance,https://stillmannews.wordpress.com,https://stillmannews.wordpress.com/contact-us/,,33.1982647,-87.5859218
Stockton University,NJ,The Argo,https://stocktonargo.com/author/stocktonargo/,https://stocktonargo.com/contact/,,39.4933319,-74.5335077
Stonehill College,MA,The Summit News,https://www.summitnews.org,"https://www.summitnews.org/contact, https://www.summitnews.org/staff",,42.0581053,-71.080913
Stony Brook University,NY,The Statesman,https://www.sbstatesman.com/,,,40.9041385,-73.1237618
Suffolk University,MA,The Suffolk Journal,https://thesuffolkjournal.com,"https://thesuffolkjournal.com/our-staff/?schoolyear=2024-2025, https://thesuffolkjournal.com/contact/",,42.3578508,-71.0611037
SUNY at Albany,NY,Albany Student Press,https://www.albanystudentpress.online/,,,42.6778439,-73.8266975
SUNY Binghamton University ,NY,Pipe Dream,https://www.bupipedream.com/  ,https://www.bupipedream.com/about/#contact,,42.0894288,-75.9694885
SUNY Brockport,NY,The Stylus,https://thestylus.org,"https://thestylus.org/staff/, https://www.facebook.com/thestylus/",,43.2104711,-77.9507866
SUNY Broome,NY,The Fulcrum,https://fulcrumnewspaper.wordpress.com,https://fulcrumnewspaper.wordpress.com/contact/,,42.1128178,-75.9542403
SUNY Buffalo State University,NY,The Record,https://buffstaterecord.com,"https://buffstaterecord.com/contact-us/, https://buffstaterecord.com/about/",,42.9321225,-78.8836293
SUNY Farmingdale State College,NY,The Dale News,https://blogs.farmingdale.edu/sites/the-dale/ , https://blogs.farmingdale.edu/sites/the-dale/about/ ,,40.7529167,-73.4266988
SUNY Fredonia,NY,The Leader,https://fredonialeader.org,"https://fredonialeader.org, https://www.facebook.com/LeaderFredonia/",Website under construction,42.4532293,-79.340738
SUNY Genesee Community College,NY,The New Courier,https://gccnewcourier.com,"https://gccnewcourier.com/aboutus/, https://www.genesee.edu/academics/library/about-us-library/contact-the-library/library-staff-directory/",,43.0169369,-78.1378683
SUNY Geneseo Community College,NY,The Lamron,https://www.thelamron.com,"https://www.thelamron.com, https://www.geneseo.edu/communication/lee-pierce",,42.7952798,-77.8231279
SUNY New Paltz,NY,The Oracle,https://oracle.newpaltz.edu,https://oracle.newpaltz.edu/about/,,41.741615,-74.08292
SUNY Old Westbury,NY,The Catalyst,http://www.oldwestburycatalyst.org/,https://oldwestburycatalyst.org/about-2/,,40.797082,-73.5717581
SUNY Oneonta,NY,The State Times,https://thestatetimes.com,"https://thestatetimes.com/contentabout-us/, https://www.facebook.com/thestatetimes/",,42.4692143,-75.0632511
SUNY Oswego,NY,The Oswegonian,https://www.oswegonian.com,"https://www.oswegonian.com/staff/?, https://www.facebook.com/oswegonian/",,43.453756,-76.5459331
SUNY Plattsburgh,NY,Cardinal Points,https://cardinalpointsonline.com/,"https://cardinalpointsonline.com/about-us-3/, https://www.facebook.com/cardinalpts/",,44.6876659,-73.4809264
SUNY Purchase,NY,The Purchase Phoenix,https://www.purchasenews.org,https://www.purchasenews.org,,41.0470553,-73.700419
SUNY Westchester Community College,NY,The Viking News,https://vikingnews.org,https://www.sunywcc.edu/student-services/getinvolved/clubs/viking-news/,,41.0659732,-73.7891834
Swarthmore College,PA,The Phoenix,https://swarthmorephoenix.com,"https://swarthmorephoenix.com/masthead/, https://swarthmorephoenix.com/contact-us-2/",,39.903833,-75.3526567
Syracuse University,NY,The Daily Orange,https://dailyorange.com/news/,https://dailyorange.com/contact/,,43.0494832,-76.1473977
Tabor College,KS,The View,,https://tabor.edu/undergraduate/student-life/student-organizations/,Website not found,38.3487594,-97.2001241
Tallahassee State College,FL,The Talon,https://tcctalon.com,https://www.tsc.fl.edu/student-life/arts-and-culture/the-talon-newspaper/,,30.4438624,-84.3389698
Tarleton State University,TX,The JTAC,https://www.texannews.net/#,"https://www.texannews.net/article/265,texan-news-service-jtac-newspaper-combine-under-one-roof, https://www.facebook.com/thejtac/",Combined with The Texan News Service,32.2160433,-98.215953
Tarrant County College,TX,The Collegian,https://collegian.tccd.edu,https://collegian.tccd.edu/contact/,,32.8481076,-97.1907383
Taylor University,IN,The Echo,https://www.theechonews.com,"https://www.theechonews.com/page/about, https://www.taylor.edu/employees/alan-blanchard",,40.456052,-85.4987912
Temple University,PA,Temple News,https://temple-news.com/,https://temple-news.com/staff-list/,,39.9811911,-75.1553563
Tennessee State University,TN,The Meter,https://www.tnstate.edu/campus_life/meter.aspx,https://www.tnstate.edu/themeter/contact.aspx,,36.1683703,-86.8258566
Tennessee Tech University,TN,The Oracle,https://www.tntechoracle.com,"https://www.tntech.edu/cis/communication/oracle.php, https://www.tntechoracle.com/contact-us/, https://www.facebook.com/tntechoracle",,36.1763138,-85.5091086
Texas A&M International University,TX,The Bridge News,https://www.thebridgestudentnews.com  ,https://www.thebridgestudentnews.com/1790-2/  ,,27.5718315,-99.4350371
Texas A&M University,TX,The Batallion,https://thebatt.com  ,https://thebatt.com/staff/  ,,30.6186625,-96.3364251
Texas A&M University-Kingsville,TX,The South Texan,https://thesouthtexan.com,"https://thesouthtexan.com/index.php/about-us/, https://thesouthtexan.com/index.php/contact/",,27.5269111,-97.884787
Texas A&M University-San Antonio,TX,Mesquite News,https://mesquite-news.com,https://mesquite-news.com/contact/,,29.3042745,-98.5247016
Texas Christian University,TX,TCU 360,https://tcu360.com  , https://tcu360.com/about-tcu-360/,,32.7078531,-97.3628041
Texas Southern University,TX,The TSU Herald,,https://www.facebook.com/TheTSUHerald/,,29.7214214,-95.3592691
Texas State University,TX,The University Star,https://universitystar.com/,https://universitystar.com/meetthestaff/,,29.888411,-97.938351
Texas Tech University ,TX,The Daily Toreador,https://www.dailytoreador.com,https://www.dailytoreador.com/site/contact.html,,33.5844949,-101.8751391
Texas Wesleyan University,TX,The Rambler,https://therambler.org,"https://therambler.org/staff/, https://therambler.org/contact-us/, https://txwes.edu/academics/artssciences/undergraduate-majors/mass-communication/faculty-and-staff/jenny-j-dean/",,32.7323764,-97.280207
Texas Woman's University,TX,The Lasso,https://www.twulasso.com,https://www.twulasso.com/staff/,,33.2272211,-97.127052
The Catholic University of America,D.C.,The Tower,https://cuatower.com,,,38.9368811,-76.998692
The College of New Jersey,NJ,The Signal,https://www.tcnjsignalnews.com,https://www.tcnjsignalnews.com/page/staff,,40.268479,-74.7776333
The College of St. Scholastica,MN,The Script,https://sites.google.com/css.edu/thescript,https://www.facebook.com/scholasticascript/,,46.8157787,-92.1008043
The College of Wooster,OH,The Wooster Voice,https://thewoostervoice.spaces.wooster.edu,https://thewoostervoice.spaces.wooster.edu/contact-us-2/,,40.811716,-81.9307916
The Evergreen State College,WA,The Cooper Point Journal,https://www.cooperpointjournal.com/category/news/,https://www.cooperpointjournal.com/about-us/,,47.0730714,-122.9739949
The George Washington University,D.C.,The GW Hatchet,https://gwhatchet.com,"https://gwhatchet.com/contactus/, https://www.facebook.com/gwhatchet/",,38.8997145,-77.0485992
The King's College,NY,Empire State Tribune,https://www.empirestatetribune.com/estv,https://empirestatetribune.com/about,,40.7066799,-74.01234
The Master's University,CA,The TMU Mane,https://tmumane.com,"https://tmumane.com/print-editions/, https://www.masters.edu/faculty_staff_bio/bob-dickson/",,34.38247,-118.519341
The New School,NY,The New School Free Press,https://www.newschoolfreepress.com,"https://www.newschoolfreepress.com/submissions/, https://www.facebook.com/NewSchoolFreePress",,40.7354925,-73.9971361
The Ohio State University,OH,The Lantern,https://www.thelantern.com,https://www.thelantern.com/contact-us/,,39.9993865,-83.0227103
The School of the Art Institute of Chicago,IL,F Newsmagazine,https://fnewsmagazine.com/category/news/,"https://fnewsmagazine.com/staff/, https://www.saic.edu/profiles/faculty/sophie-goalson",,41.8809789,-87.6266205
The University of Akron,OH,The Buchtelite,https://buchtelite.com ,https://buchtelite.com/about/contact/  ,,41.0753688,-81.5123424
The University of Arizona,AZ,The Daily Wildcat,https://wildcat.arizona.edu ,https://wildcat.arizona.edu/staff/  ,,32.2318981,-110.9535407
The University of Findlay,OH,The Pulse,https://pulse.findlay.edu,"https://pulse.findlay.edu/about-us/, https://www.facebook.com/UFPulse",,41.0545606,-83.6549481
The University of Olivet,MI,The Echo,https://www.ocecho.com,"https://www.ocecho.com/staff, https://www.ocecho.com/about",,42.4402454,-84.9236035
The University of Scranton,PA,The Aquinas,https://aquinas.scranton.edu,https://aquinas.scranton.edu/contact,,41.406562,-75.6577868
The University of Southern Mississippi,MS,The Student Printz,https://sm2media.com,https://sm2media.com/contact/,,31.325997,-89.3320146
The University of Texas at Dallas,TX,The Retrograde,https://retrogradenews.com,https://retrogradenews.com/join/,Was The Mercury until 2024,32.9859295,-96.7503304
The University of Texas at El Paso,TX,The Prospector,https://www.theprospectordaily.com,https://www.utep.edu/student-affairs/student-publications/publications/,General [redacted],31.7731979,-106.5047208
The University of Texas at San Antonio,TX,The Paisano,https://paisano-online.com,https://paisano-online.com/contact-us/,,29.5830733,-98.6198779
The University of Texas at Tyler,TX,The Patriot Talon,https://thepatriottalon.com,https://thepatriottalon.com/get-in-touch-2/,,32.3150044,-95.2519974
Thiel College,PA,The Thielensian,https://thethielensian.wordpress.com,https://thethielensian.wordpress.com/about/,,41.4119742,-80.3839179
Towson University,MD,The Towerlight,https://thetowerlight.com,https://thetowerlight.com/about/,,39.3919027,-76.6124675
Transylvania University,KY,The Rambler,https://transyrambler.com,https://transyrambler.com,,38.0516801,-84.4933419
Trevecca Nazarene University,TN,TrevEchoes,https://trevechoesonline.com,https://trevechoesonline.com/contact/,,36.1425256,-86.7532686
Trinity College,CT,Trinity Tripod,https://trinitytripod.com,"https://trinitytripod.com/tripod-staff/, https://trinitytripod.com/contact-us/",,41.7477163,-72.6905038
Trinity University,TX,Trinitonian,https://trinitonian.com/,https://trinitonian.com/about/,,29.4618769,-98.4833382
Triton College,IL,5th Ave Journal,https://www.triton.edu/campus/5th-ave-journal/,https://www.triton.edu/campus/5th-ave-journal/,,41.9152058,-87.8407378
Troy University,AL,The Tropolitan,https://www.tropnews.com,https://www.tropnews.com/team-4,,31.8025926,-85.9571615
Truman State University,MO,The Index,https://tmn.truman.edu,https://www.facebook.com/TrumanMediaNetwork/,,40.1831629,-92.5809621
Tufts University,MA,The Tufts Daily,https://www.tuftsdaily.com,https://www.tuftsdaily.com/page/contact,,42.4085371,-71.1182729
Tulane University,LA,The Tulane Hullabaloo,https://tulanehullabaloo.com,"https://tulanehullabaloo.com/about/join-the-hullabaloo/, https://tulanehullabaloo.com/staff/",,29.9407282,-90.1203167
Tulsa Community College,OK,The TCC Connection,https://tccconnection.com,https://tccconnection.com/contact/,,36.1936191,-95.9385369
Tunxis Community College,CT,The Tunxis Sun,,https://www.facebook.com/tunxissunnews/,Nothing else found,41.706144,-72.8794757
Tuskegee University,AL,The Campus Digest,https://tucampusdigest.com,https://tucampusdigest.com/contact-us/,,32.4307809,-85.7073277
Tyler Junior College,TX,The Drum Beat,https://thedrumbeatcom.wpcomstaging.com,https://www.facebook.com/TJCDrumbeat/,,32.3353861,-95.2819187
Union College,NY,The Concordiensis,https://concordiensis.com,https://www.facebook.com/concordiensis/,,42.8179321,-73.9294347
Union University,TN,Cardinal & Cream,https://www.cardinalandcream.info/,"https://www.cardinalandcream.info/about/, https://www.facebook.com/cardandcream",,35.6769772,-88.8602452
University at Albany,NY,Albany Student Press,https://www.albanystudentpress.online/,https://www.albanystudentpress.online/admin,,42.6518095,-73.7544707
University at Buffalo,NY,The Spectrum,https://www.ubspectrum.com,https://www.ubspectrum.com/page/contact,,43.0018111,-78.7895239
University of Akron Main Campus,OH,The Buchtelite,https://buchtelite.com/,,,41.0753688,-81.5123424
University of Alabama,AL,The Crimson White,https://thecrimsonwhite.com,https://thecrimsonwhite.com/current-staff/,,33.2114385,-87.5401002
University of Alabama at Birmingham,AL,The Kaleidoscope,https://uabblazermedia.com/kaleidoscope/,https://www.facebook.com/uabstudentmedia,,33.502086,-86.8051588
University of Alaska Anchorage,AK,The Northern Light,https://www.thenorthernlight.org,"https://www.thenorthernlight.org/contact, https://www.uaa.alaska.edu/academics/college-of-arts-and-sciences/departments/journalism-and-communication/banchero.cshtml",,61.1910421,-149.8195598
University of Alaska Fairbanks,AK,"
The Sun Star",https://www.uafsunstar.com/ ,https://www.uafsunstar.com/about ,,64.8555748,-147.8340598
University of Alaska Southeast,AK,Whalesong,https://uaswhalesong.com,https://uaswhalesong.com/about/,,58.3855214,-134.6407459
University of Arkansas,AR,The Arkansas Traveler,https://www.uatrav.com,https://www.uatrav.com/site/about.html ,,36.0686895,-94.1748471
University of Arkansas at Little Rock,AR,The Forum,https://ualr.edu/forum/,"https://ualr.edu/forum/, https://issuu.com/theualrforum/docs/the_forum_february_2025, https://directory.ualr.edu/search?p=4148",,34.7252717,-92.3378705
University of California-Berkeley,CA,The Daily Californian,https://www.dailycal.org/ ,https://www.dailycal.org/site/contact-us.htmll,,37.8712141,-122.255463
University of California-Davis,CA,The Aggie,https://theaggie.org,https://theaggie.org/contact/,,38.539095,-121.7608193
University of California-Irvine,CA,New University,https://newuniversity.org,https://newuniversity.org/contact/,,33.6429785,-117.8411678
University of California-Los Angeles,CA,Daily Bruin,https://dailybruin.com,https://dailybruin.com/contact,,34.0699182,-118.4438495
University of California-Merced,CA,The Prodigy,https://blogs.ucmerced.edu/prodigy/,https://www.facebook.com/theprodigynews/,,37.3647584,-120.4260375
University of California-Riverside,CA,The Highlander,https://www.highlandernews.org,https://www.highlandernews.org/the-staff/,,33.9737055,-117.3280644
University of California-San Diego,CA,The Guardian,https://ucsdguardian.org,https://ucsdguardian.org/staff/,,32.881168,-117.2343605
University of California-Santa Barbara,CA,"The Daily Nexus, The Bottom Line","https://dailynexus.com, https://thebottomline.as.ucsb.edu","https://dailynexus.com/aboutcontact/staff-contact/, https://thebottomline.as.ucsb.edu/contact-us",,34.4153601,-119.8514162
University of California-Santa Cruz,CA,City on a Hill Press,https://cityonahillpress.com/,https://cityonahillpress.com/contact-us/,,36.9905322,-122.0584354
University of Central Arkansas,AR,The Echo,https://www.ucanews.live/news/,https://www.ucanews.live/site/contact.html,,35.0780939,-92.4578916
University of Central Florida,FL,Knight News,https://knightnews.com/category/news/,https://knightnews.com/contact-us/,,28.6024274,-81.2000599
University of Central Missouri,MO,Muleskinner,https://muleskinnernews.com,https://muleskinnernews.com/staff-2/,,38.7565603,-93.7405067
University of Central Oklahoma,OK,The Vista,https://issuu.com/thevista,"https://issuu.com/thevista/docs/vista_5a96baae444a20, https://www.uco.edu/cla/about/faculty-staff",,35.6580275,-97.4710135
University of Chicago,IL,Chicago Maroon,https://chicagomaroon.com/,https://chicagomaroon.com/contact/,,41.7904484,-87.6003953
University of Cincinnati,OH,The News Record,https://www.newsrecord.org,"https://www.newsrecord.org/site/fall_2019_staff.html, https://researchdirectory.uc.edu/p/wohlfajj",,39.1329219,-84.5149504
University of Cincinnati-Main Campus,OH,News Record,https://www.newsrecord.org/,,,39.1329219,-84.5149504
University of Colorado-Boulder,CO,CU Independent,https://cuindependent.org/,https://cuindependent.org/contact-us/,,40.0073499,-105.2659871
University of Colorado-Colorado Springs,CO,The Scribe,https://scribe.uccs.edu,https://scribe.uccs.edu/contact-us-2/,,38.8928151,-104.8007996
University of Colorado-Denver,CO,The Sentry,https://sentrynewspaper.com,https://www.ucdenver.edu/student-life/student-organizations/the-sentry-newspaper,,39.7463596,-105.002342
University of Connecticut,CT,The Daily Campus,https://dailycampus.com/daily-campus-news/,https://dailycampus.com/staff/ ,,41.8135415,-72.2452715
University of Dayton,OH,Flyer News,https://flyernews.com,https://flyernews.com/about-us/,,39.7401454,-84.1790445
University of Delaware,DE,The Review,https://udreview.com,"https://udreview.com/about/, https://udreview.com/about/our-staff/",,39.6809151,-75.7523313
University of Denver,CO,DU Clarion,https://duclarion.com ,https://duclarion.com/contact/,,39.6748442,-104.9652808
University of Detroit Mercy,MI,The Varsity News,https://www.thevarsitynews.net,https://www.thevarsitynews.net/contact-us/,,42.4142367,-83.1377466
University of Florida,FL,The Independent Florida Alligator,https://www.alligator.org,https://www.alligator.org/page/contact,,29.6465428,-82.3533266
University of Georgia,GA,Red and Black,https://www.redandblack.com,https://www.redandblack.com/site/contact.html,,33.9423394,-83.3724242
University of Hartford,CT,The Informer,https://thehartfordinformer.com,https://thehartfordinformer.com/staff/,,41.7984942,-72.7138039
University of Hawai'i at Manoa,HI,Ka Leo,https://www.manoanow.org/kaleo/,https://www.manoanow.org/kaleo/about/,,21.299824,-157.8148228
University of Hawai'i-Kapi'olani Community College,HI,Kapi'o News,https://kapionews.comm,https://kapionews.com/index.php/staff/,,21.2704298,-157.8001709
University of Hawai'i-West O'ahu,HI,The Hoot,https://issuu.com/uhwothehoot,https://myuh.hawaii.edu/task/westoahu/thehoot,,21.2973159,-157.8199094
University of Houston,TX,The Daily Cougar,https://thedailycougar.com/news/,https://thedailycougar.com/contact-us/,,29.7204627,-95.3429319
University of Houston-Clear Lake,TX,The Signal,https://thesignalnews.net,https://thesignalnews.net/about-us/,,29.5824608,-95.0989342
University of Houston-Downtown,TX,Dateline,https://www.uhd.edu/academics/humanities/about/departments/english/dateline/index.aspx,https://www.uhd.edu/academics/humanities/about/departments/english/dateline/contact-us.aspx,,29.7667618,-95.3591151
University of Idaho,ID,The Argonaut,https://www.uiargonaut.com  ,https://www.uiargonaut.com/about/staff/,,46.7288124,-117.0126084
University of Illinois-Chicago,IL,The Bonfire,https://bonfire.digital.uic.edu  , https://bonfire.digital.uic.edu/contact-us/ ,,41.8686034,-87.6484377
University of Illinois-Springfield,IL,The Observer,https://uisobserver.com,"https://uisobserver.com/about/, https://www.uis.edu/directory/priyanka-deo",Formerly called The Journal,39.7305338,-89.6176711
University of Illinois-Urbana-Champaign,IL,The Daily Illini,https://dailyillini.com/news-stories/,https://dailyillini.com/staff/,,40.0985023,-88.2290783
University of Indianapolis,IN,The Reflector,https://reflector.uindy.edu,https://reflector.uindy.edu/contact/,,39.7095769,-86.1346692
University of Iowa,IA,The Daily Iowan,https://dailyiowan.com/category/news/,https://dailyiowan.com/contact/,,41.6627078,-91.5549771
University of Kansas,KS,The University Daily Kansan,https://www.kansan.com,https://www.kansan.com/site/contact.html,,38.8991444,-94.7254893
University of Kentucky,KY,The Kentucky Kernel,https://kykernel.com,https://kykernel.com,,38.0306511,-84.5039697
University of La Verne,CA,Campus Times,https://lvcampustimes.org/home/,https://lvcampustimes.org/staff/,,34.1002277,-117.7715774
University of Louisiana at Lafayette,LA,The Vermilion,https://thevermilion.net,https://thevermilion.net/contact/,,30.211991,-92.019914
University of Louisiana at Monroe,LA,The Hawkeye,https://ulmhawkeyeonline.com,"https://ulmhawkeyeonline.com/staffprofile/, https://www.facebook.com/ulm.hawkeye/",,32.5313471,-92.068744
University of Louisville,KY,The Louisville Cardinal,https://www.louisvillecardinal.com,https://www.louisvillecardinal.com/contact/,,38.2157954,-85.7614322
University of Lynchburg,VA,The Critograph,https://thecritograph.com,"https://thecritograph.com/meet-our-staff/, https://www.lynchburg.edu/ghislaine-lewis/",,37.3983158,-79.1811789
University of Maine,ME,The Maine Campus,https://mainecampus.com,https://mainecampus.com/about/team/,,44.9019885,-68.6680916
University of Mary-Hardin-Baylor,TX,The Bells,https://www.umhb.edu/thebells/more/p9  ,https://www.umhb.edu/resources/hr/directory/alpha/C#1845,,31.070358,-97.4671645
University of Mary-Washington,VA,The Weekly Ringer,https://theweeklyringer.com ,https://theweeklyringer.com/editors/  ,,38.3013039,-77.47447
University of Maryland,MD,"The Diamondback, Mitzpeh","https://dbknews.com, https://umdmitzpeh.com/category/news/","https://dbknews.com/contact-us/, https://umdmitzpeh.com/contact-us/",,39.2892118,-76.6236815
"University of Maryland, Baltimore County",MD,The Retriever,https://retriever.umbc.edu,https://retriever.umbc.edu/contact-us/,,39.2892118,-76.6236815
University of Massachusetts Amherst,MA,Massachusetts Daily Collegian,https://dailycollegian.com/,https://dailycollegian.com/submit-a-tip/,,42.3865581,-72.5314278
University of Massachusetts-Boston,MA,The Mass Media,https://umassmedia.com,https://umassmedia.com/contact-us/,,42.3141992,-71.0419953
University of Massachusetts-Dartmouth,MA,The Torch,https://umassdtorch.com/news/,https://umassdtorch.com/news/,,41.6269122,-71.0054336
University of Massachusetts-Lowell,MA,The Connector,https://umlconnector.com,https://umlconnector.com/about/official-staff/,,42.6552587,-71.3247164
University of Memphis,TN,The Daily Helmsman,https://www.dailyhelmsman.com,"https://www.facebook.com/dailyhelmsman, https://www.dailyhelmsman.com",,35.119881,-89.9374519
University of Miami,FL,The Miami Hurricane,https://themiamihurricane.com,"https://themiamihurricane.com/tmh-staff/, https://www.facebook.com/themiamihurricane/, https://com.miami.edu/profile/antonio-mora/",,25.7169568,-80.2798198
University of Michigan,MI,The Michigan Daily,https://www.michigandaily.com,"https://www.michigandaily.com/about/, https://www.facebook.com/michigandaily/",,42.277145,-83.7382071
University of Michigan-Dearborn,MI,The Michigan Journal,https://www.wolverinemedianetwork.com/michiganjournal,https://www.wolverinemedianetwork.com/michiganjournal,,42.3160854,-83.2324265
University of Minnesota,MN,The Minnesota Daily,https://mndaily.com,https://mndaily.com/about-us/contact-us/,,44.9753541,-93.2330739
University of Minnesota-Duluth,MN,The Bark,https://www.thebarkumd.com/contact-us  ,https://www.thebarkumd.com/contact-us,,46.8195917,-92.0831108
University of Mississippi,MS,The Daily Mississippian,https://thedmonline.com/category/news/,https://thedmonline.com/contact/,,34.3662492,-89.5379687
University of Missouri,MO,The Maneater,https://themaneater.com,https://themaneater.com/contact-us/,,38.9403808,-92.3277375
University of Missouri-Kansas City,MO,Roo News,https://kcroonews.com,https://kcroonews.com/get-involved/staff/,,39.0333035,-94.577545
University of Missouri-St. Louis,MO,The Current,https://thecurrent-online.net,https://thecurrent-online.net/staff/,,38.7038727,-90.305756
University of Montana,MT,Montana Kaimin,https://www.montanakaimin.com,https://www.montanakaimin.com/site/contact.html,,46.8619309,-113.9845969
University of Montevallo,AL,The Alabamian,https://www.thealabamian.com,https://www.thealabamian.com/contact-us/,,33.1061608,-86.865545
University of Mount Union,OH,Dynamo,https://www.raiderstudentmedia.com/dynamo/,https://www.raiderstudentmedia.com/dynamo/,,40.9039033,-81.110238
University of Nebraska,NE,The Daily Nebraskan,https://www.dailynebraskan.com,https://www.dailynebraskan.com,,40.8201966,-96.7004763
University of Nebraska-Kearney,NE,The Antelope,https://unkantelope.com,https://unkantelope.com/more/about/,,40.7011879,-99.1014292
University of Nebraska-Lincoln,NE,The Daily Nebraskan,https://www.dailynebraskan.com/news/,https://www.dailynebraskan.com/about-us/,,40.8201966,-96.7004763
University of Nebraska-Omaha,NE,The Gateway,https://www.unothegateway.com/news/,https://www.unothegateway.com/site/contact.html,,41.2580268,-96.010696
University of Nevada-Las Vegas,NV,The Scarlet & Gray,https://unlvscarletandgray.com,https://unlvscarletandgray.com/staff/,,36.107496,-115.1435252
University of Nevada-Reno,NV,The Nevada Sagebrush,https://nevadasagebrush.com,https://www.facebook.com/nvsagebrush/,,39.5485651,-119.8156924
University of New England,ME,The Bolt,https://unethebolt.com  ,https://unethebolt.com/staff/?schoolyear=2024-2025  ,,43.9653889,-70.8226541
University of New Hampshire-Main Campus,NH,The New Hampshire,https://tnhdigital.com/,,,43.138948,-70.9370252
University of New Haven,CT,The Charger Bulletin, https://chargerbulletin.com/,https://chargerbulletin.com/about/our-staff/,,41.291297,-72.9617874
University of New Mexico,NM,Daily Lobo,https://www.dailylobo.com,https://www.dailylobo.com/page/about_us,,35.0907712,-106.6210407
University of North Alabama,AL,The Flor-Ala,https://theflorala.com,https://theflorala.com/contact-us/,,34.8077916,-87.6804051
University of North Carolina Asheville,NC,The Blue Banner,https://thebluebanner.net , https://thebluebanner.net/staff/,,35.6170787,-82.5665332
University of North Carolina at Chapel Hill,NC,The Daily Tar Heel,https://www.dailytarheel.com/,https://www.dailytarheel.com/page/contact,,35.9049122,-79.0469134
University of North Carolina at Charlotte,NC,Niner Times,https://www.ninertimes.com/,https://www.ninertimes.com/editorial_board/,,35.3074169,-80.7352122
University of North Carolina at Greensboro,NC,The Carolinian,https://carolinianuncg.com,https://carolinianuncg.com/about/,,36.0689296,-79.8101976
University of North Carolina at Pembroke,NC,The Pine Needle,https://pineneedle.news,https://pineneedle.news/about-us/,,34.6899339,-79.2005823
University of North Carolina at Wilmington,NC,The Seahawk,https://theseahawk.org,https://www.facebook.com/theseahawk/?eid=ARA1fX3HL3Dx5DwDYtdnaYj1T4YTxXHpeQT4SlPj7o7IP9TK1YU-kp_AJb6jVkV_vnWzDNA2H8tFjhJT,,34.2222785,-77.8681706
University of North Dakota,ND,Dakota Student,https://dakotastudent.comm,https://dakotastudent.com/contact-us/,,47.922891,-97.0768014
University of North Florida,FL,The Spinnaker,https://unfspinnaker.com,https://unfspinnaker.com/about-get-involved/,,30.2661204,-81.5072314
University of North Georgia,GA,The Vanguard,https://ungvanguard.org,"https://ungvanguard.org/staff/, https://www.facebook.com/vanguardung/",,34.5277912,-83.9842645
University of North Texas,TX,North Texas Daily,https://www.ntdaily.com/,https://www.ntdaily.com/site/who_we_are.html,,33.2090389,-97.153439
University of Northern Iowa,IA,The Northern Iowan,https://www.northerniowan.com,"https://www.northerniowan.com/staff/, https://www.northerniowan.com/contact-us/",,42.5121517,-92.4646469
University of Northwestern-St. Paul,MN,The Northwestern Examiner,,https://www.facebook.com/unwexaminer/,In print only,45.031563,-93.168573
University of Notre Dame,IN,The Observer,https://www.ndsmcobserver.com,https://www.ndsmcobserver.com/page/contact,"Holy Cross, Saint Mary's, and Notre Dame",41.7051917,-86.2351655
University of Oklahoma,OK,OU Daily, http://www.ou.edu/tv/,https://www.oudaily.com/site/contact.html,,35.1987162,-97.4448963
University of Oregon,OR,Daily Emerald,https://dailyemerald.com,https://dailyemerald.com/contact-us-2/,,44.0448302,-123.0726055
University of Pennsylvania,PA,The Daily Pennsylvanian,theDP.com,https://www.thedp.com/page/contact,,39.9515013,-75.1910161
University of Pittsburgh,PA,The Pitt News,https://pittnews.com,,,40.4444842,-79.9612831
University of Pittsburgh at Greensburg,PA,The Insider,https://insiderupg.com,https://insiderupg.com/about-us/,,40.2759009,-79.5323904
University of Portland,OR,The Beacon,https://www.upbeacon.com,https://www.upbeacon.com/page/contact-us,,45.5789096,-122.7267448
University of Puget Sound,WA,The Trail,https://trail.pugetsound.edu,https://trail.pugetsound.edu/?page_id=16072,,47.2617495,-122.4814442
University of Redlands,CA,The Redlands Bulldog,https://theredlandsbulldog.com,https://www.facebook.com/Theredlandsbulldog/,,34.0627062,-117.1632608
University of Rhode Island,RI,The Good 5 Cent Cigar,https://rhodycigar.com,https://rhodycigar.com/contact/,,41.4862328,-71.5306788
University of Richmond,VA,The Collegian,https://www.thecollegianur.com,https://www.thecollegianur.com/page/contact,,37.5758243,-77.5397192
University of Rochester,NY,Campus Times, http://www.campustimes.org/,https://www.campustimes.org/about/contact/,,43.1305531,-77.6260033
University of Saint Joseph,CT,The USJ News Nest,https://usjnewsnest.com,https://usjnewsnest.com/about/,,41.7819528,-72.7305002
University of San Diego,CA,The USD Vista,https://uofsdmedia.wordpress.com,"https://uofsdmedia.com/meet-the-editors/, https://uofsdmedia.wordpress.com/meet-the-staff/",,32.8577324,-117.2054294
University of San Francisco,CA,San Francisco Foghorn,https://sffoghorn.com,https://sffoghorn.com/about-contact/,,37.7765643,-122.4507187
University of South Alabama,AL,The Vanguard,https://jagmedia.org/the-vanguard/,https://www.facebook.com/TheVanguardUSA/,,30.6959406,-88.184236
University of South Carolina,SC,The Daily Gamecock,https://www.dailygamecock.com/section/news,https://www.dailygamecock.com/page/contact,,33.9937575,-81.0299186
University of South Carolina Aiken,SC,The Pacer Times,https://www.mypacertimes.com,https://www.mypacertimes.com/contact-us,,33.5733945,-81.7666419
University of South Dakota,SD,The Volante,https://volanteonline.com,https://volanteonline.com/contact-us/,,42.7883015,-96.9253381
University of South Florida,FL,The Oracle,https://www.usforacle.com,https://www.usforacle.com/about-us/,,28.0622334,-82.4135057
University of Southern California,CA,Daily Trojan,https://dailytrojan.com,https://dailytrojan.com/feedback/,,34.0223519,-118.285117
University of Southern Indiana,IN,The Shield,https://usishield.com,https://usishield.com/contact-us/,,37.9617632,-87.6774647
University of Southern Maine,ME,The Free Press,https://usmfreepress.org/,https://usmfreepress.org/contact-2/,,43.6619019,-70.2757206
University of St. Francis,IL,USF Encounter,https://www.usfencounter.stfrancis.edu,https://www.usfencounter.stfrancis.edu/staff,,41.5332096,-88.0975858
University of St. Thomas,MN,TommieMedia,https://www.tommiemedia.com,https://www.tommiemedia.com,,44.943096,-93.1897082
University of Tampa,FL,The Minaret,https://theminaretonline.org,"https://theminaretonline.org/about/, https://theminaretonline.org/contact/",,27.9453715,-82.4659336
University of Tennessee-Chattanooga,TN,The University Echo,https://www.theutcecho.com,https://www.theutcecho.com/site/contact.html,,35.0458509,-85.2953072
University of Tennessee-Knoxville,TN,The Daily Beacon,https://www.utdailybeacon.com/  ,https://www.utdailybeacon.com/site/contact.html ,,35.9489531,-83.9374226
University of Tennessee-Martin,TN,The Pacer,https://www.thepacer.net,https://www.thepacer.net/staff/,,36.3429724,-88.8643332
University of Texas,TX,The Daily Texan,https://thedailytexan.com,https://thedailytexan.com/contact/,,40.7606608,-111.8939487
University of Texas at Arlington,TX,The Shorthorn,https://www.theshorthorn.com,https://www.theshorthorn.com/site/contact.html,,32.7292117,-97.1151971
University of Texas Rio Grande Valley,TX,The Rider,https://www.utrgvrider.com,https://www.utrgvrider.com/abouts-us/contact-us/,,26.3081983,-98.1740158
University of the Cumberlands,KY,The Patriot,https://ucpatriotnews.com,"https://ucpatriotnews.com/staff/, https://ucpatriotnews.com/contact/, https://www.ucumberlands.edu/directory/jeremiah-massengale",,36.7371437,-84.1623839
University of the Pacific,CA,The Pacifican,https://www.thepacifican.com,https://www.thepacifican.com/about,,37.9808111,-121.3131348
University of Tulsa,OK,The Collegian,https://tucollegian.org,https://tucollegian.org/about/,,36.1520526,-95.9460753
University of Utah,UT,The Daily Utah Chronicle,https://dailyutahchronicle.com/news/,https://dailyutahchronicle.com/contact/,,40.7649368,-111.8421021
University of Vermont,VT,The Vermont Cynic,https://vtcynic.com,https://vtcynic.com/staff-page/?schoolyear=Spring%202025,,44.4778528,-73.1964637
University of Virginia,VA,The Cavalier Daily,https://www.cavalierdaily.com,https://www.cavalierdaily.com/page/contact,,38.0402373,-78.5234903
University of Washington,WA,Daily UW,https://www.dailyuw.com ,https://www.dailyuw.com/contact_us/ ,,47.6516448,-122.3081762
University of Washington Bothell,WA,Husky Herald,https://thehuskyherald.com/january-february-25/ ,https://thehuskyherald.com/contact/,,47.7584761,-122.190891
University of Washington Tacoma,WA,The Ledger,https://thetacomaledger.com/category/news/,https://thetacomaledger.com/contact-us/,,47.2454407,-122.4385162
University of West Florida,FL,The Voyager,https://uwfvoyager.com,https://uwfvoyager.com/staff/,,30.5467587,-87.2174369
University of West Georgia,GA,The West Georgian,https://thewestgeorgian.com,https://www.facebook.com/TheWestGeorgian/,,33.575346,-85.1041219
University of Wisconsin-Eau Claire,WI,The Spectator,https://www.spectatornews.com,https://www.spectatornews.com/contact/,,44.7957639,-91.5036198
University of Wisconsin-La Crosse,WI,The Racquet Press,https://theracquet.org,https://theracquet.org/contact-us/,,43.8159885,-91.2311533
University of Wisconsin-Madison,WI,The Badger Herald,https://badgerherald.com,https://badgerherald.com/staff/,,43.0755143,-89.4154526
University of Wisconsin-Milwaukee,WI,UWM Post,https://uwmpost.com,https://uwmpost.com/about-us,,43.078263,-87.8819686
University of Wisconsin-Oshkosh,WI,The Advance-Titan,https://advancetitan.com,https://advancetitan.com/contact-us,,44.0262958,-88.5506715
University of Wisconsin-Platteville,WI,Exponent,https://uwpexponent.com,https://uwpexponent.com/staff/,,42.7331994,-90.4878214
University of Wisconsin-River Falls,WI,The Student Voice,https://uwrfvoice.com,https://uwrfvoice.com/contact/,,44.8530003,-92.6222324
University of Wisconsin-Stevens Point,WI,The Pointer,https://thepointeruwsp.com,https://thepointeruwsp.com/about-the-pointer/,,44.5294491,-89.5713776
University of Wisconsin-Stout,WI,Stoutonia,https://stoutonia.com,"https://stoutonia.com/staff/?schoolyear=2024-2025, https://www.facebook.com/stoutonia",,44.8721627,-91.9268416
University of Wisconsin-Superior,WI,The Promethean ,https://uws-promethean.com,"https://uws-promethean.com/about/, https://www.facebook.com/UWSNews/, https://www.uwsuper.edu/about/faculty-staff-directory/hansen-thomas/",,46.7177476,-92.0881522
University of Wisconsin-Whitewater,WI,The Royal Purple,https://royalpurplenews.com,"https://royalpurplenews.com/about/office/, https://royalpurplenews.com/staff/?schoolyear=2024-2025",,42.8417557,-88.7423149
University of Wyoming,WY,Branding Iron,http://www.uwbrandingiron.com,https://www.uwyo.edu/studentmedia/faculty-staff/index.html,,41.3147175,-105.5690288
Upper Iowa University,IA,The Collegian,https://theuiucollegian.tumblr.com,https://theuiucollegian.tumblr.com/contact,,42.841022,-91.799848
Ursinus College,PA,The Grizzly,https://ursinusgrizzly.com,https://ursinusgrizzly.com/our-staff/,,40.1939677,-75.4563232
Utah State University,UT,The Utah Statesman,https://usustatesman.com,https://usustatesman.com/contact-us/,,41.745161,-111.8097425
Utah Tech University,UT,Sun News Daily,https://sunnewsdaily.com/,https://www.facebook.com/SunNewsDaily/,,37.1028746,-113.56541
Utah Valley University,UT,The UVU Review,https://www.uvureview.com,https://www.uvureview.com/contact-us/,,40.2787626,-111.7153739
Utica College,NY,Tangerine,https://uticatangerine.com ,https://uticatangerine.com/category/opinion/staff/ ,,43.0949906,-75.2711748
Valdosta State University,GA,The Spectator,https://vsuspectator.com,"https://vsuspectator.com/meet-the-staff/, https://vsuspectator.com/contact-us/",,30.8491088,-83.2892073
Valencia College,FL,The Valencia Voice,https://valenciavoice.com,https://www.facebook.com/ValenciaVoice,,28.5213883,-81.4648355
Valparaiso University,IN,The Torch,https://www.valpotorch.com,https://www.valpotorch.com/site/contact.html,,41.4639394,-87.0438893
Vanderbilt University,TN,The Vanderbilt Hustler,https://vanderbilthustler.com,https://vanderbilthustler.com/staff/,,36.1447034,-86.8026551
Vanguard University,CA,The Vanguard Voice,https://vanguarduniversityvoice.com,https://www.facebook.com/vuvoice/,,33.6619319,-117.9017563
Vassar College,NY,The Miscellany News,https://miscellanynews.org,https://miscellanynews.org,,41.6851687,-73.8918897
Villanova University,PA,The Villanovan,https://villanovan.com,https://villanovan.com/staff/?schoolyear=2025,,40.0368926,-75.3425785
Vincennes University,IN,The Trailblazer,https://vutrailblazernews.com,https://vutrailblazernews.com/about/,,38.677269,-87.5286325
Virginia Commonwealth University,VA,The Commonwealth Times,https://commonwealthtimes.org,https://commonwealthtimes.org/about-us/the-ct-staff/,,37.5469205,-77.4541645
Virginia Polytechnic Institute,VA,Collegiate Times,https://www.collegiatetimes.com/,https://www.collegiatetimes.com/site/contact.html,,37.2283843,-80.4234167
Virginia State University,VA,The Virgina Statesman,https://thevirginiastatesman.com,https://thevirginiastatesman.com/about/,,37.238379,-77.419818
Virginia Wesleyan University,VA,The Marlin Chronicle,https://marlinchronicle.vwu.edu,https://marlinchronicle.vwu.edu/chronicle-staff/,,36.8674624,-76.1866644
Viterbo University,WI,Lumen,https://lumen.viterbo.edu/,https://lumen.viterbo.edu/staff/,,43.8021218,-91.2451143
Volunteer State Community College,TN,The Settler,http://thesettler.online,https://www.facebook.com/VolStateSettler/,,36.362364,-86.497263
Wabash College,IN,The Bachelor,https://bachelor.wabash.edu,https://bachelor.wabash.edu/about-us/,,40.0369332,-86.9066712
Wake Forest University,NC,Old Gold & Black,https://wfuogb.com,https://wfuogb.com/staff/,,36.1354887,-80.2792887
Warren Wilson College,NC,The Echo Newspaper,https://wwcecho.news,"https://wwcecho.news/staff, https://www.facebook.com/wwc.echo.news",,35.611126,-82.4422791
Wartburg College,IA,The Trumpet,https://knight-wire.com/category/the-trumpet-newspaper/,https://www.facebook.com/WartburgTrumpet/,,42.7287897,-92.4832333
Washburn University,KS,Washburn Review,https://washburnreview.org,https://washburnreview.org/staff/?schoolyear=Fall%202024,,39.0334683,-95.7018738
Washington and Lee University,VA,The Ring-tum Phi,https://ringtumphi.net,https://ringtumphi.net/about/,,37.7898776,-79.4458935
Washington College,MD,The Elm,https://blog.washcoll.edu/wordpress/theelm/,https://blog.washcoll.edu/wordpress/theelm/meet-the-press/,,36.2201053,-82.5715364
Washington State University,WA,The Daily Evergreen,https://dailyevergreen.com,https://dailyevergreen.com/contact-us/,,46.7288927,-117.1468351
Washington University in St. Louis,MO,Student Life,https://www.studlife.com,https://www.studlife.com/contact-us,,38.6487895,-90.3107962
Washtenaw Community College,MI,The Washtenaw Voice,https://www.washtenawvoice.com,https://www.washtenawvoice.com/meet-the-team,,42.2635478,-83.6655359
Wayne State College,NE,The Wayne Stater,https://thewaynestater.com,"https://thewaynestater.com/about/, https://thewaynestater.com/staff/, https://www.wsc.edu/directory-record/27029/viall-liz",,42.2399046,-97.0131156
Wayne State University,MI,The South End,https://www.thesouthend.wayne.edu,https://www.thesouthend.wayne.edu/staff/,,42.3591388,-83.0665462
Weber State University,UT,The Signpost,https://thesignpostwsu.com,https://thesignpostwsu.com/about-the-signpost/,,41.1913012,-111.9440467
Webster University,MO,The Journal,https://websterjournal.com,"https://websterjournal.com/the-staff/, https://www.facebook.com/websterjournal/, https://www.webster.edu/communications/about/faculty-staff.php#comm",,38.5893479,-90.3439695
Wellesley College,MA,The Wellesly News,https://thewellesleynews.com,https://thewellesleynews.com/staff/,,42.2935733,-71.3059277
Wesley College,DE,The Whetstone,https://whetstone.victorgreto.art,https://thewhetstone.wordpress.com/contact-us/,,39.163227,-75.527717
Wesleyan University,CT,The Wesleyan Argus,https://wesleyanargus.com,"https://wesleyanargus.com/staff/, https://www.facebook.com/wesleyanargus/",,41.5567587,-72.6568336
West Chester University of Pennsylvania,PA,The Quad,https://wcuquad.com,"https://wcuquad.com/staff/, https://www.facebook.com/wcuquad/",,39.9523671,-75.5981257
West Liberty University,WV,The Trumpet,https://thetrumpetwlu.org,https://thetrumpetwlu.org/staff/?schoolyear=2024-2025,,40.169794,-80.5936851
West Texas A&M University,TX,The Prairie News,https://theprairienews.com,https://theprairienews.com/contribute/,,34.9816909,-101.9160329
West Virginia University,WV,The Daily Athenaeum,https://www.thedaonline.com,https://www.thedaonline.com/contact_us/,,39.6480359,-79.9697147
Western Carolina University,NC,Western Carolinian,https://www.westerncarolinian.com,https://www.westerncarolinian.com/meet-our-staff/,,35.3090108,-83.1863612
Western Colorado University,CO,Top o' The World,https://topotheworld.org,"https://topotheworld.org/staff/, https://topotheworld.org/contact/, https://western.edu/people/julian-rubinstein/",,38.547862,-106.9179434
Western Connecticut State University,CT,The Echo of WestConn,https://wcsuecho.org,https://wcsuecho.org/contact/,,41.4004202,-73.4443811
Western Illinois University,IL,Western Courier,https://theproxyreport.com/western-courier/,https://www.wiu.edu/faculty_senate/committees/wiu_councils_committees/western-courier.php,,40.4705003,-90.6858559
Western Kentucky University,KY,College Heights Herald,https://wkuherald.com/,"https://wkuherald.com/contact-us/, https://www.wku.edu/studentpublications/staff/chuck_clark",,36.9847167,-86.456
Western Michigan University,MI,Western Herald,https://www.westernherald.com,https://www.westernherald.com/site/contact.html,,42.2831778,-85.6152186
Western New England University,MA,The Westerner,https://thewesternerwne.com,https://thewesternerwne.com/?page_id=8,,42.116076,-72.5198801
Western Oregon University,OR,The Western Howl,https://wou.edu/westernhowl/,https://drive.google.com/file/d/11xrPusJSjDFxqGwJrU2nIOI7Ox1nnm1J/view,,44.8538061,-123.2405476
Western Washington University,WA,The Front,https://www.thefrontonline.com,https://www.thefrontonline.com/page/about,,48.7342877,-122.4866102
Westfield State University,MA,The Westfield Voice,https://wsuvoice.com,https://wsuvoice.com/contact-us/,,42.1314735,-72.7944544
Westminster College,MO,The Columns,https://westminstercolumns.wordpress.com,https://westminstercolumns.wordpress.com/about/,,41.119859,-80.332286
Westminster College,PA,The Forum,https://www.wuforummedia.com/l,https://www.wuforummedia.com/author/kayla-dixon/,,41.119859,-80.332286
Westmont College,CA,The Horizon,https://horizon.westmont.edu,https://horizon.westmont.edu/contact-us/,,34.4477755,-119.6617118
Whatcom Community College,WA,Horizon,https://www.whatcomhorizon.com/,https://www.whatcomhorizon.com/about/,,48.7956436,-122.4927896
Wheaton College,IL,The Wheaton Record,https://thewheatonrecord.com,https://thewheatonrecord.com/about/,,41.8695424,-88.0969325
Whitman College,WA,Whitman Wire,https://whitmanwire.com,https://whitmanwire.com/contact-us/,,46.0708191,-118.3295895
Whittier College,CA,The Quaker Campus,"https://medium.com/the-quaker-campus/latest, https://thequakercampus.org",https://www.whittier.edu/ose/media,,33.9780911,-118.029587
Whitworth University,WA,The Whitworthian,https://thewhitworthian.news,https://thewhitworthian.news/editorial-staff/,,47.7548728,-117.4178623
Wichita State University,KS,The Sunflower,https://thesunflower.com,"https://thesunflower.com/staff/, https://thesunflower.com/contact-us/",,37.7190782,-97.291526
Wilkes University,PA,The Beacon,https://www.thewilkesbeacon.com,https://www.thewilkesbeacon.com/about/,,41.2449585,-75.8883633
Willamette University,OR,The Collegian,https://www.willamettecollegian.com,https://www.willamettecollegian.com/meet-the-staff,,44.9352335,-123.0307101
William & Mary,VA,Flat Hat News,https://flathatnews.com,https://flathatnews.com/meet-our-staff-2025/,,37.2709753,-76.7162467
William Jewell College,MO,The Hilltop Monitor,https://hilltopmonitor.jewell.edu,"https://hilltopmonitor.jewell.edu/meet-the-team/, https://www.jewell.edu/faculty/robert-wells",,39.2480581,-94.4115465
William Paterson University,NJ,The Beacon,https://wpubeacon.com ,"https://wpubeacon.com/staff/, https://wpconnect.wpunj.edu/directories/faculty/default.cfm?user=hirshonn",,40.9476318,-74.1967795
William Peace University,NC,The Peace Times,https://peacetimesmedia.com,https://peacetimesmedia.com/about-us/,,35.789481,-78.637391
William Penn University,IA,The Statesmen Status,https://statesmenstatus.wordpress.com,https://www.facebook.com/@penndc/,,41.3087995,-92.647186
Williams College,MA,The Williams Record,https://williamsrecord.com,https://williamsrecord.com/contact/,,42.7128843,-73.2031395
Wilmington College,OH,The Witness,https://www.wcwitness.com,https://www.facebook.com/wcwitness,,39.4447895,-83.8181626
Wilson College,PA,The Billboard,https://thewilsonbillboard.com  ,https://thewilsonbillboard.com/contact/ ,,39.9497297,-77.6495643
Winona State University,MN,The Winonan,https://winonan.org,https://winonan.org/contact_us/,,44.0473997,-91.6432837
Winthrop University,SC,The Johnsonian,https://mytjnow.com,"https://mytjnow.com/about-us/, https://www.facebook.com/thejohnsonian",,34.9394013,-81.031997
Wittenberg University,OH,The Wittenberg Torch,https://www.wittenbergtorch.com,https://www.facebook.com/thewittenbergtorch/,,39.9350689,-83.8139097
Wofford College,SC,The Old Gold & Black,https://woffordogb.com,"https://woffordogb.com/about-3/, https://woffordogb.com/staff/?schoolyear=2024-2025",,34.9590202,-81.9351358
Worcester Polytechnic Institute,MA,Tech News,https://wpitechnews.com  ,https://www.wpi.edu/about/the-wpi-press/meet-the-team#:~:text=Rob%20Krueger%2C%20Editor%20in%20Chief,,42.2740527,-71.8080033
Wright State University,OH,The Wright State Guardian,https://www.wsuguardian.com,https://www.wsuguardian.com/page/contact,,39.7798542,-84.0651078
Xavier University of Louisiana,LA,The Xavier Herald,https://xavierherald.com,https://xavierherald.com/staff/,,29.9632276,-90.1061626
Yale University,CT,Yale Daily News,https://yaledailynews.com/,https://yaledailynews.com/about-us/,,41.3163244,-72.9223431
Youngstown State University,OH,The Jambar,https://thejambar.com,https://thejambar.com/apply-to-the-jambar/,,41.1066413,-80.6480952
University of Wisconsin-Madison,WI,The Daily Cardinal,https://dailycardinal.com,,Backfilled 2026-09-14 from feed/OPML attribution already in this repo. Contact fields intentionally blank -- not researched.,43.0755143,-89.4154526
University of Maryland,MD,The Diamondback,https://dbknews.com,,Backfilled 2026-09-14 from feed/OPML attribution already in this repo. Contact fields intentionally blank -- not researched.,39.2892118,-76.6236815
Denison University,OH,The Reporting Project,https://thereportingproject.org,,Backfilled 2026-09-14 from feed/OPML attribution already in this repo. Contact fields intentionally blank -- not researched.,40.0735236,-82.5227273
University of Oklahoma,OK,The Oklahoma Daily,https://oudaily.com,,Backfilled 2026-09-14 from feed/OPML attribution already in this repo. Contact fields intentionally blank -- not researched.,35.1987162,-97.4448963
University of New Mexico,NM,New Mexico News Port,https://newmexiconewsport.com,,Backfilled 2026-09-14 from feed/OPML attribution already in this repo. Contact fields intentionally blank -- not researched.,35.08343,-106.61975
Salt Lake Community College,UT,Amplify Utah - The Story Room,https://amplifyutah.org,,Backfilled 2026-09-14 from feed/OPML attribution already in this repo. Contact fields intentionally blank -- not researched.,40.672139,-111.9427925
Bethel University,MN,The Clarion,https://thebuclarion.com,,Backfilled 2026-09-14 from feed/OPML attribution already in this repo. Contact fields intentionally blank -- not researched.,45.0582445,-93.1621869
Western Carolina University,NC,The Western Carolina Journalist,https://thewesterncarolinajournalist.com,,Backfilled 2026-09-14 from feed/OPML attribution already in this repo. Contact fields intentionally blank -- not researched.,35.3090108,-83.1863612
Kent State University,OH,NewsLab,https://newslab.org,,Backfilled 2026-09-14 from feed/OPML attribution already in this repo. Contact fields intentionally blank -- not researched.,41.14825,-81.34849
University of Idaho,,Blot,https://blotmagazine.com,,Backfilled 2026-09-14 from feed/OPML attribution already in this repo. Contact fields intentionally blank -- not researched.,,
University of Illinois Urbana-Champaign,IL,CU Citizen Access,https://cu-citizenaccess.org,,Backfilled 2026-09-14 from feed/OPML attribution already in this repo. Contact fields intentionally blank -- not researched.,40.0985023,-88.2290783
University of California Berkeley,CA,Richmond Confidential,https://richmondconfidential.org,,Backfilled 2026-09-14 from feed/OPML attribution already in this repo. Contact fields intentionally blank -- not researched.,37.86948,-122.25929
Arkansas State University,AR,Delta News Service,https://deltanewsservice.com,,Backfilled 2026-09-14 from feed/OPML attribution already in this repo. Contact fields intentionally blank -- not researched.,35.8428473,-90.6770179
Lehman College,NY,The Bronx Journal,https://thebronxjournal.com,,Backfilled 2026-09-14 from feed/OPML attribution already in this repo. Contact fields intentionally blank -- not researched.,40.8728933,-73.8945076
Boston University,MA,BU News Service,https://bunewsservice.com,,Backfilled 2026-09-14 from feed/OPML attribution already in this repo. Contact fields intentionally blank -- not researched.,42.3504997,-71.1053991
Abilene Christian University,TX,West Texas Tribune,https://westtexastribune.org,,Backfilled 2026-09-14 from feed/OPML attribution already in this repo. Contact fields intentionally blank -- not researched.,32.47028678,-99.70737194
Fairfield University,CT,The Fairfield Mirror,https://fairfieldmirror.com,,Backfilled 2026-09-14 from feed/OPML attribution already in this repo. Contact fields intentionally blank -- not researched.,41.1598949,-73.2575513
Adelphi University,NY,The Delphian,https://thedelphian.com,,Backfilled 2026-09-14 from feed/OPML attribution already in this repo. Contact fields intentionally blank -- not researched.,40.7200034,-73.6521126
University of San Diego,CA,The USD Vista,https://theusdvista.com,,Backfilled 2026-09-14 from feed/OPML attribution already in this repo. Contact fields intentionally blank -- not researched.,32.8577324,-117.2054294
University of Minnesota - Duluth,MN,LakeVoice,https://lakevoicenews.org,,Backfilled 2026-09-14 from feed/OPML attribution already in this repo. Contact fields intentionally blank -- not researched.,46.8195917,-92.0831108
Community College of Baltimore County,MD,CCBC Connection,https://ccbcconnection.com,,Backfilled 2026-09-14 from feed/OPML attribution already in this repo. Contact fields intentionally blank -- not researched.,39.4881748,-76.6564808
Temple University,PA,Philadelphia Neighborhoods,https://philadelphianeighborhoods.com,,Backfilled 2026-09-14 from feed/OPML attribution already in this repo. Contact fields intentionally blank -- not researched.,39.9811911,-75.1553563
Columbia College Chicago,IL,ChicagoTalks,https://chicagotalks.colum.edu,,Backfilled 2026-09-14 from feed/OPML attribution already in this repo. Contact fields intentionally blank -- not researched.,41.8742327,-87.6248338
Virginia Wesleyan University,VA,The Marlin Chronicle,https://marlinchronicle.batten.edu,,Backfilled 2026-09-14 from feed/OPML attribution already in this repo. Contact fields intentionally blank -- not researched.,36.8674624,-76.1866644
Fresno State University,CA,Flourishing Fresno,https://flourishingfresno.com,,Backfilled 2026-09-14 from feed/OPML attribution already in this repo. Contact fields intentionally blank -- not researched.,36.8136777,-119.7461767
New York University,NY,Cooper Squared,https://coopersquared.com,,Backfilled 2026-09-14 from feed/OPML attribution already in this repo. Contact fields intentionally blank -- not researched.,40.88981955,-74.0145012
Oregon State University,OR,Orange Media Network,https://orangemedianetwork.com,,Backfilled 2026-09-14 from feed/OPML attribution already in this repo. Contact fields intentionally blank -- not researched.,44.5618097,-123.2822671
Emmanuel College,MA,Emmanuel College The Hub,https://ecthehub.org,,Backfilled 2026-09-14 from feed/OPML attribution already in this repo. Contact fields intentionally blank -- not researched.,42.340944,-71.102685
St. Mary's College of Maryland,MD,The Point News,https://smcmpointnews.wordpress.com,,Backfilled 2026-09-14 from feed/OPML attribution already in this repo. Contact fields intentionally blank -- not researched.,38.1885119,-76.426275
